-- MySQL dump 10.13  Distrib 5.6.28, for debian-linux-gnu (x86_64)
--
-- Host: localhost    Database: xiaojingdong
-- ------------------------------------------------------
-- Server version	5.6.28-1

/*!40101 SET @OLD_CHARACTER_SET_CLIENT=@@CHARACTER_SET_CLIENT */;
/*!40101 SET @OLD_CHARACTER_SET_RESULTS=@@CHARACTER_SET_RESULTS */;
/*!40101 SET @OLD_COLLATION_CONNECTION=@@COLLATION_CONNECTION */;
/*!40101 SET NAMES utf8 */;
/*!40103 SET @OLD_TIME_ZONE=@@TIME_ZONE */;
/*!40103 SET TIME_ZONE='+00:00' */;
/*!40014 SET @OLD_UNIQUE_CHECKS=@@UNIQUE_CHECKS, UNIQUE_CHECKS=0 */;
/*!40014 SET @OLD_FOREIGN_KEY_CHECKS=@@FOREIGN_KEY_CHECKS, FOREIGN_KEY_CHECKS=0 */;
/*!40101 SET @OLD_SQL_MODE=@@SQL_MODE, SQL_MODE='NO_AUTO_VALUE_ON_ZERO' */;
/*!40111 SET @OLD_SQL_NOTES=@@SQL_NOTES, SQL_NOTES=0 */;

--
-- Table structure for table `ecs_account_log`
--

DROP TABLE IF EXISTS `ecs_account_log`;
/*!40101 SET @saved_cs_client     = @@character_set_client */;
/*!40101 SET character_set_client = utf8 */;
CREATE TABLE `ecs_account_log` (
  `log_id` mediumint(8) unsigned NOT NULL AUTO_INCREMENT,
  `user_id` mediumint(8) unsigned NOT NULL,
  `user_money` decimal(10,2) NOT NULL,
  `frozen_money` decimal(10,2) NOT NULL,
  `rank_points` mediumint(9) NOT NULL,
  `pay_points` mediumint(9) NOT NULL,
  `change_time` int(10) unsigned NOT NULL,
  `change_desc` varchar(255) NOT NULL,
  `change_type` tinyint(3) unsigned NOT NULL,
  PRIMARY KEY (`log_id`),
  KEY `user_id` (`user_id`)
) ENGINE=MyISAM AUTO_INCREMENT=28 DEFAULT CHARSET=utf8;
/*!40101 SET character_set_client = @saved_cs_client */;

--
-- Dumping data for table `ecs_account_log`
--

LOCK TABLES `ecs_account_log` WRITE;
/*!40000 ALTER TABLE `ecs_account_log` DISABLE KEYS */;
INSERT INTO `ecs_account_log` VALUES (1,0,0.00,0.00,100,100,1437431243,'注册送积分',99),(2,1,100000.00,0.00,0,0,1437431272,'10000',2),(3,1,0.00,100.00,0,0,1437431418,'zceshi',2),(4,2,0.00,0.00,100,100,1437497947,'注册送积分',99),(5,3,0.00,0.00,100,100,1437500502,'注册送积分',99),(6,4,0.00,0.00,100,100,1437501016,'注册送积分',99),(7,5,0.00,0.00,100,100,1437502268,'注册送积分',99),(8,6,0.00,0.00,100,100,1437503705,'注册送积分',99),(9,7,0.00,0.00,100,100,1437518661,'注册送积分',99),(10,8,0.00,0.00,100,100,1437525999,'注册送积分',99),(11,1,-10.00,10.00,0,0,1437588105,'冻结拍卖活动的保证金：海尔HGS-2164手持蒸汽挂烫机家用挂式电熨斗熨烫机正品全国联保',99),(12,0,0.00,0.00,100,100,1443585081,'注册送积分',99),(13,9,9999990.00,0.00,0,0,1443863566,'99999999',2),(14,9,-2098.00,0.00,0,0,1443863644,'支付订单 2015100491783',99),(15,9,2098.00,0.00,0,0,1443916509,'由于取消、无效或退货操作，退回支付订单 2015100491783 时使用的预付款',99),(16,0,5.00,-5.00,0,0,1461389404,'解冻拍卖活动的保证金：雅诚德Arst餐具套装56头套装中式碗碟套装陶瓷碗碟套装釉上彩',99),(17,9,-200.00,200.00,0,0,1461390953,'冻结拍卖活动的保证金：朵唯 懂小姐美颜自拍女性机 (C9) 薄荷绿 移动4G手机',99),(18,9,-20.00,20.00,0,0,1461605822,'冻结拍卖活动的保证金：奇居良品 欧式家居装饰摆件 可莉尔裂纹贴花陶瓷水果盘',99),(19,10,0.00,0.00,100,100,1461869518,'注册送积分',99),(20,10,20.00,0.00,0,0,1461879132,'\'\'\'',2),(21,9,20.00,-20.00,0,0,1461879136,'解冻拍卖活动的保证金：奇居良品 欧式家居装饰摆件 可莉尔裂纹贴花陶瓷水果盘',99),(22,10,-20.00,20.00,0,0,1461879136,'冻结拍卖活动的保证金：奇居良品 欧式家居装饰摆件 可莉尔裂纹贴花陶瓷水果盘',99),(23,10,20.00,-20.00,0,0,1461891333,'解冻拍卖活动的保证金：奇居良品 欧式家居装饰摆件 可莉尔裂纹贴花陶瓷水果盘',99),(24,9,-20.00,20.00,0,0,1461891333,'冻结拍卖活动的保证金：奇居良品 欧式家居装饰摆件 可莉尔裂纹贴花陶瓷水果盘',99),(25,9,20.00,-20.00,0,0,1461900077,'解冻拍卖活动的保证金：奇居良品 欧式家居装饰摆件 可莉尔裂纹贴花陶瓷水果盘',99),(26,10,-20.00,20.00,0,0,1461900077,'冻结拍卖活动的保证金：奇居良品 欧式家居装饰摆件 可莉尔裂纹贴花陶瓷水果盘',99),(27,11,0.00,0.00,100,100,1461986698,'注册送积分',99);
/*!40000 ALTER TABLE `ecs_account_log` ENABLE KEYS */;
UNLOCK TABLES;

--
-- Table structure for table `ecs_ad`
--

DROP TABLE IF EXISTS `ecs_ad`;
/*!40101 SET @saved_cs_client     = @@character_set_client */;
/*!40101 SET character_set_client = utf8 */;
CREATE TABLE `ecs_ad` (
  `ad_id` smallint(5) unsigned NOT NULL AUTO_INCREMENT,
  `position_id` smallint(5) unsigned NOT NULL DEFAULT '0',
  `media_type` tinyint(3) unsigned NOT NULL DEFAULT '0',
  `ad_name` varchar(60) NOT NULL DEFAULT '',
  `ad_link` varchar(255) NOT NULL DEFAULT '',
  `ad_code` text NOT NULL,
  `start_time` int(11) NOT NULL DEFAULT '0',
  `end_time` int(11) NOT NULL DEFAULT '0',
  `link_man` varchar(60) NOT NULL DEFAULT '',
  `link_email` varchar(60) NOT NULL DEFAULT '',
  `link_phone` varchar(60) NOT NULL DEFAULT '',
  `click_count` mediumint(8) unsigned NOT NULL DEFAULT '0',
  `enabled` tinyint(3) unsigned NOT NULL DEFAULT '1',
  PRIMARY KEY (`ad_id`),
  KEY `position_id` (`position_id`),
  KEY `enabled` (`enabled`)
) ENGINE=MyISAM AUTO_INCREMENT=65 DEFAULT CHARSET=utf8;
/*!40101 SET character_set_client = @saved_cs_client */;

--
-- Dumping data for table `ecs_ad`
--

LOCK TABLES `ecs_ad` WRITE;
/*!40000 ALTER TABLE `ecs_ad` DISABLE KEYS */;
INSERT INTO `ecs_ad` VALUES (1,1,4,'首页广告1','','1461567878931220056.jpg',1435651200,1603785600,'','','',8,1),(7,7,0,'首页-店铺-右侧广告','','1437443987264556143.jpg',1435651200,1476864000,'','','',0,1),(11,11,0,'首页-分类ID1-左侧图片','','1437498557902889630.jpg',1435651200,1505894400,'','','',1,1),(12,12,0,'首页-分类ID2-左侧图片','','1437498339486690622.jpg',1435651200,1476950400,'','','',0,1),(13,13,0,'首页-分类ID3-左侧图片','','1437498376873749155.jpg',1435651200,1476950400,'','','',0,1),(14,14,0,'首页-分类ID4-左侧图片','','1437498403240204298.jpg',1435651200,1476950400,'','','',0,1),(15,15,0,'首页-分类ID5-左侧图片','','1437498451453717980.jpg',1435651200,1476950400,'','','',0,1),(16,16,0,'首页-分类ID6-左侧图片','','1437498475161350896.jpg',1435651200,1476950400,'','','',0,1),(19,19,0,'首页-分类ID1右侧广告1','','1437498774407314769.jpg',1435651200,1476950400,'','','',0,1),(20,20,0,'首页-分类ID1右侧广告2','','1437498791542281098.jpg',1435651200,1476950400,'','','',0,1),(21,21,0,'首页-分类ID2右侧广告1','','1437498928420613316.jpg',1435651200,1476950400,'','','',0,1),(22,22,0,'首页-分类ID2右侧广告2','','1437498984255336373.jpg',1435651200,1476950400,'','','',0,1),(23,23,0,'首页-分类ID3右侧广告1','','1437499098183223299.jpg',1435651200,1476950400,'','','',0,1),(24,24,0,'首页-分类ID3右侧广告2','','1437499126023834343.jpg',1435651200,1476950400,'','','',0,1),(25,25,0,'首页-分类ID4右侧广告1','','1437499176310430695.jpg',1435651200,1476950400,'','','',0,1),(26,26,0,'首页-分类ID4右侧广告2','','1437499198350755312.jpg',1435651200,1476950400,'','','',0,1),(27,27,0,'首页-分类ID5右侧广告1','','1437499305845389054.jpg',1435651200,1476950400,'','','',0,1),(28,28,0,'首页-分类ID5右侧广告2','','1437499387466571785.jpg',1435651200,1476950400,'','','',0,1),(29,29,0,'首页-分类ID6右侧广告1','','1437499475823186224.jpg',1435651200,1476950400,'','','',0,1),(35,35,0,'首页-分类ID1通栏广告','','1437500451024703742.jpg',1435651200,1476950400,'','','',2,1),(36,36,0,'首页-分类ID4通栏广告','','1437500501794038732.jpg',1435651200,1476950400,'','','',2,1),(38,38,0,'频道页-分类ID1-图片1','','1437584516643169695.jpg',1435651200,1477036800,'','','',1,1),(39,39,0,'频道页-分类ID1-图片2','','1437584779944154716.jpg',1435651200,1477036800,'','','',1,1),(40,40,0,'频道页-分类ID1-图片3','','1437584814283655281.jpg',1435651200,1477036800,'','','',1,1),(41,41,0,'频道页-分类ID2-图片1','','1437586917638435203.jpg',1435651200,1477036800,'','','',1,1),(42,42,0,'频道页-分类ID2-图片2','','1437587341931566910.jpg',1435651200,1477036800,'','','',0,1),(43,43,0,'频道页-分类ID2-图片3-1','','1437587416620218714.jpg',1435651200,1477036800,'','','',0,1),(44,43,0,'频道页-分类ID2-图片3-2','','1437587434007231369.jpg',1435651200,1477036800,'','','',0,1),(45,43,0,'频道页-分类ID2-图片3-3','','1437587451977920522.jpg',1435651200,1477036800,'','','',0,1),(46,43,0,'频道页-分类ID2-图片3-4','','1437587464965488644.jpg',1435651200,1477036800,'','','',1,1),(47,43,0,'频道页-分类ID2-图片3-5','','1437587487479959687.jpg',1435651200,1477036800,'','','',0,1),(48,43,0,'频道页-分类ID2-图片3-6','','1437587523208947162.jpg',1435651200,1477036800,'','','',0,1),(49,44,0,'积分商城banner广告1','','1437589745077253266.jpg',1437552000,1597996800,'','','',0,1),(50,45,0,'积分商城banner广告2','','1437589866930988718.jpg',1437552000,1566374400,'','','',0,1),(51,46,0,'积分商城banner广告3','','1437589886385874800.jpg',1437552000,1566374400,'','','',0,1),(52,47,0,'积分商城banner广告4','','1437589904563695475.jpg',1437552000,1566374400,'','','',0,1),(53,49,0,'积分商城通栏广告','','1437590460468432807.jpg',1437552000,1597996800,'','','',0,1),(54,48,0,'频道页面-小分类ID55-广告','','1437591187278384298.jpg',1437552000,1440144000,'','','',0,1),(55,50,0,'频道页面-小分类ID57-广告','','1437591331330793568.jpg',1435651200,1477036800,'','','',0,1),(56,51,0,'拍卖列表banner广告1','','1437591936766548819.jpg',1437552000,1597996800,'','','',2,1),(57,52,0,'拍卖列表banner广告2','','1437591968113037089.jpg',1437552000,1566374400,'','','',0,1),(58,53,0,'拍卖列表banner广告3','','1437592138548361031.jpg',1437552000,1566374400,'','','',2,1),(59,54,0,'拍卖列表banner广告4','','1437592268836563576.jpg',1437552000,1566374400,'','','',1,1),(60,55,0,'频道页面-小分类ID56-广告','','1437592348952430337.jpg',1435651200,1477036800,'','','',1,1),(61,58,0,'第一个','','1461886881684845965.JPG',1461427200,1588780800,'','','',1,1),(62,1,4,'首页广告2','','1461567905500426803.jpg',1461484800,1620028800,'','','',0,1),(63,1,4,'首页广告3','','1461567934064776614.jpg',1461484800,1588752000,'','','',0,1),(64,1,0,'adfasdf','','1462501792038070298.jpg',1462464000,1465056000,'','','',0,1);
/*!40000 ALTER TABLE `ecs_ad` ENABLE KEYS */;
UNLOCK TABLES;

--
-- Table structure for table `ecs_ad_custom`
--

DROP TABLE IF EXISTS `ecs_ad_custom`;
/*!40101 SET @saved_cs_client     = @@character_set_client */;
/*!40101 SET character_set_client = utf8 */;
CREATE TABLE `ecs_ad_custom` (
  `ad_id` mediumint(8) unsigned NOT NULL AUTO_INCREMENT,
  `ad_type` tinyint(1) unsigned NOT NULL DEFAULT '1',
  `ad_name` varchar(60) DEFAULT NULL,
  `add_time` int(10) unsigned NOT NULL DEFAULT '0',
  `content` mediumtext,
  `url` varchar(255) DEFAULT NULL,
  `ad_status` tinyint(3) unsigned NOT NULL DEFAULT '0',
  PRIMARY KEY (`ad_id`)
) ENGINE=MyISAM DEFAULT CHARSET=utf8;
/*!40101 SET character_set_client = @saved_cs_client */;

--
-- Dumping data for table `ecs_ad_custom`
--

LOCK TABLES `ecs_ad_custom` WRITE;
/*!40000 ALTER TABLE `ecs_ad_custom` DISABLE KEYS */;
/*!40000 ALTER TABLE `ecs_ad_custom` ENABLE KEYS */;
UNLOCK TABLES;

--
-- Table structure for table `ecs_ad_position`
--

DROP TABLE IF EXISTS `ecs_ad_position`;
/*!40101 SET @saved_cs_client     = @@character_set_client */;
/*!40101 SET character_set_client = utf8 */;
CREATE TABLE `ecs_ad_position` (
  `position_id` tinyint(3) unsigned NOT NULL AUTO_INCREMENT,
  `position_name` varchar(60) NOT NULL DEFAULT '',
  `ad_width` smallint(5) unsigned NOT NULL DEFAULT '0',
  `ad_height` smallint(5) unsigned NOT NULL DEFAULT '0',
  `position_desc` varchar(255) NOT NULL DEFAULT '',
  `position_style` text NOT NULL,
  PRIMARY KEY (`position_id`)
) ENGINE=MyISAM AUTO_INCREMENT=59 DEFAULT CHARSET=utf8;
/*!40101 SET character_set_client = @saved_cs_client */;

--
-- Dumping data for table `ecs_ad_position`
--

LOCK TABLES `ecs_ad_position` WRITE;
/*!40000 ALTER TABLE `ecs_ad_position` DISABLE KEYS */;
INSERT INTO `ecs_ad_position` VALUES (1,'首页全屏幻灯片',1920,368,'','<div class=\"b-img\">\r\n{foreach from=$ads item=ad}\r\n{$ad}\r\n{/foreach}\r\n</div>\r\n<div class=\"b-list\"></div>\r\n<a class=\"bar-left\"><em></em></a><a class=\"bar-right\" ><em></em></a>'),(2,'首页专题广告2',242,348,'','<table cellpadding=\"0\" cellspacing=\"0\">\r\n{foreach from=$ads item=ad}\r\n<tr><td>{$ad}</td></tr>\r\n{/foreach}\r\n</table>'),(3,'首页专题广告3',242,348,'','<table cellpadding=\"0\" cellspacing=\"0\">\r\n{foreach from=$ads item=ad}\r\n<tr><td>{$ad}</td></tr>\r\n{/foreach}\r\n</table>'),(4,'首页专题广告4',242,348,'','<table cellpadding=\"0\" cellspacing=\"0\">\r\n{foreach from=$ads item=ad}\r\n<tr><td>{$ad}</td></tr>\r\n{/foreach}\r\n</table>'),(5,'首页专题广告5',242,348,'','<table cellpadding=\"0\" cellspacing=\"0\">\r\n{foreach from=$ads item=ad}\r\n<tr><td>{$ad}</td></tr>\r\n{/foreach}\r\n</table>'),(6,'首页-店铺-左侧广告',212,326,'','<table cellpadding=\"0\" cellspacing=\"0\">\r\n{foreach from=$ads item=ad}\r\n<tr><td>{$ad}</td></tr>\r\n{/foreach}\r\n</table>'),(7,'首页-店铺-右侧广告',212,326,'','<table cellpadding=\"0\" cellspacing=\"0\">\r\n{foreach from=$ads item=ad}\r\n<tr><td>{$ad}</td></tr>\r\n{/foreach}\r\n</table>'),(8,'首页幻灯片-小图下1',250,172,'','<table cellpadding=\"0\" cellspacing=\"0\">\r\n{foreach from=$ads item=ad}\r\n<tr><td>{$ad}</td></tr>\r\n{/foreach}\r\n</table>'),(9,'首页幻灯片-小图下2',250,172,'','<table cellpadding=\"0\" cellspacing=\"0\">\r\n{foreach from=$ads item=ad}\r\n<tr><td>{$ad}</td></tr>\r\n{/foreach}\r\n</table>'),(10,'首页幻灯片-小图下3',250,172,'','<table cellpadding=\"0\" cellspacing=\"0\">\r\n{foreach from=$ads item=ad}\r\n<tr><td>{$ad}</td></tr>\r\n{/foreach}\r\n</table>'),(11,'首页-分类ID1-左侧图片',240,296,'','<table cellpadding=\"0\" cellspacing=\"0\">\r\n{foreach from=$ads item=ad}\r\n<tr><td>{$ad}</td></tr>\r\n{/foreach}\r\n</table>'),(12,'首页-分类ID2-左侧图片',240,296,'','<table cellpadding=\"0\" cellspacing=\"0\">\r\n{foreach from=$ads item=ad}\r\n<tr><td>{$ad}</td></tr>\r\n{/foreach}\r\n</table>'),(13,'首页-分类ID3-左侧图片',240,296,'','<table cellpadding=\"0\" cellspacing=\"0\">\r\n{foreach from=$ads item=ad}\r\n<tr><td>{$ad}</td></tr>\r\n{/foreach}\r\n</table>'),(14,'首页-分类ID4-左侧图片',240,296,'','<table cellpadding=\"0\" cellspacing=\"0\">\r\n{foreach from=$ads item=ad}\r\n<tr><td>{$ad}</td></tr>\r\n{/foreach}\r\n</table>'),(15,'首页-分类ID5-左侧图片',240,296,'','<table cellpadding=\"0\" cellspacing=\"0\">\r\n{foreach from=$ads item=ad}\r\n<tr><td>{$ad}</td></tr>\r\n{/foreach}\r\n</table>'),(16,'首页-分类ID6-左侧图片',240,296,'','<table cellpadding=\"0\" cellspacing=\"0\">\r\n{foreach from=$ads item=ad}\r\n<tr><td>{$ad}</td></tr>\r\n{/foreach}\r\n</table>'),(17,'首页-分类ID7-左侧图片',240,296,'','<table cellpadding=\"0\" cellspacing=\"0\">\r\n{foreach from=$ads item=ad}\r\n<tr><td>{$ad}</td></tr>\r\n{/foreach}\r\n</table>'),(18,'首页-分类ID8-左侧图片',240,296,'','<table cellpadding=\"0\" cellspacing=\"0\">\r\n{foreach from=$ads item=ad}\r\n<tr><td>{$ad}</td></tr>\r\n{/foreach}\r\n</table>'),(19,'首页-分类ID1右侧广告1',150,280,'','<table cellpadding=\"0\" cellspacing=\"0\">\r\n{foreach from=$ads item=ad}\r\n<tr><td>{$ad}</td></tr>\r\n{/foreach}\r\n</table>'),(20,'首页-分类ID1右侧广告2',150,280,'','<table cellpadding=\"0\" cellspacing=\"0\">\r\n{foreach from=$ads item=ad}\r\n<tr><td>{$ad}</td></tr>\r\n{/foreach}\r\n</table>'),(21,'首页-分类ID2右侧广告1',150,280,'','<table cellpadding=\"0\" cellspacing=\"0\">\r\n{foreach from=$ads item=ad}\r\n<tr><td>{$ad}</td></tr>\r\n{/foreach}\r\n</table>'),(22,'首页-分类ID2右侧广告2',150,280,'','<table cellpadding=\"0\" cellspacing=\"0\">\r\n{foreach from=$ads item=ad}\r\n<tr><td>{$ad}</td></tr>\r\n{/foreach}\r\n</table>'),(23,'首页-分类ID3右侧广告1',150,280,'','<table cellpadding=\"0\" cellspacing=\"0\">\r\n{foreach from=$ads item=ad}\r\n<tr><td>{$ad}</td></tr>\r\n{/foreach}\r\n</table>'),(24,'首页-分类ID3右侧广告2',150,280,'','<table cellpadding=\"0\" cellspacing=\"0\">\r\n{foreach from=$ads item=ad}\r\n<tr><td>{$ad}</td></tr>\r\n{/foreach}\r\n</table>'),(25,'首页-分类ID4右侧广告1',150,280,'','<table cellpadding=\"0\" cellspacing=\"0\">\r\n{foreach from=$ads item=ad}\r\n<tr><td>{$ad}</td></tr>\r\n{/foreach}\r\n</table>'),(26,'首页-分类ID4右侧广告2',150,280,'','<table cellpadding=\"0\" cellspacing=\"0\">\r\n{foreach from=$ads item=ad}\r\n<tr><td>{$ad}</td></tr>\r\n{/foreach}\r\n</table>'),(27,'首页-分类ID5右侧广告1',150,280,'','<table cellpadding=\"0\" cellspacing=\"0\">\r\n{foreach from=$ads item=ad}\r\n<tr><td>{$ad}</td></tr>\r\n{/foreach}\r\n</table>'),(28,'首页-分类ID5右侧广告2',150,280,'','<table cellpadding=\"0\" cellspacing=\"0\">\r\n{foreach from=$ads item=ad}\r\n<tr><td>{$ad}</td></tr>\r\n{/foreach}\r\n</table>'),(29,'首页-分类ID6右侧广告1',150,280,'','<table cellpadding=\"0\" cellspacing=\"0\">\r\n{foreach from=$ads item=ad}\r\n<tr><td>{$ad}</td></tr>\r\n{/foreach}\r\n</table>'),(30,'首页-分类ID6右侧广告2',150,280,'','<table cellpadding=\"0\" cellspacing=\"0\">\r\n{foreach from=$ads item=ad}\r\n<tr><td>{$ad}</td></tr>\r\n{/foreach}\r\n</table>'),(31,'首页-分类ID7右侧广告1',150,280,'','<table cellpadding=\"0\" cellspacing=\"0\">\r\n{foreach from=$ads item=ad}\r\n<tr><td>{$ad}</td></tr>\r\n{/foreach}\r\n</table>'),(32,'首页-分类ID7右侧广告2',150,280,'','<table cellpadding=\"0\" cellspacing=\"0\">\r\n{foreach from=$ads item=ad}\r\n<tr><td>{$ad}</td></tr>\r\n{/foreach}\r\n</table>'),(33,'首页-分类ID8右侧广告1',150,280,'','<table cellpadding=\"0\" cellspacing=\"0\">\r\n{foreach from=$ads item=ad}\r\n<tr><td>{$ad}</td></tr>\r\n{/foreach}\r\n</table>'),(34,'首页-分类ID8右侧广告2',150,280,'','<table cellpadding=\"0\" cellspacing=\"0\">\r\n{foreach from=$ads item=ad}\r\n<tr><td>{$ad}</td></tr>\r\n{/foreach}\r\n</table>'),(35,'首页-分类ID1通栏广告',1210,100,'','<table cellpadding=\"0\" cellspacing=\"0\">\r\n{foreach from=$ads item=ad}\r\n<tr><td>{$ad}</td></tr>\r\n{/foreach}\r\n</table>'),(36,'首页-分类ID4通栏广告',1210,100,'','<table cellpadding=\"0\" cellspacing=\"0\">\r\n{foreach from=$ads item=ad}\r\n<tr><td>{$ad}</td></tr>\r\n{/foreach}\r\n</table>'),(37,'首页-分类ID8通栏广告',1210,100,'','<table cellpadding=\"0\" cellspacing=\"0\">\r\n{foreach from=$ads item=ad}\r\n<tr><td>{$ad}</td></tr>\r\n{/foreach}\r\n</table>'),(38,'频道页-分类ID1-图片1',510,187,'','<table cellpadding=\"0\" cellspacing=\"0\">\r\n{foreach from=$ads item=ad}\r\n<tr><td>{$ad}</td></tr>\r\n{/foreach}\r\n</table>'),(39,'频道页-分类ID1-图片2',340,187,'','<table cellpadding=\"0\" cellspacing=\"0\">\r\n{foreach from=$ads item=ad}\r\n<tr><td>{$ad}</td></tr>\r\n{/foreach}\r\n</table>'),(40,'频道页-分类ID1-图片3',340,187,'','<table cellpadding=\"0\" cellspacing=\"0\">\r\n{foreach from=$ads item=ad}\r\n<tr><td>{$ad}</td></tr>\r\n{/foreach}\r\n</table>'),(41,'频道页-分类ID2-图片1',248,484,'','<table cellpadding=\"0\" cellspacing=\"0\">\r\n{foreach from=$ads item=ad}\r\n<tr><td>{$ad}</td></tr>\r\n{/foreach}\r\n</table>'),(42,'频道页-分类ID2-图片2',248,484,'','<table cellpadding=\"0\" cellspacing=\"0\">\r\n{foreach from=$ads item=ad}\r\n<tr><td>{$ad}</td></tr>\r\n{/foreach}\r\n</table>'),(43,'频道页-分类ID2-图片3',247,241,'','<table cellpadding=\"0\" cellspacing=\"0\">\r\n{foreach from=$ads item=ad}\r\n<tr><td>{$ad}</td></tr>\r\n{/foreach}\r\n</table>'),(44,'积分商城banner广告1',910,320,'','<table cellpadding=\"0\" cellspacing=\"0\">\r\n{foreach from=$ads item=ad}\r\n<tr><td>{$ad}</td></tr>\r\n{/foreach}\r\n</table>'),(45,'积分商城banner广告2',910,320,'','<table cellpadding=\"0\" cellspacing=\"0\">\r\n{foreach from=$ads item=ad}\r\n<tr><td>{$ad}</td></tr>\r\n{/foreach}\r\n</table>'),(46,'积分商城banner广告3',910,320,'','<table cellpadding=\"0\" cellspacing=\"0\">\r\n{foreach from=$ads item=ad}\r\n<tr><td>{$ad}</td></tr>\r\n{/foreach}\r\n</table>'),(47,'积分商城banner广告4',910,320,'','<table cellpadding=\"0\" cellspacing=\"0\">\r\n{foreach from=$ads item=ad}\r\n<tr><td>{$ad}</td></tr>\r\n{/foreach}\r\n</table>'),(48,'频道页面-小分类ID55-广告',483,456,'','<table cellpadding=\"0\" cellspacing=\"0\">\r\n{foreach from=$ads item=ad}\r\n<tr><td>{$ad}</td></tr>\r\n{/foreach}\r\n</table>'),(49,'积分商城通栏广告',1210,60,'','<table cellpadding=\"0\" cellspacing=\"0\">\r\n{foreach from=$ads item=ad}\r\n<tr><td>{$ad}</td></tr>\r\n{/foreach}\r\n</table>'),(50,'频道页面-小分类ID57-广告',483,456,'','<table cellpadding=\"0\" cellspacing=\"0\">\r\n{foreach from=$ads item=ad}\r\n<tr><td>{$ad}</td></tr>\r\n{/foreach}\r\n</table>'),(51,'拍卖列表banner广告1',1210,360,'','<table cellpadding=\"0\" cellspacing=\"0\">\r\n{foreach from=$ads item=ad}\r\n<tr><td>{$ad}</td></tr>\r\n{/foreach}\r\n</table>'),(52,'拍卖列表banner广告2',1210,360,'','<table cellpadding=\"0\" cellspacing=\"0\">\r\n{foreach from=$ads item=ad}\r\n<tr><td>{$ad}</td></tr>\r\n{/foreach}\r\n</table>'),(53,'拍卖列表banner广告3',1210,360,'','<table cellpadding=\"0\" cellspacing=\"0\">\r\n{foreach from=$ads item=ad}\r\n<tr><td>{$ad}</td></tr>\r\n{/foreach}\r\n</table>'),(54,'拍卖列表banner广告4',1210,360,'','<table cellpadding=\"0\" cellspacing=\"0\">\r\n{foreach from=$ads item=ad}\r\n<tr><td>{$ad}</td></tr>\r\n{/foreach}\r\n</table>'),(55,'频道页面-小分类ID56-广告',483,456,'','<table cellpadding=\"0\" cellspacing=\"0\">\r\n{foreach from=$ads item=ad}\r\n<tr><td>{$ad}</td></tr>\r\n{/foreach}\r\n</table>'),(56,'商品详情页左侧广告1',210,260,'','<table cellpadding=\"0\" cellspacing=\"0\">\r\n{foreach from=$ads item=ad}\r\n<tr><td>{$ad}</td></tr>\r\n{/foreach}\r\n</table>'),(57,'商品详情页左侧广告2',210,260,'','<table cellpadding=\"0\" cellspacing=\"0\">\r\n{foreach from=$ads item=ad}\r\n<tr><td>{$ad}</td></tr>\r\n{/foreach}\r\n</table>'),(58,'顶部APP广告',1210,70,'','{foreach from=$ads item=ad}\r\n{$ad}\r\n{/foreach}\r\n');
/*!40000 ALTER TABLE `ecs_ad_position` ENABLE KEYS */;
UNLOCK TABLES;

--
-- Table structure for table `ecs_admin_action`
--

DROP TABLE IF EXISTS `ecs_admin_action`;
/*!40101 SET @saved_cs_client     = @@character_set_client */;
/*!40101 SET character_set_client = utf8 */;
CREATE TABLE `ecs_admin_action` (
  `action_id` tinyint(3) unsigned NOT NULL AUTO_INCREMENT,
  `parent_id` tinyint(3) unsigned NOT NULL DEFAULT '0',
  `action_code` varchar(20) NOT NULL DEFAULT '',
  `relevance` varchar(20) NOT NULL DEFAULT '',
  PRIMARY KEY (`action_id`),
  KEY `parent_id` (`parent_id`)
) ENGINE=MyISAM AUTO_INCREMENT=222 DEFAULT CHARSET=utf8;
/*!40101 SET character_set_client = @saved_cs_client */;

--
-- Dumping data for table `ecs_admin_action`
--

LOCK TABLES `ecs_admin_action` WRITE;
/*!40000 ALTER TABLE `ecs_admin_action` DISABLE KEYS */;
INSERT INTO `ecs_admin_action` VALUES (1,0,'goods',''),(2,0,'cms_manage',''),(3,0,'users_manage',''),(4,0,'priv_manage',''),(5,0,'sys_manage',''),(6,0,'order_manage',''),(7,0,'promotion',''),(8,0,'email',''),(9,0,'templates_manage',''),(10,0,'db_manage',''),(11,0,'sms_manage',''),(21,1,'goods_manage',''),(22,1,'remove_back',''),(23,1,'cat_manage',''),(24,1,'cat_drop','cat_manage'),(25,1,'attr_manage',''),(26,1,'brand_manage',''),(27,1,'comment_priv',''),(84,1,'tag_manage',''),(30,2,'article_cat',''),(31,2,'article_manage',''),(32,2,'shopinfo_manage',''),(33,2,'shophelp_manage',''),(34,2,'vote_priv',''),(35,7,'topic_manage',''),(74,4,'template_manage',''),(73,3,'feedback_priv',''),(38,3,'integrate_users',''),(39,3,'sync_users','integrate_users'),(40,3,'users_manage',''),(41,3,'users_drop','users_manage'),(42,3,'user_rank',''),(85,3,'surplus_manage','account_manage'),(43,4,'admin_manage',''),(44,4,'admin_drop','admin_manage'),(45,4,'allot_priv','admin_manage'),(46,4,'logs_manage',''),(47,4,'logs_drop','logs_manage'),(48,5,'shop_config',''),(49,5,'ship_manage',''),(50,5,'payment',''),(51,5,'shiparea_manage',''),(52,5,'area_manage',''),(53,6,'order_os_edit',''),(54,6,'order_ps_edit','order_os_edit'),(55,6,'order_ss_edit','order_os_edit'),(56,6,'order_edit','order_os_edit'),(57,6,'order_view',''),(58,6,'order_view_finished',''),(59,6,'repay_manage',''),(60,6,'booking',''),(61,6,'sale_order_stats',''),(62,6,'client_flow_stats',''),(78,7,'snatch_manage',''),(83,7,'ad_manage',''),(80,7,'gift_manage',''),(81,7,'card_manage',''),(70,1,'goods_type',''),(82,7,'pack',''),(79,7,'bonus_manage',''),(75,5,'friendlink',''),(76,5,'db_backup',''),(77,5,'db_renew','db_backup'),(86,4,'agency_manage',''),(87,3,'account_manage',''),(88,5,'flash_manage',''),(89,5,'navigator',''),(90,7,'auction',''),(91,7,'group_by',''),(92,7,'favourable',''),(93,7,'whole_sale',''),(94,1,'goods_auto',''),(95,2,'article_auto',''),(96,5,'cron',''),(97,5,'affiliate',''),(98,5,'affiliate_ck',''),(99,8,'attention_list',''),(100,8,'email_list',''),(101,8,'magazine_list',''),(102,8,'view_sendlist',''),(103,1,'virualcard',''),(104,7,'package_manage',''),(105,1,'picture_batch',''),(106,1,'goods_export',''),(107,1,'goods_batch',''),(108,1,'gen_goods_script',''),(109,5,'sitemap',''),(110,5,'file_priv',''),(111,5,'file_check',''),(112,9,'template_select',''),(113,9,'template_setup',''),(114,9,'library_manage',''),(115,9,'lang_edit',''),(116,9,'backup_setting',''),(117,9,'mail_template',''),(118,10,'db_backup',''),(119,10,'db_renew',''),(120,10,'db_optimize',''),(121,10,'sql_query',''),(122,10,'convert',''),(124,11,'sms_send',''),(128,7,'exchange_goods',''),(129,6,'delivery_view',''),(130,6,'back_view',''),(131,5,'reg_fields',''),(132,5,'shop_authorized',''),(133,5,'webcollect_manage',''),(134,4,'suppliers_manage',''),(135,4,'role_manage',''),(12,0,'supplier',''),(136,12,'supplier_manage',''),(137,12,'supplier_rank',''),(200,0,'weixin_manage',''),(201,200,'weixin_config',''),(202,200,'weixin_addconfig',''),(203,200,'weixin_menu',''),(204,200,'weixin_notice',''),(205,200,'weixin_keywords',''),(206,200,'weixin_fans',''),(207,200,'weixin_news',''),(208,200,'weixin_addqcode',''),(209,200,'weixin_qcode',''),(210,200,'weixin_reg',''),(211,7,'takegoods_list',''),(212,7,'takegoods_order',''),(213,0,'pickup_point',''),(214,213,'pickup_point_manage',''),(215,213,'pickup_point_batch',''),(216,8,'send_mail',''),(217,1,'question_manage',''),(218,1,'shaidan_manage',''),(219,6,'invoice_manage','order_edit'),(138,12,'supplier_rebate',''),(220,1,'scan_store',''),(139,12,'supplier_tag',''),(221,1,'order_comment_priv','');
/*!40000 ALTER TABLE `ecs_admin_action` ENABLE KEYS */;
UNLOCK TABLES;

--
-- Table structure for table `ecs_admin_log`
--

DROP TABLE IF EXISTS `ecs_admin_log`;
/*!40101 SET @saved_cs_client     = @@character_set_client */;
/*!40101 SET character_set_client = utf8 */;
CREATE TABLE `ecs_admin_log` (
  `log_id` int(10) unsigned NOT NULL AUTO_INCREMENT,
  `log_time` int(10) unsigned NOT NULL DEFAULT '0',
  `user_id` tinyint(3) unsigned NOT NULL DEFAULT '0',
  `log_info` varchar(255) NOT NULL DEFAULT '',
  `ip_address` varchar(15) NOT NULL DEFAULT '',
  PRIMARY KEY (`log_id`),
  KEY `log_time` (`log_time`),
  KEY `user_id` (`user_id`)
) ENGINE=MyISAM AUTO_INCREMENT=1800 DEFAULT CHARSET=utf8;
/*!40101 SET character_set_client = @saved_cs_client */;

--
-- Dumping data for table `ecs_admin_log`
--

LOCK TABLES `ecs_admin_log` WRITE;
/*!40000 ALTER TABLE `ecs_admin_log` DISABLE KEYS */;
INSERT INTO `ecs_admin_log` VALUES (1,1437414699,1,'添加商品分类: 食品生鲜,服装服饰,个护化妆,手机数码,家用电器,家纺家居,酒类饮料,母婴用品','192.168.1.189'),(2,1437414810,1,'编辑商品分类: 食品生鲜','192.168.1.189'),(3,1437414832,1,'编辑商品分类: 服装服饰','192.168.1.189'),(4,1437415015,1,'添加商品分类: 牛奶乳品,坚果炒货,饼干糕点,蜜饯果干,糖果/巧克力,进口水果','192.168.1.189'),(5,1437415634,1,'编辑商品分类: 糖果巧克力','192.168.1.189'),(6,1437415807,1,'添加商品分类: 释迦芭乐,樱桃车厘子,芒果桃李,龙眼荔枝,提子葡萄,奇异果猕猴桃,凤梨蓝莓,榴莲山竹,橙柚柑橘','192.168.1.189'),(7,1437415831,1,'删除商品分类: 橙柚柑橘','192.168.1.189'),(8,1437415928,1,'添加商品分类: 巧克力,口香糖,棒棒糖,软糖,奶糖,QQ糖,果冻','192.168.1.189'),(9,1437416004,1,'添加商品分类: 常温奶,乳饮料,儿童奶,酸奶,豆奶,低脂奶,全脂奶,成人奶粉','192.168.1.189'),(10,1437416106,1,'添加商品分类: 核桃,夏威夷果,碧根果,开心果,腰果,瓜子,花生,杏仁','192.168.1.189'),(11,1437416367,1,'添加商品分类: 红枣,莓类,葡萄干,芒果干,香蕉干,山楂片,橄榄,其他','192.168.1.189'),(12,1437416406,1,'删除商品分类: 饼干糕点','192.168.1.189'),(13,1437416681,1,'添加商品分类: 女装馆,内衣馆,男装馆,户外鞋服,女鞋馆,箱包馆','192.168.1.189'),(14,1437417068,1,'添加商品分类: 短外套,防晒衫','192.168.1.189'),(15,1437417182,1,'添加商品分类: 聚拢文胸,薄款文胸,无钢圈文胸,女士内裤,男士内裤,夏季睡衣,性感睡衣,瘦腿袜','192.168.1.189'),(16,1437417289,1,'添加商品分类: 休闲裤,牛仔裤,夹克,风衣,针织衫,长袖衬衫,休闲短裤,POLO衫','192.168.1.189'),(17,1437417412,1,'添加商品分类: 跑步鞋,篮球鞋,帆布鞋,羽毛球鞋,迷彩裤,沙滩鞋,钓鱼服,登山鞋','192.168.1.189'),(18,1437417599,1,'添加商品分类: 高跟凉拖,平底鞋,高跟鞋,坡跟单鞋,浅口单鞋,帆布鞋,乐福鞋,松糕鞋','192.168.1.189'),(19,1437417669,1,'添加商品分类: 单肩女包,手提女包,女士钱包,男士双肩,男士钱包,旅行箱,拉杆箱,拉杆包','192.168.1.189'),(20,1437417825,1,'添加商品分类: 面部护肤,洗发护发,身体护肤,口腔护理,女性护理','192.168.1.189'),(21,1437417862,1,'添加商品分类: 清洁,护肤,面膜,剃须,套装','192.168.1.189'),(22,1437417922,1,'添加商品分类: 洗发,护发,染发,造型,假发,套装','192.168.1.189'),(23,1437417962,1,'添加商品分类: 沐浴,润肤,颈部,手足,纤体塑形, 美胸,套装','192.168.1.189'),(24,1437417997,1,'添加商品分类: 牙膏/牙粉,牙刷/牙线,漱口水,套装','192.168.1.189'),(25,1437418031,1,'添加商品分类: 香水,底妆,腮红,眼部,唇部,美甲,美容工具,套装','192.168.1.189'),(26,1437418068,1,'编辑商品分类: 香水彩妆','192.168.1.189'),(27,1437418535,1,'添加商品分类: 热卖手机,手机配件,数码影音,智能设备','192.168.1.189'),(28,1437418659,1,'添加商品分类: 三星盖乐世,iPhone,虾米特供,魅族手机,华为荣耀,联通4G,电信4G,移动4G','192.168.1.189'),(29,1437418749,1,'安装配送方式: 圆通速递','192.168.1.189'),(30,1437422304,1,'添加商品分类: 电池,移动电源,蓝牙耳机,充电器,创意配件,手机饰品,手机耳机,保护套','192.168.1.189'),(31,1437427881,1,'添加商品分类: 智能手环,智能手表,智能眼镜,运动跟踪器,智能家居,体感车','192.168.1.189'),(32,1437428050,1,'添加商品分类: 数码相机,单反相机,拍立得,运动相机,摄像机,户外器材,数码相框,影棚器材','192.168.1.189'),(33,1437428736,1,'添加品牌管理: 资生堂','192.168.1.162'),(34,1437428796,1,'添加品牌管理: CK','192.168.1.162'),(35,1437428837,1,'添加品牌管理: Disney','192.168.1.162'),(36,1437428885,1,'添加品牌管理: 雅诗兰黛','192.168.1.162'),(37,1437428934,1,'添加品牌管理: 相宜本草','192.168.1.162'),(38,1437428980,1,'添加品牌管理: Dior','192.168.1.162'),(39,1437429042,1,'添加品牌管理: 爱丽','192.168.1.162'),(40,1437429105,1,'添加品牌管理: 雅顿','192.168.1.162'),(41,1437429180,1,'添加品牌管理: 狮王','192.168.1.162'),(42,1437429227,1,'添加品牌管理: 高丝洁','192.168.1.162'),(43,1437429301,1,'添加品牌管理: MISS FACE','192.168.1.162'),(44,1437429343,1,'编辑品牌管理: 高丝洁','192.168.1.162'),(45,1437429559,1,'添加品牌管理: 姬芮','192.168.1.162'),(46,1437429603,1,'添加品牌管理: SK-ll','192.168.1.162'),(47,1437429658,1,'添加品牌管理: 高丝','192.168.1.162'),(48,1437429723,1,'添加品牌管理: 韩束','192.168.1.162'),(49,1437429783,1,'添加品牌管理: 卡姿兰','192.168.1.162'),(50,1437429832,1,'添加品牌管理: 珀莱雅','192.168.1.162'),(51,1437429934,1,'添加品牌管理: 兰芝','192.168.1.162'),(52,1437430106,1,'添加品牌管理: 碧欧泉','192.168.1.162'),(53,1437430279,1,'添加品牌管理: 小米','192.168.1.162'),(54,1437430289,1,'添加品牌管理: 摩托罗拉','192.168.1.162'),(55,1437430298,1,'添加品牌管理: 中兴','192.168.1.162'),(56,1437430309,1,'添加品牌管理: 朵唯','192.168.1.162'),(57,1437430325,1,'添加品牌管理: htc','192.168.1.162'),(58,1437430344,1,'添加品牌管理: 华为','192.168.1.162'),(59,1437430353,1,'添加品牌管理: oppo','192.168.1.162'),(60,1437430366,1,'添加品牌管理: 金立','192.168.1.162'),(61,1437430374,1,'添加品牌管理: LG','192.168.1.162'),(62,1437430433,1,'添加品牌管理: 苹果','192.168.1.162'),(63,1437430441,1,'添加品牌管理: 三星','192.168.1.162'),(64,1437430460,1,'添加品牌管理: 乐檬','192.168.1.162'),(65,1437430574,1,'添加品牌管理: 努比亚','192.168.1.162'),(66,1437431054,1,'添加品牌管理: 佳能','192.168.1.162'),(67,1437431062,1,'添加品牌管理: 肯德基','192.168.1.162'),(68,1437431071,1,'添加品牌管理: 麦当劳','192.168.1.162'),(69,1437431080,1,'添加品牌管理: 小肥羊','192.168.1.162'),(70,1437431089,1,'添加品牌管理: 小尾羊','192.168.1.162'),(71,1437431098,1,'添加品牌管理: 必胜客','192.168.1.162'),(72,1437431107,1,'添加品牌管理: 海底捞','192.168.1.162'),(73,1437431237,1,'添加品牌管理: 蒙牛','192.168.1.162'),(74,1437431243,1,'添加会员账号: anan','192.168.1.189'),(75,1437431322,1,'编辑品牌管理: 蒙牛','192.168.1.162'),(76,1437431337,1,'添加品牌管理: 伊利','192.168.1.162'),(77,1437431351,1,'添加品牌管理: 君乐宝','192.168.1.162'),(78,1437431362,1,'添加品牌管理: 光明','192.168.1.162'),(79,1437431370,1,'添加品牌管理: 三元','192.168.1.162'),(80,1437431586,1,'添加品牌管理: 百草味','192.168.1.162'),(81,1437431595,1,'添加品牌管理: 三只松鼠','192.168.1.162'),(82,1437431609,1,'添加品牌管理: 口水娃','192.168.1.162'),(83,1437431622,1,'添加品牌管理: 楼兰密语','192.168.1.162'),(84,1437431645,1,'添加品牌管理: 西域美农','192.168.1.162'),(85,1437431655,1,'添加品牌管理: 糖糖屋','192.168.1.162'),(86,1437432198,1,'添加会员余额: anan','192.168.1.189'),(87,1437432502,1,'添加商品分类: 大家电,生活电器,厨房电器,个护健康,五金家装','192.168.1.146'),(88,1437432512,1,'添加品牌管理: 享爱.','192.168.1.162'),(89,1437432522,1,'添加品牌管理: 猫人','192.168.1.162'),(90,1437432530,1,'添加品牌管理: 茵曼（INMAN）','192.168.1.162'),(91,1437432540,1,'添加品牌管理: 缪诗','192.168.1.162'),(92,1437432550,1,'添加品牌管理: Newbalance','192.168.1.162'),(93,1437432559,1,'添加品牌管理: 七匹狼','192.168.1.162'),(94,1437432569,1,'添加品牌管理: 佐丹奴','192.168.1.162'),(95,1437432583,1,'添加品牌管理: 梦特娇','192.168.1.162'),(96,1437432594,1,'添加品牌管理: 她他/tata','192.168.1.162'),(97,1437432607,1,'添加品牌管理: 曼妮芬（ManniForm）','192.168.1.162'),(98,1437432618,1,'添加品牌管理: 伊芙丽','192.168.1.162'),(99,1437432672,1,'添加商品分类: 平板电视,空调冰箱,洗衣机,家庭影院,烟机/灶具,热水器,消毒柜/洗碗机,冷柜/冰吧','192.168.1.146'),(100,1437432685,1,'删除会员余额: anan','192.168.1.189'),(101,1437432722,1,'添加会员余额: anan','192.168.1.189'),(102,1437432889,1,'添加品牌管理: 稻草人','192.168.1.162'),(103,1437432901,1,'添加品牌管理: 斯提亚','192.168.1.162'),(104,1437432911,1,'添加品牌管理: 袋鼠','192.168.1.162'),(105,1437432915,1,'添加商品分类: 电风扇,净化器,加湿器,吸尘器,挂烫机/熨斗,取暖电器,饮水机,其它生活电器','192.168.1.146'),(106,1437432919,1,'添加品牌管理: 爱华仕','192.168.1.162'),(107,1437433054,1,'添加商品分类: 电饭煲,微波炉,电磁炉,电饼铛/烧烤盘,电炖锅,果蔬解毒机,养生壶/煎药壶,其它厨房电器','192.168.1.146'),(108,1437433157,1,'添加商品分类: 剃须刀,电吹风,按摩椅,足浴盆,健康秤/厨房秤,血糖仪,计步器/脂肪检测仪,其它健康电器','192.168.1.146'),(109,1437433188,1,'编辑商品分类: 计步器/脂肪检测','192.168.1.146'),(110,1437433385,1,'添加商品分类: 电动工具,手动工具,厨卫五金,家具五金,电工电料,监控安防','192.168.1.146'),(111,1437433767,1,'添加品牌管理: 海尔','192.168.1.162'),(112,1437433779,1,'添加品牌管理: 美的','192.168.1.162'),(113,1437433795,1,'添加品牌管理: 格力','192.168.1.162'),(114,1437433807,1,'添加品牌管理: 老板','192.168.1.162'),(115,1437433818,1,'添加商品分类: 孕婴奶粉,营养/辅食,孕婴洗护,喂养用品,车床/床品,孕妈专区','192.168.1.146'),(116,1437433823,1,'添加品牌管理: 西门子','192.168.1.162'),(117,1437433840,1,'添加品牌管理: 格兰仕','192.168.1.162'),(118,1437433854,1,'添加品牌管理: 海信','192.168.1.162'),(119,1437433888,1,'添加商品分类: 特配奶粉,孕妈奶粉,pre段,1段,2段,3段','192.168.1.146'),(120,1437433944,1,'添加商品分类: 米粉,果汁/泥,面食类,宝宝零食,DHA,清火开胃,钙铁锌,益生菌','192.168.1.146'),(121,1437433994,1,'添加商品分类: 洗衣液/皂,宝宝沐浴,儿童防晒,防蚊/驱蚊,爽身粉,奶瓶清洗,孕妇护肤','192.168.1.146'),(122,1437434049,1,'添加商品分类: 奶嘴奶瓶,驱蚊用品,浴室用品,水壶/水杯,吸奶器,理发器,防溢乳垫','192.168.1.146'),(123,1437434171,1,'添加商品分类: 安全座椅,手推车,婴儿床,餐椅,三轮车,儿童家具,睡袋/抱被,凉席/蚊帐','192.168.1.146'),(124,1437434172,1,'添加品牌管理: 伊莱克斯','192.168.1.162'),(125,1437434180,1,'添加品牌管理: 艾力斯特','192.168.1.162'),(126,1437434216,1,'添加商品分类: 孕妇裙,打底裤,防辐射服,腰凳,妈咪包,收腹带,哺乳文胸,孕妇内裤','192.168.1.146'),(127,1437434520,1,'添加商品分类: 酒水,冲调饮品,饮料饮品,茗茶,进口食品','192.168.1.146'),(128,1437434580,1,'添加商品分类: 白酒,啤酒,葡萄酒/果酒,黄酒/米酒,养生酒,预调酒','192.168.1.146'),(129,1437434606,1,'添加品牌管理: 博洋家纺','192.168.1.162'),(130,1437434617,1,'添加品牌管理: 富安娜','192.168.1.162'),(131,1437434625,1,'添加品牌管理: 爱仕达','192.168.1.162'),(132,1437434636,1,'添加品牌管理: 罗莱','192.168.1.162'),(133,1437434645,1,'添加商品分类: 牛奶乳品,饮料,饮用水,咖啡/奶茶,蜂蜜/柚子茶,冲饮谷物,成人奶粉','192.168.1.146'),(134,1437434647,1,'添加品牌管理: 安睡宝','192.168.1.162'),(135,1437434684,1,'添加品牌管理: 溢彩年华','192.168.1.162'),(136,1437434729,1,'添加商品分类: 果蔬汁,茶饮料,碳酸饮料,功能饮料,纯牛奶,酸奶,风味奶,植物蛋白饮料','192.168.1.146'),(137,1437434776,1,'编辑商品分类: 咖啡','192.168.1.146'),(138,1437434795,1,'编辑商品分类: 茶叶','192.168.1.146'),(139,1437434819,1,'编辑商品分类: 蜂蜜','192.168.1.146'),(140,1437434837,1,'编辑商品分类: 奶茶','192.168.1.146'),(141,1437434853,1,'编辑商品分类: 成人奶粉','192.168.1.146'),(142,1437434868,1,'编辑商品分类: 麦片谷物','192.168.1.146'),(143,1437434889,1,'编辑商品分类: 豆浆/豆奶粉','192.168.1.146'),(144,1437434914,1,'添加商品分类: 果味冲调','192.168.1.146'),(145,1437434929,1,'添加品牌管理: 慧乐家','192.168.1.162'),(146,1437434942,1,'添加品牌管理: 天堂伞','192.168.1.162'),(147,1437434985,1,'添加商品分类: 铁观音,普洱,龙井,绿茶,红茶,花果茶,养生茶,其他茶','192.168.1.146'),(148,1437435110,1,'删除商品分类: 进口食品','192.168.1.146'),(149,1437435246,1,'添加商品分类: 家纺,家具,厨具,灯具,家装软饰,生活日用','192.168.1.146'),(150,1437435363,1,'添加商品分类: 床品套件,被子,蚊帐,凉席,床单被罩,毛巾浴巾,床垫/床褥,窗帘/窗纱','192.168.1.146'),(151,1437435459,1,'添加商品分类: 卧室家具,客厅家具,餐厅家具,书房家具,储物家具,阳台/户外,沙发,鞋架/衣帽架','192.168.1.146'),(152,1437435513,1,'添加商品分类: 烹饪锅具,刀剪菜板,厨房配件,水具酒具,餐具,茶具/咖啡具','192.168.1.146'),(153,1437435603,1,'添加商品分类: 台灯,吸顶灯,筒灯射灯,LED灯,落地灯,应急灯/手电,装饰灯,吊灯','192.168.1.146'),(154,1437435722,1,'添加商品分类: 桌布/罩件,地毯地垫,沙发垫套/椅垫,帘艺隔断,相框/照片墙,装饰字画,墙贴/装饰贴,摆件花瓶','192.168.1.146'),(155,1437435756,1,'添加商品分类: 收纳用品,雨伞雨具,浴室用品,缝纫/针织用品,洗晒/熨烫,净化除味','192.168.1.146'),(156,1437436184,1,'编辑品牌管理: 达芙妮','192.168.1.162'),(157,1437436548,1,'编辑品牌管理: 卓诗尼','192.168.1.162'),(158,1437436821,1,'添加属性: 颜色','192.168.1.146'),(159,1437436852,1,'添加品牌管理: 水星家纺','192.168.1.162'),(160,1437436872,1,'添加品牌管理: 全有家居','192.168.1.162'),(161,1437437214,1,'添加品牌管理: 五粮液','192.168.1.162'),(162,1437437224,1,'添加品牌管理: 泸州老窖','192.168.1.162'),(163,1437437231,1,'添加品牌管理: 洋河','192.168.1.162'),(164,1437437244,1,'添加品牌管理: 郎酒','192.168.1.162'),(165,1437437261,1,'添加品牌管理: 锐澳','192.168.1.162'),(166,1437437271,1,'添加品牌管理: 雪花','192.168.1.162'),(167,1437437282,1,'添加品牌管理: 哈尔滨','192.168.1.162'),(168,1437437838,1,'添加属性: 选择版本','192.168.1.146'),(169,1437437842,1,'添加品牌管理: 加多宝','192.168.1.162'),(170,1437437849,1,'添加品牌管理: 统一','192.168.1.162'),(171,1437437856,1,'编辑属性: 选择颜色','192.168.1.146'),(172,1437437859,1,'添加品牌管理: 王老吉','192.168.1.162'),(173,1437437873,1,'添加品牌管理: 可口可乐','192.168.1.162'),(174,1437437883,1,'添加属性: 商品产地','192.168.1.146'),(175,1437437894,1,'添加属性: 类型','192.168.1.146'),(176,1437437926,1,'添加属性: 传感器尺寸','192.168.1.146'),(177,1437437946,1,'添加属性: 液晶屏属性','192.168.1.146'),(178,1437437960,1,'添加属性: 用途','192.168.1.146'),(179,1437437987,1,'添加属性: 系统','192.168.1.146'),(180,1437438046,1,'添加属性: 屏幕尺寸','192.168.1.146'),(181,1437438054,1,'添加属性: 后置摄像头','192.168.1.146'),(182,1437438062,1,'添加属性: 前置摄像头','192.168.1.146'),(183,1437438072,1,'添加属性: 核数','192.168.1.146'),(184,1437438082,1,'添加属性: 频率','192.168.1.146'),(185,1437438089,1,'添加属性: 分辨率','192.168.1.146'),(186,1437438440,1,'添加品牌管理: 贝古贝古','192.168.1.162'),(187,1437438450,1,'添加品牌管理: 皇家宝贝','192.168.1.162'),(188,1437438478,1,'添加品牌管理: 呵宝童车','192.168.1.162'),(189,1437438487,1,'添加品牌管理: 合生元','192.168.1.162'),(190,1437438496,1,'添加属性: 选择颜色','192.168.1.146'),(191,1437438523,1,'添加品牌管理: 美赞臣','192.168.1.162'),(192,1437438533,1,'添加品牌管理: 帮宝适','192.168.1.162'),(193,1437438543,1,'添加品牌管理: 抱抱熊','192.168.1.162'),(194,1437438555,1,'添加品牌管理: 巴拉巴拉','192.168.1.162'),(195,1437438571,1,'添加品牌管理: 青蛙王子','192.168.1.162'),(196,1437438581,1,'添加品牌管理: 雀氏','192.168.1.162'),(197,1437438603,1,'添加属性: 选择尺码','192.168.1.146'),(198,1437438632,1,'添加属性: 帮面材质','192.168.1.146'),(199,1437438641,1,'添加属性: 风格','192.168.1.146'),(200,1437438650,1,'添加属性: 鞋帮','192.168.1.146'),(201,1437438655,1,'编辑属性: 选择颜色','192.168.1.162'),(202,1437438657,1,'添加属性: 闭合方式','192.168.1.146'),(203,1437438665,1,'添加属性: 皮质特征','192.168.1.146'),(204,1437438675,1,'添加属性: 鞋底材质','192.168.1.146'),(205,1437438677,1,'编辑属性: 颜色','192.168.1.162'),(206,1437438680,1,'编辑属性: 版本','192.168.1.162'),(207,1437438682,1,'添加属性: 适用对象','192.168.1.146'),(208,1437438690,1,'添加属性: 制作工艺','192.168.1.146'),(209,1437438699,1,'添加属性: 开口深度','192.168.1.146'),(210,1437438706,1,'添加属性: 内里材质','192.168.1.146'),(211,1437438712,1,'添加属性: 跟高','192.168.1.146'),(212,1437438719,1,'添加属性: 鞋跟形状','192.168.1.146'),(213,1437438727,1,'添加属性: 图案','192.168.1.146'),(214,1437438739,1,'添加属性: 鞋头','192.168.1.146'),(215,1437438807,1,'添加属性: 袖长','192.168.1.146'),(216,1437438831,1,'添加属性: 功能','192.168.1.146'),(217,1437438893,1,'编辑商品类型: 服饰鞋帽','192.168.1.146'),(218,1437438910,1,'添加属性: 材质','192.168.1.146'),(219,1437438922,1,'添加属性: 裙长','192.168.1.146'),(220,1437438932,1,'添加属性: 领型','192.168.1.146'),(221,1437438940,1,'添加属性: 袖型','192.168.1.146'),(222,1437438949,1,'添加属性: 版型','192.168.1.146'),(223,1437439055,1,'编辑属性: 颜色','192.168.1.162'),(224,1437439083,1,'编辑属性: 颜色','192.168.1.162'),(225,1437439089,1,'编辑属性: 颜色','192.168.1.162'),(226,1437439268,1,'编辑属性: 商品产地','192.168.1.146'),(227,1437439278,1,'编辑商品类型: 服饰鞋帽','192.168.1.146'),(228,1437439288,1,'编辑属性: 颜色','192.168.1.146'),(229,1437439291,1,'编辑属性: 颜色','192.168.1.162'),(230,1437439596,1,'编辑属性: 分辨率','192.168.1.146'),(231,1437439739,1,'编辑属性: 频率','192.168.1.146'),(232,1437439800,1,'编辑属性: 核数','192.168.1.146'),(233,1437439890,1,'编辑属性: 前置摄像头','192.168.1.146'),(234,1437439983,1,'编辑属性: 后置摄像头','192.168.1.146'),(235,1437439992,1,'编辑属性: 前置摄像头','192.168.1.146'),(236,1437440099,1,'编辑属性: 屏幕尺寸','192.168.1.146'),(237,1437440137,1,'编辑属性: 系统','192.168.1.146'),(238,1437440474,1,'编辑属性: 有效像素','192.168.1.146'),(239,1437440573,1,'编辑属性: 液晶屏尺寸','192.168.1.146'),(240,1437440790,1,'编辑属性: 分类','192.168.1.146'),(241,1437441478,1,'编辑属性: 用途','192.168.1.146'),(242,1437441750,1,'删除广告位置: ','192.168.1.162'),(243,1437441792,1,'删除广告位置: ','192.168.1.162'),(244,1437441795,1,'删除广告位置: ','192.168.1.162'),(245,1437441810,1,'删除广告位置: ','192.168.1.162'),(246,1437441813,1,'删除广告位置: ','192.168.1.162'),(247,1437442061,1,'删除文章: 买插座.就买公牛','192.168.1.162'),(248,1437442067,1,'删除文章: 妈妈营养品满就送好礼','192.168.1.162'),(249,1437442068,1,'删除文章: ','192.168.1.162'),(250,1437442069,1,'删除文章: 买婴幼儿防护用品送18元','192.168.1.162'),(251,1437442069,1,'删除文章: ','192.168.1.162'),(252,1437442131,1,'删除文章: ','192.168.1.162'),(253,1437442132,1,'删除文章: 白酒75折起 买就返50元购物券','192.168.1.162'),(254,1437442133,1,'删除文章: 金樱花牌豆豉鲮鱼罐头第二轮促销','192.168.1.162'),(255,1437442135,1,'删除文章: 买王裔佳干货满40元送食用油','192.168.1.162'),(256,1437442139,1,'删除商品分类: ','192.168.1.162'),(257,1437442307,1,'编辑文章: 广告通栏1','192.168.1.162'),(258,1437442318,1,'编辑文章: 广告通栏2','192.168.1.162'),(259,1437442423,1,'编辑广告位置: 首页-分类ID1-右侧图片','192.168.1.162'),(260,1437442425,1,'编辑广告位置: 首页-分类ID1-左侧图片','192.168.1.162'),(261,1437442428,1,'编辑广告位置: 首页-分类ID1右侧广告1','192.168.1.162'),(262,1437442434,1,'编辑广告位置: 首页-分类ID1右侧广告2','192.168.1.162'),(263,1437442436,1,'编辑广告位置: 首页-分类ID1右侧广告1','192.168.1.162'),(264,1437442438,1,'编辑广告位置: 首页-分类ID1通栏广告','192.168.1.162'),(265,1437442504,1,'删除广告位置: ','192.168.1.162'),(266,1437442542,1,'添加广告: 首页-分类ID7-左侧图片','192.168.1.162'),(267,1437442554,1,'编辑广告: 首页-分类ID1-左侧图片','192.168.1.162'),(268,1437442614,1,'删除广告位置: ','192.168.1.162'),(269,1437443088,1,'添加广告位置: 首页专题广告1','192.168.1.162'),(270,1437443154,1,'删除广告位置: ','192.168.1.162'),(271,1437443217,1,'添加广告位置: 首页专题广告1','192.168.1.162'),(272,1437443255,1,'删除广告位置: ','192.168.1.162'),(273,1437443325,1,'添加广告位置: 首页专题广告1','192.168.1.162'),(274,1437443484,1,'添加广告位置: 首页专题广告2','192.168.1.162'),(275,1437443502,1,'添加广告位置: 首页专题广告3','192.168.1.162'),(276,1437443514,1,'添加广告位置: 首页专题广告4','192.168.1.162'),(277,1437443526,1,'添加广告位置: 首页专题广告5','192.168.1.162'),(278,1437443598,1,'添加广告: 首页专题广告1','192.168.1.162'),(279,1437443618,1,'添加广告: 首页专题广告2','192.168.1.162'),(280,1437443639,1,'添加广告: 首页专题广告3','192.168.1.162'),(281,1437443671,1,'添加广告: 首页专题广告4','192.168.1.162'),(282,1437443689,1,'添加广告: 首页专题广告5','192.168.1.162'),(283,1437443895,1,'添加广告位置: 首页-店铺-左侧广告','192.168.1.162'),(284,1437443914,1,'添加广告位置: 首页-店铺-右侧广告','192.168.1.162'),(285,1437443964,1,'添加广告: 首页-店铺-左侧广告','192.168.1.162'),(286,1437443987,1,'添加广告: 首页-店铺-右侧广告','192.168.1.162'),(287,1437444109,1,'编辑广告: 首页-店铺-左侧广告','192.168.1.162'),(288,1437445905,1,'编辑商品分类: 奇异果猕猴桃','192.168.1.189'),(289,1437445922,1,'编辑商品分类: 奇异果猕猴桃','192.168.1.189'),(290,1437445930,1,'编辑商品分类: 芒果桃李','192.168.1.189'),(291,1437445941,1,'编辑商品分类: 凤梨蓝莓','192.168.1.189'),(292,1437445961,1,'编辑商品分类: 果冻','192.168.1.189'),(293,1437445969,1,'编辑商品分类: 软糖','192.168.1.189'),(294,1437445977,1,'编辑商品分类: 奶糖','192.168.1.189'),(295,1437445991,1,'编辑商品分类: 棒棒糖','192.168.1.189'),(296,1437446001,1,'编辑商品分类: 口香糖','192.168.1.189'),(297,1437446015,1,'编辑商品分类: 杏仁','192.168.1.189'),(298,1437446027,1,'编辑商品分类: 红枣','192.168.1.189'),(299,1437446063,1,'编辑商品分类: 风衣','192.168.1.189'),(300,1437446083,1,'编辑商品分类: 风衣','192.168.1.189'),(301,1437446098,1,'编辑商品分类: 拉杆箱','192.168.1.189'),(302,1437446110,1,'编辑商品分类: POLO衫','192.168.1.189'),(303,1437446123,1,'编辑商品分类: 连衣裙','192.168.1.189'),(304,1437446141,1,'编辑商品分类: 连体裤','192.168.1.189'),(305,1437446166,1,'编辑商品分类: 高跟鞋','192.168.1.189'),(306,1437446180,1,'编辑商品分类: 登山鞋','192.168.1.189'),(307,1437446192,1,'编辑商品分类: 短外套','192.168.1.189'),(308,1437446220,1,'编辑商品分类: 迷彩裤','192.168.1.189'),(309,1437446237,1,'编辑商品分类: 唇部','192.168.1.189'),(310,1437446248,1,'编辑商品分类: 腮红','192.168.1.189'),(311,1437446298,1,'编辑商品分类: 底妆','192.168.1.189'),(312,1437446322,1,'编辑商品分类: 眼部','192.168.1.189'),(313,1437446333,1,'编辑商品分类: 香水','192.168.1.189'),(314,1437446346,1,'编辑商品分类: 颈部','192.168.1.189'),(315,1437446361,1,'编辑商品分类: 手足','192.168.1.189'),(316,1437446374,1,'编辑商品分类: 沐浴','192.168.1.189'),(317,1437446388,1,'编辑商品分类: 润肤','192.168.1.189'),(318,1437446402,1,'编辑商品分类: 体感车','192.168.1.189'),(319,1437446412,1,'编辑商品分类: 智能眼镜','192.168.1.189'),(320,1437446423,1,'编辑商品分类: 智能手环','192.168.1.189'),(321,1437446435,1,'编辑商品分类: 智能家居','192.168.1.189'),(322,1437446445,1,'编辑商品分类: 智能手表','192.168.1.189'),(323,1437446458,1,'编辑商品分类: 联通4G','192.168.1.189'),(324,1437446470,1,'编辑商品分类: 电信4G','192.168.1.189'),(325,1437446486,1,'编辑商品分类: iPhone','192.168.1.189'),(326,1437446499,1,'编辑商品分类: 电池','192.168.1.189'),(327,1437497260,1,'添加: 精选,女人,男人,家装,母婴,美妆,美食,数码','192.168.1.189'),(328,1437497859,1,'添加广告位置: 首页幻灯片-小图下1','192.168.1.162'),(329,1437497872,1,'添加广告位置: 首页幻灯片-小图下2','192.168.1.162'),(330,1437497880,1,'添加广告位置: 首页幻灯片-小图下3','192.168.1.162'),(331,1437497920,1,'添加广告: 首页幻灯片-小图下1','192.168.1.162'),(332,1437497944,1,'添加广告: 首页幻灯片-小图下2','192.168.1.162'),(333,1437497969,1,'添加广告: 首页幻灯片-小图下3','192.168.1.162'),(334,1437498121,1,'添加广告位置: 首页-分类ID1-左侧图片','192.168.1.162'),(335,1437498153,1,'编辑商品类型: 服饰鞋帽','192.168.1.146'),(336,1437498186,1,'添加广告: 首页-分类ID1-左侧图片','192.168.1.162'),(337,1437498202,1,'添加广告位置: 首页-分类ID2-左侧图片','192.168.1.162'),(338,1437498214,1,'添加广告位置: 首页-分类ID3-左侧图片','192.168.1.162'),(339,1437498225,1,'添加广告位置: 首页-分类ID4-左侧图片','192.168.1.162'),(340,1437498238,1,'添加广告位置: 首页-分类ID5-左侧图片','192.168.1.162'),(341,1437498255,1,'添加广告位置: 首页-分类ID6-左侧图片','192.168.1.162'),(342,1437498267,1,'添加广告位置: 首页-分类ID7-左侧图片','192.168.1.162'),(343,1437498282,1,'添加广告位置: 首页-分类ID8-左侧图片','192.168.1.162'),(344,1437498339,1,'添加广告: 首页-分类ID2-左侧图片','192.168.1.162'),(345,1437498376,1,'添加广告: 首页-分类ID3-左侧图片','192.168.1.162'),(346,1437498403,1,'添加广告: 首页-分类ID4-左侧图片','192.168.1.162'),(347,1437498451,1,'添加广告: 首页-分类ID5-左侧图片','192.168.1.162'),(348,1437498475,1,'添加广告: 首页-分类ID6-左侧图片','192.168.1.162'),(349,1437498478,1,'编辑属性: 闭合方式','192.168.1.146'),(350,1437498503,1,'添加广告: 首页-分类ID7-左侧图片','192.168.1.162'),(351,1437498527,1,'编辑属性: 鞋跟形状','192.168.1.146'),(352,1437498527,1,'添加广告: 首页-分类ID8-左侧图片','192.168.1.162'),(353,1437498557,1,'编辑广告: 首页-分类ID1-左侧图片','192.168.1.162'),(354,1437498732,1,'添加广告位置: 首页-分类ID1右侧广告1','192.168.1.162'),(355,1437498742,1,'添加广告位置: 首页-分类ID1右侧广告2','192.168.1.162'),(356,1437498769,1,'编辑属性: 鞋底材质','192.168.1.146'),(357,1437498774,1,'添加广告: 首页-分类ID1右侧广告1','192.168.1.162'),(358,1437498791,1,'添加广告: 首页-分类ID1右侧广告2','192.168.1.162'),(359,1437498814,1,'添加广告位置: 首页-分类ID2右侧广告1','192.168.1.162'),(360,1437498825,1,'添加广告位置: 首页-分类ID2右侧广告2','192.168.1.162'),(361,1437498928,1,'添加广告: 首页-分类ID2右侧广告1','192.168.1.162'),(362,1437498984,1,'添加广告: 首页-分类ID2右侧广告2','192.168.1.162'),(363,1437499006,1,'编辑属性: 帮面材质','192.168.1.146'),(364,1437499016,1,'编辑属性: 鞋底材质','192.168.1.146'),(365,1437499016,1,'添加广告位置: 首页-分类ID3右侧广告1','192.168.1.162'),(366,1437499025,1,'添加广告位置: 首页-分类ID3右侧广告2','192.168.1.162'),(367,1437499098,1,'添加广告: 首页-分类ID3右侧广告1','192.168.1.162'),(368,1437499120,1,'编辑属性: 适用对象','192.168.1.146'),(369,1437499126,1,'添加广告: 首页-分类ID3右侧广告2','192.168.1.162'),(370,1437499139,1,'添加广告位置: 首页-分类ID4右侧广告1','192.168.1.162'),(371,1437499148,1,'添加广告位置: 首页-分类ID4右侧广告2','192.168.1.162'),(372,1437499176,1,'添加广告: 首页-分类ID4右侧广告1','192.168.1.162'),(373,1437499198,1,'添加广告: 首页-分类ID4右侧广告2','192.168.1.162'),(374,1437499211,1,'添加广告位置: 首页-分类ID5右侧广告1','192.168.1.162'),(375,1437499219,1,'添加广告位置: 首页-分类ID5右侧广告2','192.168.1.162'),(376,1437499305,1,'添加广告: 首页-分类ID5右侧广告1','192.168.1.162'),(377,1437499387,1,'添加广告: 首页-分类ID5右侧广告2','192.168.1.162'),(378,1437499401,1,'添加广告位置: 首页-分类ID6右侧广告1','192.168.1.162'),(379,1437499413,1,'添加广告位置: 首页-分类ID6右侧广告2','192.168.1.162'),(380,1437499475,1,'添加广告: 首页-分类ID6右侧广告1','192.168.1.162'),(381,1437499494,1,'编辑属性: 风格','192.168.1.146'),(382,1437499497,1,'添加广告: 首页-分类ID6右侧广告2','192.168.1.162'),(383,1437499550,1,'添加广告位置: 首页-分类ID7右侧广告1','192.168.1.162'),(384,1437499570,1,'添加广告位置: 首页-分类ID7右侧广告2','192.168.1.162'),(385,1437499811,1,'编辑属性: 制作工艺','192.168.1.146'),(386,1437499932,1,'添加广告: 首页-分类ID7右侧广告1','192.168.1.162'),(387,1437499958,1,'添加广告: 首页-分类ID7右侧广告2','192.168.1.162'),(388,1437499970,1,'添加广告位置: 首页-分类ID8右侧广告1','192.168.1.162'),(389,1437499981,1,'添加广告位置: 首页-分类ID8右侧广告2','192.168.1.162'),(390,1437500144,1,'添加广告: 首页-分类ID8右侧广告1','192.168.1.162'),(391,1437500155,1,'编辑属性: 内里材质','192.168.1.146'),(392,1437500228,1,'编辑属性: 跟高','192.168.1.146'),(393,1437500234,1,'添加广告: 首页-分类ID8右侧广告2','192.168.1.162'),(394,1437500339,1,'添加广告位置: 首页-分类ID1通栏广告','192.168.1.162'),(395,1437500451,1,'添加广告: 首页-分类ID1通栏广告','192.168.1.162'),(396,1437500464,1,'添加广告位置: 首页-分类ID4通栏广告','192.168.1.162'),(397,1437500501,1,'添加广告: 首页-分类ID4通栏广告','192.168.1.162'),(398,1437500513,1,'添加广告位置: 首页-分类ID8通栏广告','192.168.1.162'),(399,1437500529,1,'添加广告: 首页-分类ID8通栏广告','192.168.1.162'),(400,1437500573,1,'编辑属性: 图案','192.168.1.146'),(401,1437500762,1,'编辑属性: 腰型','192.168.1.146'),(402,1437500884,1,'添加商品: 佳沛新西兰绿奇异果36个（原装）进口Zespri猕猴桃 新鲜水果准妈妈爱吃','192.168.1.189'),(403,1437500988,1,'编辑属性: 鞋头','192.168.1.146'),(404,1437501058,1,'编辑商品: 佳沛新西兰绿奇异果36个（原装）进口Zespri猕猴桃 新鲜水果准妈妈爱吃','192.168.1.189'),(405,1437501089,1,'编辑属性: 裙型','192.168.1.146'),(406,1437501414,1,'添加商品: 【天天果园】佳沛新西兰阳光金奇异果原装33个 zepris猕猴桃进口金果新鲜水果准妈妈','192.168.1.189'),(407,1437501437,1,'编辑商品: 【天天果园】佳沛新西兰阳光金奇异果原装33个 zepris猕猴桃进口金果新鲜水果准妈妈','192.168.1.189'),(408,1437501444,1,'编辑属性: 风格','192.168.1.146'),(409,1437501601,1,'添加商品: 美国西北车厘子 1斤装 进口水果新鲜樱桃水果','192.168.1.189'),(410,1437501633,1,'编辑商品: 美国西北车厘子 1斤装 进口水果新鲜樱桃水果','192.168.1.189'),(411,1437501681,1,'编辑属性: 袖长','192.168.1.146'),(412,1437501961,1,'添加商品: 加拿大樱桃 2斤装 车厘子 樱桃 进口水果 新鲜水果','192.168.1.189'),(413,1437501980,1,'编辑商品: 加拿大樱桃 2斤装 车厘子 樱桃 进口水果 新鲜水果','192.168.1.189'),(414,1437502243,1,'编辑商品: 加拿大樱桃 2斤装 车厘子 樱桃 进口水果 新鲜水果','192.168.1.189'),(415,1437502904,1,'添加商品: 半壳扇贝 扇贝肉 1000g/新鲜扇贝冷冻烧烤海鲜 ','192.168.1.189'),(416,1437502955,1,'编辑商品: 半壳扇贝 扇贝肉 1000g/新鲜扇贝冷冻烧烤海鲜 ','192.168.1.189'),(417,1437503001,1,'编辑商品: 半壳扇贝 扇贝肉 1000g/新鲜扇贝冷冻烧烤海鲜','192.168.1.189'),(418,1437503036,1,'添加商品: 【宅鲜配】半壳扇贝 扇贝肉 1000g/新鲜扇贝冷冻烧烤海鲜 ','192.168.1.189'),(419,1437503112,1,'添加商品: 新西兰红玫瑰苹果queen4个（约180g/个）','192.168.1.189'),(420,1437503116,1,'添加商品: 小金蛋女童皮鞋儿童公主鞋韩版单鞋休闲女童鞋翅膀鞋2015新款秋款 ','192.168.1.125'),(421,1437503128,1,'编辑商品: 新西兰红玫瑰苹果queen4个（约180g/个）','192.168.1.189'),(422,1437503149,1,'编辑商品: 【宅鲜配】半壳扇贝 扇贝肉 1000g/新鲜扇贝冷冻烧烤海鲜 ','192.168.1.189'),(423,1437503270,1,'添加商品: 小金蛋童鞋女童皮鞋韩版真皮公主鞋宝宝单鞋儿童皮鞋2015秋季新款 ','192.168.1.125'),(424,1437503428,1,'添加商品: 越南红心火龙果5斤装 红肉火龙果 新鲜进口水果','192.168.1.189'),(425,1437503527,1,'添加商品: 七果果 越南白心火龙果1斤【3斤起拍，只多不少】 毁包赔 进口新鲜水果 堪比红心火龙果','192.168.1.189'),(426,1437503557,1,'添加商品: 大童装女童夏装套装2015夏季新款','192.168.1.125'),(427,1437503573,1,'添加商品: 诚绿丰 越南进口红肉火龙果 新鲜水果红心火龙果 江浙沪皖包邮 1斤装','192.168.1.189'),(428,1437503630,1,'添加商品: 哥伦比亚金燕窝果 新鲜进口水果 麒麟果 黄色白心火龙果 4只','192.168.1.189'),(429,1437503656,1,'添加商品: 韩版潮儿童衣服中大童短袖短裤休闲套装夏季','192.168.1.125'),(430,1437503698,1,'添加商品: 畅享礼盒 奇异果火龙果佳节送礼进口新鲜水果','192.168.1.189'),(431,1437503724,1,'添加商品: 中大童女孩时尚短袖纱裙儿童韩版公主裙子 ','192.168.1.125'),(432,1437503839,1,'添加商品: 奥特曼迪加咸蛋超人童装套男夏装2015夏','192.168.1.125'),(433,1437503890,1,'编辑商品: 畅享礼盒 奇异果火龙果佳节送礼进口新鲜水果','192.168.1.189'),(434,1437504012,1,'编辑商品: 畅享礼盒 奇异果火龙果佳节送礼进口新鲜水果','192.168.1.189'),(435,1437504076,1,'添加商品: 宝宝水杯儿童吸管杯迪士尼幼儿喝水杯','192.168.1.125'),(436,1437504111,1,'添加商品: 佳沛新西兰阳光金奇异果12个/进口猕猴桃/新鲜水果','192.168.1.189'),(437,1437504146,1,'添加商品: 恩诺童新生儿奶瓶宝宝宽口径ppsu婴儿奶瓶','192.168.1.125'),(438,1437504174,1,'添加商品: 美国空运车厘子 新鲜水果进口大樱桃 2斤装','192.168.1.189'),(439,1437504225,1,'添加商品: 进口 新鲜水果 车厘子1000g','192.168.1.189'),(440,1437504375,1,'添加商品: 悦胜 挪威超新鲜三文鱼 三文鱼中段刺身进口海鲜 广东2份包邮 三文鱼新鲜 500g','192.168.1.189'),(441,1437504443,1,'添加商品: 蟹黄包180g 火锅丸子澳门豆捞食材蟹籽包 蟹子丸 海鲜水产 鱼丸蟹类制品','192.168.1.189'),(442,1437504801,1,'编辑商品: 恩诺童新生儿奶瓶宝宝宽口径ppsu婴儿奶瓶带手柄防摔吸管硅胶奶嘴','192.168.1.125'),(443,1437504818,1,'编辑商品: 宝宝水杯儿童吸管杯迪士尼幼儿喝水杯子带手柄防漏学饮杯婴儿水壶','192.168.1.125'),(444,1437504830,1,'编辑商品: 奥特曼迪加咸蛋超人童装套男夏装2015夏中大童短袖t恤儿童款套装','192.168.1.125'),(445,1437504873,1,'编辑商品: 2015新款女童夏季连衣裙中大童女孩时尚短袖纱裙儿童韩版公主裙子','192.168.1.125'),(446,1437504885,1,'编辑商品: 童装女童2015新款夏装韩版潮儿童衣服中大童短袖短裤休闲套装夏季','192.168.1.125'),(447,1437504896,1,'编辑商品: 大童装女童夏装套装2015夏季新款儿童短袖女孩运动两件套宝宝短裤','192.168.1.125'),(448,1437504911,1,'编辑商品: 小金蛋女童皮鞋儿童公主鞋韩版单鞋休闲女童鞋翅膀鞋2015新款秋款','192.168.1.125'),(449,1437504921,1,'编辑商品: 小金蛋童鞋女童皮鞋 可爱卡通装饰 甜美公主范 优质纯牛皮','192.168.1.125'),(450,1437505162,1,'编辑商品: 小金蛋童鞋女童皮鞋 可爱卡通装饰 甜美公主范 优质纯牛皮','192.168.1.125'),(451,1437505924,1,'编辑商品: 大童装女童夏装套装2015夏季新款儿童短袖女孩运动两件套宝宝短裤','192.168.1.125'),(452,1437505956,1,'添加商品: 韩国进口X-5花生夹心巧克力棒盒装（24根）864g','192.168.1.189'),(453,1437505965,1,'编辑商品: 小金蛋女童皮鞋儿童公主鞋韩版单鞋休闲女童鞋翅膀鞋2015新款秋款','192.168.1.125'),(454,1437505984,1,'编辑商品: 韩国进口X-5花生夹心巧克力棒盒装（24根）864g','192.168.1.189'),(455,1437506048,1,'编辑商品: 童装女童2015新款夏装韩版潮儿童衣服中大童短袖短裤休闲套装夏季','192.168.1.125'),(456,1437506096,1,'添加商品: Ferrero/费列罗 意大利进口威化榛果巧克力30粒礼盒装 生日礼物送女友情人节','192.168.1.189'),(457,1437506140,1,'添加商品: 进口费列罗巧克力礼盒DIY心形27粒【顺丰包邮】【代写贺卡】七夕礼物生日创意礼品','192.168.1.189'),(458,1437506177,1,'编辑商品: 2015新款女童夏季连衣裙中大童女孩时尚短袖纱裙儿童韩版公主裙子','192.168.1.125'),(459,1437506200,1,'编辑商品: 进口费列罗巧克力礼盒DIY心形27粒【顺丰包邮】【代写贺卡】七夕礼物生日创意礼品','192.168.1.189'),(460,1437506293,1,'添加商品: 意大利费列罗巧克力食品进口零食礼盒576粒整箱装结婚喜糖','192.168.1.189'),(461,1437506331,1,'编辑商品: 意大利费列罗巧克力食品进口零食礼盒576粒整箱装结婚喜糖','192.168.1.189'),(462,1437506346,1,'编辑商品: 进口费列罗巧克力礼盒DIY心形27粒【顺丰包邮】【代写贺卡】七夕礼物生日创意礼品','192.168.1.189'),(463,1437506351,1,'编辑商品: 奥特曼迪加咸蛋超人童装套男夏装2015夏中大童短袖t恤儿童款套装','192.168.1.125'),(464,1437506372,1,'编辑商品: Ferrero/费列罗 意大利进口威化榛果巧克力30粒礼盒装 生日礼物送女友情人节','192.168.1.189'),(465,1437506467,1,'添加商品: 日本进口 KRACIE（KRACIE）牌玫瑰香味糖果32g','192.168.1.189'),(466,1437506667,1,'编辑商品: 日本进口 KRACIE（KRACIE）牌玫瑰香味糖果32g','192.168.1.189'),(467,1437506811,1,'添加商品: 台湾进口 百年老店糖之坊夏威夷果牛轧糖奶糖（蔓越莓味）120克','192.168.1.189'),(468,1437506821,1,'编辑商品: 台湾进口 百年老店糖之坊夏威夷果牛轧糖奶糖（蔓越莓味）120克','192.168.1.189'),(469,1437506893,1,'添加商品: Lindt瑞士莲黑巧克力特醇排装德国进口 70%可可黑巧克力10块组合 特惠分享装','192.168.1.189'),(470,1437506920,1,'编辑商品: Lindt瑞士莲黑巧克力特醇排装德国进口 70%可可黑巧克力10块组合 特惠分享装','192.168.1.189'),(471,1437507221,1,'添加商品: 夏装新款修身假两件无袖绣花蕾丝连衣裙','192.168.1.162'),(472,1437507487,1,'添加商品: 夏装甜美爱心提花蕾丝连衣裙女 宽松欧根纱背心裙','192.168.1.162'),(473,1437507621,1,'编辑属性: 尺码','192.168.1.162'),(474,1437507728,1,'编辑商品: 夏装甜美爱心提花蕾丝连衣裙女 宽松欧根纱背心裙','192.168.1.162'),(475,1437507946,1,'编辑商品: 夏装甜美爱心提花蕾丝连衣裙女 宽松欧根纱背心裙','192.168.1.162'),(476,1437508016,1,'商品: 34','192.168.1.162'),(477,1437508016,1,'商品: 34','192.168.1.162'),(478,1437508016,1,'商品: 34','192.168.1.162'),(479,1437508016,1,'商品: 34','192.168.1.162'),(480,1437508016,1,'商品: 34','192.168.1.162'),(481,1437508052,1,'批量回收商品: ','192.168.1.125'),(482,1437508105,1,'编辑商品: 夏装甜美爱心提花蕾丝连衣裙女 宽松欧根纱背心裙','192.168.1.162'),(483,1437508126,1,'编辑商店设置: ','192.168.1.162'),(484,1437508226,1,'添加商品: 米妮哈鲁童装2015夏装新款女童韩版蕾丝连衣裙碎花公主裙','192.168.1.125'),(485,1437508512,1,'编辑商品: 米妮哈鲁童装2015夏装新款女童韩版蕾丝连衣裙碎花公主裙','192.168.1.125'),(486,1437508564,1,'添加商品: 荷叶边欧根纱刺绣短袖镂空蕾丝连衣裙 夏韩系小香风短裙A字连衣裙','192.168.1.162'),(487,1437508636,1,'编辑商品: 荷叶边欧根纱刺绣短袖镂空蕾丝连衣裙 夏韩系小香风短裙A字连衣裙','192.168.1.162'),(488,1437508690,1,'商品: 36','192.168.1.162'),(489,1437508690,1,'商品: 36','192.168.1.162'),(490,1437508690,1,'商品: 36','192.168.1.162'),(491,1437508690,1,'商品: 36','192.168.1.162'),(492,1437508751,1,'编辑商品: 米妮哈鲁童装2015夏装新款女童韩版蕾丝连衣裙碎花公主裙','192.168.1.125'),(493,1437508806,1,'添加商品: 笛莎（DEESHA）新品女童儿童装纯洁清新气质','192.168.1.125'),(494,1437508918,1,'添加商品: 高端2015夏装新款修身淑坊女女装蕾丝短袖复古森女连衣裙装','192.168.1.162'),(495,1437514275,1,'编辑商品: 高端2015夏装新款修身淑坊女女装蕾丝短袖复古森女连衣裙装','192.168.1.162'),(496,1437514333,1,'编辑商品: 高端2015夏装新款修身淑坊女女装蕾丝短袖复古森女连衣裙装','192.168.1.162'),(497,1437514353,1,'商品: 38','192.168.1.162'),(498,1437514353,1,'商品: 38','192.168.1.162'),(499,1437515362,0,'添加商品: 斯乃纳至悦精品中童鞋 女童皮鞋高跟蝴蝶结公主鞋','192.168.1.125'),(500,1437515363,1,'添加商品: 伊芙丽秋装新款翻领小西装女 2015新款 西装外套女春秋','192.168.1.162'),(501,1437515470,1,'编辑商品: 伊芙丽秋装新款翻领小西装女 2015新款 西装外套女春秋','192.168.1.162'),(502,1437515470,0,'添加商品: 小金蛋女宝宝皮鞋夏真皮女童秋鞋公主鞋','192.168.1.125'),(503,1437515493,1,'商品: 40','192.168.1.162'),(504,1437515493,1,'商品: 40','192.168.1.162'),(505,1437515581,1,'编辑商品: 伊芙丽秋装新款翻领小西装女 2015新款 西装外套女春秋','192.168.1.162'),(506,1437515742,1,'添加商品: 2015新款修身开衫短款七分袖小西装女薄网纱披肩防晒衫小外套女夏','192.168.1.162'),(507,1437515785,0,'添加商品: 恩诺童新生儿奶瓶宝宝宽口径ppsu婴儿奶瓶','192.168.1.125'),(508,1437515814,1,'编辑商品: 2015新款修身开衫短款七分袖小西装女薄网纱披肩防晒衫小外套女夏','192.168.1.162'),(509,1437515826,1,'商品: 42','192.168.1.162'),(510,1437515947,0,'添加商品: 第七公社 一家三口亲子装夏装2015卡通人物','192.168.1.125'),(511,1437516035,1,'添加商品: 2015夏装韩版修身白色小西装女薄外套','192.168.1.162'),(512,1437516048,1,'商品: 45','192.168.1.162'),(513,1437516048,1,'商品: 45','192.168.1.162'),(514,1437516342,1,'添加商品: 2015夏季小西装女外套夏装薄款韩版修身短款小西服','192.168.1.162'),(515,1437516355,1,'商品: 46','192.168.1.162'),(516,1437516355,1,'商品: 46','192.168.1.162'),(517,1437516432,0,'添加商品: 大男童春秋马甲童装 男童西装纯棉','192.168.1.125'),(518,1437516602,0,'添加商品:       安踏品牌童装男童短袖POLO衫运动服装纯棉大童男装2015夏季新款35528113 BC06花灰 160cm     安踏品牌童装男童短袖POLO衫运动服装纯棉大童男装2015夏季新款35528113 BC06花灰 160cm     安踏品牌童装男童短袖POLO衫运动服装纯棉大童男装2015夏季新款35528113 BC06花灰 160cm     安踏品牌童装男童短袖POLO衫运动服装纯棉大童男装2015夏季新款35528113 BC06花灰 160cm     安踏品牌童装男','192.168.1.125'),(519,1437517210,0,'添加商品: 安琦诺 夏装新品孕妇装 韩版休闲外出服喂奶衣套装','192.168.1.125'),(520,1437519036,0,'编辑商品: 安琦诺 夏装新品孕妇装 韩版休闲外出服喂奶衣套装','192.168.1.125'),(521,1437519156,0,'编辑商品: 安琦诺 夏装新品孕妇装 韩版休闲外出服喂奶衣套装','192.168.1.125'),(522,1437519184,0,'编辑商品: 安琦诺 夏装新品孕妇装 韩版休闲外出服喂奶衣套装','192.168.1.125'),(523,1437519215,0,'商品: 49','192.168.1.125'),(524,1437519215,0,'商品: 49','192.168.1.125'),(525,1437519215,0,'商品: 49','192.168.1.125'),(526,1437519215,0,'商品: 49','192.168.1.125'),(527,1437519256,1,'添加商品: 坚果炒货零食特产扁桃仁235gx2袋','192.168.1.111'),(528,1437519349,1,'编辑商品: Ferrero/费列罗 意大利进口威化榛果巧克力30粒礼盒装 生日礼物送女友情人节','192.168.1.111'),(529,1437519371,0,'编辑商品: 安踏品牌童装男童短袖POLO衫运动服','192.168.1.125'),(530,1437519425,0,'编辑商品: 安踏品牌童装男童短袖POLO衫运动服','192.168.1.125'),(531,1437519432,0,'商品: 48','192.168.1.125'),(532,1437519511,0,'编辑商品: 大男童春秋马甲童装 男童西装纯棉','192.168.1.125'),(533,1437519534,1,'编辑商品: 坚果炒货零食特产扁桃仁235gx2袋','192.168.1.111'),(534,1437519674,1,'添加商品: 高端2015夏装新款修身淑坊女女装蕾丝短袖复女连衣裙装','192.168.1.162'),(535,1437519681,1,'编辑商品: 第七公社 一家三口亲子装夏装2015卡通人物','192.168.1.125'),(536,1437519711,1,'编辑商品: 小金蛋女宝宝皮鞋夏真皮女童秋鞋公主鞋','192.168.1.125'),(537,1437519719,1,'编辑商品: 高端2015夏装新款修身淑坊女女装蕾丝短袖复女连衣裙装','192.168.1.162'),(538,1437519724,1,'编辑商品: 斯乃纳至悦精品中童鞋 女童皮鞋高跟蝴蝶结公主鞋','192.168.1.125'),(539,1437519734,1,'编辑商品: 坚果炒货零食特产扁桃仁235gx2袋','192.168.1.111'),(540,1437519780,1,'编辑商品: 高端2015夏装新款修身淑坊女女装蕾丝短袖复女连衣裙装','192.168.1.162'),(541,1437519782,1,'编辑商品: 笛莎（DEESHA）新品女童儿童装纯洁清新气质','192.168.1.125'),(542,1437519790,1,'商品: 51','192.168.1.162'),(543,1437519817,1,'编辑商品: 米妮哈鲁童装2015夏装新款女童韩版蕾丝连衣裙碎花公主裙','192.168.1.125'),(544,1437519847,1,'添加商品: 昆仑玉红枣 和田香枣二级500g 新疆特产 免洗零食 和田大枣子','192.168.1.111'),(545,1437519866,1,'编辑商品: 高端2015夏装新款修身淑坊女女装蕾丝短袖复女连衣裙装','192.168.1.162'),(546,1437519930,1,'添加商品: 南非进口西柚8个约300-330g/个红心柚子新鲜红宝石柚子','192.168.1.111'),(547,1437520142,1,'添加商品: 墨西哥牛油果9个 牛油果 鳄梨 牛油果水果 21-24号发','192.168.1.111'),(548,1437520360,1,'编辑商品: 墨西哥牛油果9个 牛油果 鳄梨 牛油果水果 21-24号发','192.168.1.111'),(549,1437520374,1,'编辑商品: 南非进口西柚8个约300-330g/个红心柚子新鲜红宝石柚子','192.168.1.111'),(550,1437520392,1,'编辑商品: 南非进口西柚8个约300-330g/个红心柚子新鲜红宝石柚子','192.168.1.111'),(551,1437520436,1,'编辑商品: 昆仑玉红枣 和田香枣二级500g 新疆特产 免洗零食 和田大枣子','192.168.1.111'),(552,1437520471,1,'编辑商品: 坚果炒货零食特产扁桃仁235gx2袋','192.168.1.111'),(553,1437520567,1,'添加商品: 嘉云糖 300g玻璃罐装 水果硬糖 喜糖 德国进口','192.168.1.189'),(554,1437520572,1,'添加商品: 2015新品真丝睡衣女款可爱娃娃衫家居服春秋桑蚕丝睡裙','192.168.1.162'),(555,1437520599,1,'编辑商品: 嘉云糖 300g玻璃罐装 水果硬糖 喜糖 德国进口','192.168.1.189'),(556,1437520605,1,'添加商品: Haier/海尔 BCD-216SDN/216L/三门 节能 家用 冷藏冷冻 电冰箱','192.168.1.111'),(557,1437520667,1,'编辑商品: Haier/海尔 BCD-216SDN/216L/三门 节能 家用 冷藏冷冻 电冰箱','192.168.1.111'),(558,1437520690,1,'编辑商品: 意大利费列罗巧克力食品进口零食礼盒576粒整箱装结婚喜糖','192.168.1.189'),(559,1437520695,1,'编辑商品: Haier/海尔 BCD-216SDN/216L/三门 节能 家用 冷藏冷冻 电冰箱','192.168.1.111'),(560,1437520709,1,'编辑商品: 进口费列罗巧克力礼盒DIY心形27粒【顺丰包邮】【代写贺卡】七夕礼物生日创意礼品','192.168.1.189'),(561,1437520723,1,'编辑商品: Ferrero/费列罗 意大利进口威化榛果巧克力30粒礼盒装 生日礼物送女友情人节','192.168.1.189'),(562,1437520741,1,'编辑商品: 2015新品真丝睡衣女款可爱娃娃衫家居服春秋桑蚕丝睡裙','192.168.1.162'),(563,1437520749,1,'编辑商品: 韩国进口X-5花生夹心巧克力棒盒装（24根）864g','192.168.1.189'),(564,1437520773,1,'添加商品: KFR-35GW/ERVMN3z 大1.5匹壁挂式冷暖空调挂机','192.168.1.111'),(565,1437520784,1,'编辑商品: KFR-35GW/ERVMN3z 大1.5匹壁挂式冷暖空调挂机','192.168.1.111'),(566,1437520804,1,'编辑商品: Lindt瑞士莲黑巧克力特醇排装德国进口 70%可可黑巧克力10块组合 特惠分享装','192.168.1.189'),(567,1437520811,1,'编辑商品: 2015新品真丝睡衣女款可爱娃娃衫家居服春秋桑蚕丝睡裙','192.168.1.162'),(568,1437520820,1,'商品: 56','192.168.1.162'),(569,1437520820,1,'编辑商品: 台湾进口 百年老店糖之坊夏威夷果牛轧糖奶糖（蔓越莓味）120克','192.168.1.189'),(570,1437520835,1,'编辑商品: 日本进口 KRACIE（KRACIE）牌玫瑰香味糖果32g','192.168.1.189'),(571,1437520837,1,'编辑商品: 2015新品真丝睡衣女款可爱娃娃衫家居服春秋桑蚕丝睡裙','192.168.1.162'),(572,1437520877,1,'添加商品: Robam/老板26A5+7B16时尚侧吸烟灶套装抽油烟机燃气灶','192.168.1.111'),(573,1437520891,1,'编辑商品: Robam/老板26A5+7B16时尚侧吸烟灶套装抽油烟机燃气灶','192.168.1.111'),(574,1437520972,1,'添加商品: 德国 进口牛奶 欧德堡（Oldenburger）超高温处理全脂纯牛奶1L*12','192.168.1.189'),(575,1437520979,1,'添加商品: Max70智能3D彩电网络平板电视','192.168.1.111'),(576,1437520982,1,'编辑商品: 德国 进口牛奶 欧德堡（Oldenburger）超高温处理全脂纯牛奶1L*12','192.168.1.189'),(577,1437520995,1,'编辑商品: Max70智能3D彩电网络平板电视','192.168.1.111'),(578,1437521036,1,'编辑商品: Max70智能3D彩电网络平板电视','192.168.1.111'),(579,1437521058,1,'添加商品: 澳大利亚 进口牛奶 德运（Devondale） 全脂牛奶 1L*10 整箱装','192.168.1.189'),(580,1437521071,1,'编辑商品: 澳大利亚 进口牛奶 德运（Devondale） 全脂牛奶 1L*10 整箱装','192.168.1.189'),(581,1437521075,1,'添加商品: 真丝睡衣女士夏季桑蚕丝绸春秋家居服性感吊带睡裙','192.168.1.162'),(582,1437521098,1,'编辑商品: 真丝睡衣女士夏季桑蚕丝绸春秋家居服性感吊带睡裙','192.168.1.162'),(583,1437521108,1,'添加商品: shiseido资生堂 安热沙倍呵防晒乳25mL SPF30+儿童专用防晒霜','192.168.1.146'),(584,1437521118,1,'添加商品: SIEMENS/西门子 XQG62-WS12K2601W 6.2kg超薄 变频滚筒洗衣机','192.168.1.111'),(585,1437521163,1,'编辑商品: SIEMENS/西门子 XQG62-WS12K2601W 6.2kg超薄 变频滚筒洗衣机','192.168.1.111'),(586,1437521291,1,'添加商品: 扫地机专属定制无线手持吸尘器/抢10台免单','192.168.1.111'),(587,1437521319,1,'编辑商品: 扫地机专属定制无线手持吸尘器/抢10台免单','192.168.1.111'),(588,1437521431,1,'添加商品: 一米画纱桑蚕丝吊带睡裙女夏季纯色真丝睡衣 ','192.168.1.162'),(589,1437521471,1,'编辑商品: 一米画纱桑蚕丝吊带睡裙女夏季纯色真丝睡衣 ','192.168.1.162'),(590,1437521638,1,'添加商品: 新西兰 原装进口 纯牛奶 纽麦福（ Meadow fresh ）全脂1L*12盒/箱','192.168.1.189'),(591,1437521642,1,'添加商品: 夏季性感吊带真丝睡裙100%桑蚕丝深V睡衣女士纯色蕾丝家居服女','192.168.1.162'),(592,1437521651,1,'编辑商品: 新西兰 原装进口 纯牛奶 纽麦福（ Meadow fresh ）全脂1L*12盒/箱','192.168.1.189'),(593,1437521666,1,'编辑商品: 夏季性感吊带真丝睡裙100%桑蚕丝深V睡衣女士纯色蕾丝家居服女','192.168.1.162'),(594,1437521738,1,'添加商品: 纱桑蚕丝真丝睡衣女士夏季纯色吊带睡裙','192.168.1.162'),(595,1437521749,1,'编辑商品: 纱桑蚕丝真丝睡衣女士夏季纯色吊带睡裙','192.168.1.162'),(596,1437521803,1,'添加商品: 真丝睡衣女士夏季修身性感吊带真丝睡衣裙桑蚕丝睡衣','192.168.1.162'),(597,1437521828,1,'添加商品: 波兰 进口牛奶 日昇（MLEKOVITA）全脂牛奶1L*12盒','192.168.1.189'),(598,1437521834,1,'编辑商品: 真丝睡衣女士夏季修身性感吊带真丝睡衣裙桑蚕丝睡衣','192.168.1.162'),(599,1437521848,1,'编辑商品: 波兰 进口牛奶 日昇（MLEKOVITA）全脂牛奶1L*12盒','192.168.1.189'),(600,1437521912,1,'添加商品: shiseido资生堂 新漾美肌亮润眼霜15mL提拉 紧致去黑眼圈眼袋','192.168.1.146'),(601,1437521919,1,'编辑商品: 真丝睡衣女士夏季修身性感吊带真丝睡衣裙桑蚕丝睡衣','192.168.1.162'),(602,1437521951,1,'编辑商品: 真丝睡衣女士夏季修身性感吊带真丝睡衣裙桑蚕丝睡衣','192.168.1.162'),(603,1437521977,1,'添加商品: 德运Devondale 脱脂高钙奶粉1kg','192.168.1.189'),(604,1437521987,1,'编辑商品: 德运Devondale 脱脂高钙奶粉1kg','192.168.1.189'),(605,1437522082,1,'添加商品: 宾格瑞（BINGGRAE）香蕉味牛奶饮料 200ml*24','192.168.1.189'),(606,1437522091,1,'编辑商品: 宾格瑞（BINGGRAE）香蕉味牛奶饮料 200ml*24','192.168.1.189'),(607,1437522136,1,'添加商品: Midea/美的 KFR-35GW/WPAA3 大1.5匹极速变频冷暖空调 稀土压缩机','192.168.1.111'),(608,1437522146,1,'添加商品: shiseido/资生堂 限量悦薇珀翡基础护理套装 抗老祛黄 面部护理','192.168.1.146'),(609,1437522158,1,'编辑商品: Midea/美的 KFR-35GW/WPAA3 大1.5匹极速变频冷暖空调 稀土压缩机','192.168.1.111'),(610,1437522165,1,'添加商品: 100%桑蚕丝两件套夏季短袖真丝睡衣女套装','192.168.1.162'),(611,1437522187,1,'编辑商品: 100%桑蚕丝两件套夏季短袖真丝睡衣女套装','192.168.1.162'),(612,1437522190,1,'添加商品: 蒙牛 特仑苏 纯牛奶 250ml*12 礼盒装','192.168.1.189'),(613,1437522204,1,'编辑商品: 蒙牛 特仑苏 纯牛奶 250ml*12 礼盒装','192.168.1.189'),(614,1437522217,1,'添加商品: Midea/美的 KFR-72LW/WYAD3 3匹p冷暖定速立式圆形柜机家用空调','192.168.1.111'),(615,1437522232,1,'编辑商品: Midea/美的 KFR-72LW/WYAD3 3匹p冷暖定速立式圆形柜机家用空调','192.168.1.111'),(616,1437522264,1,'添加商品: 伊利 味可滋（巧克力）奶昔乳饮品240ml*12盒','192.168.1.189'),(617,1437522270,1,'添加商品: 大码薄款女士真丝睡衣女夏季丝绸性感100%桑蚕丝睡裙','192.168.1.162'),(618,1437522277,1,'编辑商品: 伊利 味可滋（巧克力）奶昔乳饮品240ml*12盒','192.168.1.189'),(619,1437522300,1,'编辑商品: 大码薄款女士真丝睡衣女夏季丝绸性感100%桑蚕丝睡裙','192.168.1.162'),(620,1437522328,1,'添加商品: 5kg全自动波轮洗衣机 省水省空间','192.168.1.111'),(621,1437522343,1,'编辑商品: 5kg全自动波轮洗衣机 省水省空间','192.168.1.111'),(622,1437522463,1,'添加商品: 资生堂红色蜜露精华化妆液125ml 补水保湿爽肤水','192.168.1.146'),(623,1437522479,1,'添加商品: 美的空调扇单冷遥控制冷风扇冷风机家用净化静音冷气空调AC120-G','192.168.1.111'),(624,1437522491,1,'编辑商品: 资生堂红色蜜露精华化妆液125ml 补水保湿爽肤水','192.168.1.146'),(625,1437522493,1,'编辑商品: 美的空调扇单冷遥控制冷风扇冷风机家用净化静音冷气空调AC120-G','192.168.1.111'),(626,1437522519,1,'编辑商品: 美的空调扇单冷遥控制冷风扇冷风机家用净化静音冷气空调AC120-G','192.168.1.111'),(627,1437522598,1,'添加商品: 海尔HGS-2164手持蒸汽挂烫机家用挂式电熨斗熨烫机正品全国联保','192.168.1.111'),(628,1437522610,1,'编辑商品: 海尔HGS-2164手持蒸汽挂烫机家用挂式电熨斗熨烫机正品全国联保','192.168.1.111'),(629,1437522646,1,'添加商品: shiseido资生堂 盼丽风姿金采丰润柔肤液150mL 水润紧致柔滑肌肤','192.168.1.146'),(630,1437522776,1,'添加商品: 家用静音办公室空调加湿器 香薰迷你大容量净化特价','192.168.1.111'),(631,1437522788,1,'编辑商品: 家用静音办公室空调加湿器 香薰迷你大容量净化特价','192.168.1.111'),(632,1437522839,1,'添加商品: 格力遥控落地扇 家用静音电风扇 7.5小时定时 办公室学生扇 电扇','192.168.1.111'),(633,1437522853,1,'编辑商品: 格力遥控落地扇 家用静音电风扇 7.5小时定时 办公室学生扇 电扇','192.168.1.111'),(634,1437522885,1,'添加商品: 2015新款男装 男士夏季多彩短袖polo衫男 休闲双层立领T恤 ','192.168.1.162'),(635,1437522897,1,'编辑商品: 2015新款男装 男士夏季多彩短袖polo衫男 休闲双层立领T恤 ','192.168.1.162'),(636,1437522922,1,'编辑商品: shiseido资生堂 安热沙倍呵防晒乳25mL SPF30+儿童专用防晒霜','192.168.1.189'),(637,1437522928,1,'添加商品: 海尔ZB401G 家用小型床铺除螨仪 床上除螨机吸尘器 紫外线杀菌','192.168.1.111'),(638,1437522939,1,'编辑商品: 海尔ZB401G 家用小型床铺除螨仪 床上除螨机吸尘器 紫外线杀菌','192.168.1.111'),(639,1437522993,1,'编辑商品: shiseido资生堂 盼丽风姿金采丰润柔肤液150mL 水润紧致柔滑肌肤','192.168.1.146'),(640,1437523007,1,'添加商品: 人气5折杰克琼斯夏纯棉条纹撞色POLO衫短袖T恤','192.168.1.162'),(641,1437523024,1,'编辑商品: 人气5折杰克琼斯夏纯棉条纹撞色POLO衫短袖T恤','192.168.1.162'),(642,1437523034,1,'添加商品: 家用高端直饮净水器WP4160厨房自来水前置过滤器智能净水机','192.168.1.111'),(643,1437523047,1,'编辑商品: 家用高端直饮净水器WP4160厨房自来水前置过滤器智能净水机','192.168.1.111'),(644,1437523127,1,'添加商品: 电熨斗蒸汽家用 手持迷你电烫斗顺滑不粘底板 蒸汽熨斗家用','192.168.1.111'),(645,1437523136,1,'编辑商品: 电熨斗蒸汽家用 手持迷你电烫斗顺滑不粘底板 蒸汽熨斗家用','192.168.1.111'),(646,1437523143,1,'添加商品: 与狼共舞短袖T恤 2015夏装新款 男士Polo衫 男装纯棉翻领','192.168.1.162'),(647,1437523157,1,'编辑商品: 与狼共舞短袖T恤 2015夏装新款 男士Polo衫 男装纯棉翻领','192.168.1.162'),(648,1437523226,1,'添加商品: 2015夏季新品 与狼共舞短袖T恤 男士纯棉翻领多彩polo衫潮','192.168.1.162'),(649,1437523238,1,'编辑商品: 2015夏季新品 与狼共舞短袖T恤 男士纯棉翻领多彩polo衫潮','192.168.1.162'),(650,1437523241,1,'添加商品: 除湿机家用抽湿机20B 地下室别墅吸湿器除湿器','192.168.1.111'),(651,1437523250,1,'添加商品: 雅诗兰黛（Estee Lauder）肌透修护眼部精华霜15ml','192.168.1.146'),(652,1437523257,1,'编辑商品: 除湿机家用抽湿机20B 地下室别墅吸湿器除湿器','192.168.1.111'),(653,1437523304,1,'添加商品: 纯棉牛仔拼接修身男Polo衫','192.168.1.162'),(654,1437523325,1,'编辑商品: 纯棉牛仔拼接修身男Polo衫','192.168.1.162'),(655,1437523334,1,'添加商品: 苹果（Apple）iPhone 6 (A1586) 16GB 金色 移动联通电信4G手机','192.168.1.189'),(656,1437523355,1,'编辑商品: 苹果（Apple）iPhone 6 (A1586) 16GB 金色 移动联通电信4G手机','192.168.1.189'),(657,1437523363,1,'添加商品: 美的电磁炉Midea/美的 WK2102电磁炉特价家用触摸屏火锅电池炉灶','192.168.1.111'),(658,1437523377,1,'编辑属性: 颜色','192.168.1.189'),(659,1437523379,1,'编辑商品: 美的电磁炉Midea/美的 WK2102电磁炉特价家用触摸屏火锅电池炉灶','192.168.1.111'),(660,1437523399,1,'编辑商品: 苹果（Apple）iPhone 6 (A1586) 16GB 金色 移动联通电信4G手机','192.168.1.189'),(661,1437523421,1,'添加商品: Polo衫男短袖 2015夏装男装短袖t恤 男士拼接撞色修身韩版潮','192.168.1.162'),(662,1437523439,1,'编辑商品: 苹果（Apple）iPhone 6 (A1586) 16GB 金色 移动联通电信4G手机','192.168.1.189'),(663,1437523440,1,'添加商品: Galanz/格兰仕 G90F25CN3L-C2(G2) 微波炉 光波炉 正品','192.168.1.111'),(664,1437523450,1,'添加商品: 雅诗兰黛（Estee Lauder）鲜亮焕采泡沫洁面乳125ml','192.168.1.146'),(665,1437523455,1,'编辑商品: Galanz/格兰仕 G90F25CN3L-C2(G2) 微波炉 光波炉 正品','192.168.1.111'),(666,1437523455,1,'商品: 100','192.168.1.189'),(667,1437523455,1,'商品: 100','192.168.1.189'),(668,1437523460,1,'编辑商品: Polo衫男短袖 2015夏装男装短袖t恤 男士拼接撞色修身韩版潮','192.168.1.162'),(669,1437523484,1,'编辑商品: 苹果（Apple）iPhone 6 (A1586) 16GB 金色 移动联通电信4G手机','192.168.1.189'),(670,1437523490,1,'添加商品: 法曼斯2015夏装新款长绒棉短袖t恤商务男士休闲天丝翻领纯色上衣','192.168.1.162'),(671,1437523502,1,'编辑商品: 法曼斯2015夏装新款长绒棉短袖t恤商务男士休闲天丝翻领纯色上衣','192.168.1.162'),(672,1437523514,1,'编辑商品: 苹果（Apple）iPhone 6 (A1586) 16GB 金色 移动联通电信4G手机','192.168.1.189'),(673,1437523551,1,'添加商品:  JYL-D022料理机家用多功能榨汁辅食搅拌机电动绞肉','192.168.1.111'),(674,1437523552,1,'添加商品: 纯棉弹力修身男装商务短袖','192.168.1.162'),(675,1437523554,1,'编辑商品: 苹果（Apple）iPhone 6 (A1586) 16GB 金色 移动联通电信4G手机','192.168.1.189'),(676,1437523565,1,'编辑商品: 纯棉弹力修身男装商务短袖','192.168.1.162'),(677,1437523569,1,'编辑商品:  JYL-D022料理机家用多功能榨汁辅食搅拌机电动绞肉','192.168.1.111'),(678,1437523601,1,'编辑商店设置: ','192.168.1.162'),(679,1437523612,1,'编辑商店设置: ','192.168.1.162'),(680,1437523652,1,'添加商品: 雅诗兰黛护肤礼盒（眼霜15ML+柔肤霜15ML+晚霜15ML+精华露7ML）','192.168.1.146'),(681,1437523676,1,'添加商品: 空气炸锅HD9233三代智能电炸锅家用薯条机烤架煎鱼盘正品','192.168.1.111'),(682,1437523681,1,'编辑商品: 2015夏季新品 与狼共舞短袖T恤 男士纯棉翻领多彩polo衫潮','192.168.1.162'),(683,1437523690,1,'编辑商品: 空气炸锅HD9233三代智能电炸锅家用薯条机烤架煎鱼盘正品','192.168.1.111'),(684,1437523731,1,'编辑商品: 2015新款男装 男士夏季多彩短袖polo衫男 休闲双层立领T恤 ','192.168.1.162'),(685,1437523799,1,'添加商品: 养生壶玻璃加厚分体保温电煎药壶全自动花茶壶隔水炖正品','192.168.1.111'),(686,1437523812,1,'编辑商品: 养生壶玻璃加厚分体保温电煎药壶全自动花茶壶隔水炖正品','192.168.1.111'),(687,1437523830,1,'编辑商品: 2015夏季新品 与狼共舞短袖T恤 男士纯棉翻领多彩polo衫潮','192.168.1.162'),(688,1437523855,1,'添加商品: 雅诗兰黛（Estee Lauder）青春抗皱滋润霜50ml（中性/混合性）','192.168.1.146'),(689,1437523864,1,'编辑商品: 养生壶玻璃加厚分体保温电煎药壶全自动花茶壶隔水炖正品','192.168.1.111'),(690,1437523875,1,'编辑商品: 空气炸锅HD9233三代智能电炸锅家用薯条机烤架煎鱼盘正品','192.168.1.111'),(691,1437523889,1,'编辑商品:  JYL-D022料理机家用多功能榨汁辅食搅拌机电动绞肉','192.168.1.111'),(692,1437523988,1,'添加商品: 电饼铛 美的 JCN30A蛋糕机 正品悬浮双面加热 家用煎烤机烙饼锅','192.168.1.111'),(693,1437524004,1,'编辑商品: 电饼铛 美的 JCN30A蛋糕机 正品悬浮双面加热 家用煎烤机烙饼锅','192.168.1.111'),(694,1437524058,1,'添加商品: 苹果（Apple）iPhone 6 Plus (A1524) 16GB 金色 移动联通电信4G手机','192.168.1.189'),(695,1437524074,1,'添加商品: 米酒机酸奶机全自动家用不锈钢正品包邮','192.168.1.111'),(696,1437524086,1,'编辑商品: 米酒机酸奶机全自动家用不锈钢正品包邮','192.168.1.111'),(697,1437524138,1,'编辑商品: 苹果（Apple）iPhone 6 Plus (A1524) 16GB 金色 移动联通电信4G手机','192.168.1.189'),(698,1437524153,1,'编辑商品: 苹果（Apple）iPhone 6 Plus (A1524) 16GB 金色 移动联通电信4G手机','192.168.1.189'),(699,1437524156,1,'添加商品: 酸奶机家用全自动8个陶瓷分杯正品特价','192.168.1.111'),(700,1437524170,1,'编辑商品: 酸奶机家用全自动8个陶瓷分杯正品特价','192.168.1.111'),(701,1437524194,1,'商品: 113','192.168.1.189'),(702,1437524194,1,'商品: 113','192.168.1.189'),(703,1437524240,1,'添加商品: 电炖锅砂锅炖盅煮粥煲汤养生紫砂陶瓷','192.168.1.111'),(704,1437524258,1,'编辑商品: 电炖锅砂锅炖盅煮粥煲汤养生紫砂陶瓷','192.168.1.111'),(705,1437524324,1,'编辑商品: 苹果（Apple）iPhone 6 Plus (A1524) 16GB 金色 移动联通电信4G手机','192.168.1.189'),(706,1437524369,1,'添加商品: 长帝 CKTF-32GS上下独立控温 多功能电烤箱家用烘焙烤箱 正品特价','192.168.1.111'),(707,1437524390,1,'编辑商品:  CKTF-32GS上下独立控温 多功能电烤箱家用烘焙烤箱 正品特价','192.168.1.111'),(708,1437524522,1,'编辑商品: Midea/美的 KFR-35GW/WPAA3 大1.5匹极速变频冷暖空调 稀土压缩机','192.168.1.111'),(709,1437524796,1,'编辑商品: 苹果（Apple）iPhone 6 Plus (A1524) 16GB 金色 移动联通电信4G手机','192.168.1.189'),(710,1437524829,1,'回收商品: Midea/美的 KFR-35GW/WPAA3 大1.5匹极速变频冷暖空调 稀土压缩机','192.168.1.111'),(711,1437524860,1,'添加商品: Midea/美的 KFR-35GW/WPAA3 大1.5匹极速变频冷暖空调 稀土压缩机','192.168.1.111'),(712,1437524872,1,'编辑商品: Midea/美的 KFR-35GW/WPAA3 大1.5匹极速变频冷暖空调 稀土压缩机','192.168.1.111'),(713,1437525155,0,'添加商品:       艾生活 真皮床双人床 独特围边 精细做工 卧室家具 1.8床+床头柜*1+乳胶床垫     艾生活 真皮床双人床 独特围边 精细做工 卧室家具 1.8床+床头柜*1+乳胶床垫     艾生活 真皮床双人床 独特围边 精细做工 卧室家具 1.8床+床头柜*1+乳胶床垫     艾生活 真皮床双人床 独特围边 精细做工 卧室家具 1.8床+床头柜*1+乳胶床垫     艾生活 真皮床双人床 独特围边 精细做工 卧室家具 1.8床+床头柜*1+乳胶床垫  商品编号：1477100871 ','192.168.1.125'),(714,1437525234,0,'添加商品: 柏年好禾 家具 欧式床 真皮实木床 法式田园公主床','192.168.1.125'),(715,1437525273,1,'回收商品: 扫地机专属定制无线手持吸尘器/抢10台免单','192.168.1.111'),(716,1437525290,1,'回收商品: SIEMENS/西门子 XQG62-WS12K2601W 6.2kg超薄 变频滚筒洗衣机','192.168.1.111'),(717,1437525304,1,'回收商品: Robam/老板26A5+7B16时尚侧吸烟灶套装抽油烟机燃气灶','192.168.1.111'),(718,1437525325,1,'回收商品: Max70智能3D彩电网络平板电视','192.168.1.111'),(719,1437525336,1,'回收商品: KFR-35GW/ERVMN3z 大1.5匹壁挂式冷暖空调挂机','192.168.1.111'),(720,1437525359,1,'回收商品: Haier/海尔 BCD-216SDN/216L/三门 节能 家用 冷藏冷冻 电冰箱','192.168.1.111'),(721,1437525390,1,'回收商品: 5kg全自动波轮洗衣机 省水省空间','192.168.1.111'),(722,1437525404,1,'回收商品: 空气炸锅HD9233三代智能电炸锅家用薯条机烤架煎鱼盘正品','192.168.1.111'),(723,1437525478,1,'添加商品: Midea/美的 KFR-26GW/WJBA3@ 大1匹智能云除甲醛除湿冷暖变频空调','192.168.1.111'),(724,1437525509,1,'编辑商品: Midea/美的 KFR-26GW/WJBA3@ 大1匹智能云除甲醛除湿冷暖变频空调','192.168.1.111'),(725,1437525577,1,'添加商品: 二级大2P智能云定频冷暖柜机空调','192.168.1.111'),(726,1437525597,1,'编辑商品: 二级大2P智能云定频冷暖柜机空调','192.168.1.111'),(727,1437525692,1,'添加商品: SIEMENS/西门子 BCD-610W(KA92NV03TI)双开家用对开门电冰箱无霜','192.168.1.111'),(728,1437525706,1,'编辑商品: SIEMENS/西门子 BCD-610W(KA92NV03TI)双开家用对开门电冰箱无霜','192.168.1.111'),(729,1437525813,1,'添加商品: Haier/海尔 BCD-252WDBD 252升 无霜风冷 冷藏冷冻家用三门冰箱','192.168.1.111'),(730,1437525834,1,'编辑商品: Haier/海尔 BCD-252WDBD 252升 无霜风冷 冷藏冷冻家用三门冰箱','192.168.1.111'),(731,1437525885,1,'添加商品: Haier/海尔 XQG70-B12866电商/7公斤 全自动 变频滚筒 洗衣机','192.168.1.111'),(732,1437525897,1,'编辑商品: Haier/海尔 XQG70-B12866电商/7公斤 全自动 变频滚筒 洗衣机','192.168.1.111'),(733,1437525940,1,'添加商品: Midea/美的 MB60-VT1010H 全自动波轮洗衣机6公斤不锈钢 正品包邮','192.168.1.111'),(734,1437525951,1,'编辑商品: Midea/美的 MB60-VT1010H 全自动波轮洗衣机6公斤不锈钢 正品包邮','192.168.1.111'),(735,1437526058,1,'添加商品: Midea/美的 MK-HJ1501电热水壶不锈钢烧水壶保温自动断电进口温控','192.168.1.111'),(736,1437526071,1,'编辑商品: Midea/美的 MK-HJ1501电热水壶不锈钢烧水壶保温自动断电进口温控','192.168.1.111'),(737,1437526169,1,'回收商品: Midea/美的 KFR-72LW/WYAD3 3匹p冷暖定速立式圆形柜机家用空调','192.168.1.111'),(738,1437526257,1,'添加商品: Gree/格力 KFR-72LW/(72596)FNAa-A3 变频3P立式柜机空调 Q铂','192.168.1.111'),(739,1437526271,1,'编辑商品: Gree/格力 KFR-72LW/(72596)FNAa-A3 变频3P立式柜机空调 Q铂','192.168.1.111'),(740,1437527006,0,'添加商品: 铂尼诗 家具 床 皮床 卧室家具套装','192.168.1.125'),(741,1437527119,0,'添加商品: 全是美 小户型梳妆台 欧式梳妆台 现代 简约','192.168.1.125'),(742,1437527214,0,'添加商品: 摩登生活 法式梳妆台欧式梳妆台实木梳妆台','192.168.1.125'),(743,1437527758,1,'编辑商品: shiseido资生堂 安热沙倍呵防晒乳25mL SPF30+儿童专用防晒霜','192.168.1.146'),(744,1437527774,1,'编辑商品: shiseido资生堂 新漾美肌亮润眼霜15mL提拉 紧致去黑眼圈眼袋','192.168.1.146'),(745,1437527827,1,'编辑商品: shiseido/资生堂 限量悦薇珀翡基础护理套装 抗老祛黄 面部护理','192.168.1.146'),(746,1437527868,1,'编辑商品: 雅诗兰黛（Estee Lauder）肌透修护眼部精华霜15ml','192.168.1.146'),(747,1437528103,1,'添加商品: 相宜本草红景天3件套（洁面膏100g+精华水120ml+精华乳120g+送红景天幼白精华水20ml+红景天幼白精华乳20g）','192.168.1.146'),(748,1437528350,1,'添加商品: 相宜本草光彩立现睡眠面膜(净白莹润)135g','192.168.1.146'),(749,1437528500,1,'添加商品: 迪奥新魅惑淡香水5ml','192.168.1.146'),(750,1437528636,1,'添加商品: 迪奥真我香水50ml','192.168.1.146'),(751,1437528720,1,'添加商品: Dior迪奥唇膏/变色润唇膏/粉红魅惑润唇膏3.5g 润唇蜜/口红 唇彩 唇膏','192.168.1.146'),(752,1437528729,1,'编辑商品: Dior迪奥唇膏/变色润唇膏/粉红魅惑润唇膏3.5g 润唇蜜/口红 唇彩 唇膏','192.168.1.146'),(753,1437528855,0,'添加商品:       LOVO 罗莱家纺出品全棉斜纹床品套件四件套 兔斯基 乐忆 200*230     LOVO 罗莱家纺出品全棉斜纹床品套件四件套 兔斯基 乐忆 200*230     LOVO 罗莱家纺出品全棉斜纹床品套件四件套 兔斯基 乐忆 200*230     LOVO 罗莱家纺出品全棉斜纹床品套件四件套 兔斯基 乐忆 200*230     LOVO 罗莱家纺出品全棉斜纹床品套件四件套 兔斯基 乐忆 200*230     LOVO 罗莱家纺出品全棉斜纹床品套件四件套 兔斯基 乐忆 200','192.168.1.125'),(754,1437528884,1,'添加商品: SK-II护肤精华露75ml','192.168.1.146'),(755,1437528892,0,'添加商品: 优雅100 经典设计款全棉斜纹印花四件套','192.168.1.125'),(756,1437528915,0,'添加商品: 雅鹿全棉四件套纯棉套件床上用品 回忆蓝 1.8米床','192.168.1.125'),(757,1437529046,1,'添加商品: 韩束 红石榴鲜活水盈七件套（洗面奶/爽肤水/乳液/眼霜）','192.168.1.146'),(758,1437529449,1,'添加商品: 兰芝夜间修护睡眠面膜70ml','192.168.1.146'),(759,1437529544,1,'添加商品: 小米（MI）小米Note 移动联通双4G 特别版(16G ROM)','192.168.1.189'),(760,1437529582,1,'添加商品: CK卡文克莱卡莱优淡香水100ML ck香水','192.168.1.146'),(761,1437529603,1,'编辑商品: 小米（MI）小米Note 移动联通双4G 特别版(16G ROM)','192.168.1.189'),(762,1437529648,1,'编辑商品: 小米（MI）小米Note 移动联通双4G 特别版(16G ROM)','192.168.1.189'),(763,1437529667,1,'商品: 143','192.168.1.189'),(764,1437529667,1,'商品: 143','192.168.1.189'),(765,1437529791,1,'编辑商品分类: 手机数码','192.168.1.189'),(766,1437529875,1,'添加商品: 海飞丝去屑洗发露(海洋活力型)750ml','192.168.1.146'),(767,1437530004,1,'添加商品: 水之密语 凝润水护护发素600ml','192.168.1.146'),(768,1437530022,1,'添加商品: 【套装版】荣耀 6 Plus (PE-TL20) 3GB内存标准版 白色 移动4G手机 双卡双待双通','192.168.1.189'),(769,1437530069,1,'编辑商品: 【套装版】荣耀 6 Plus (PE-TL20) 3GB内存标准版 白色 移动4G手机 双卡双待双通','192.168.1.189'),(770,1437530081,1,'商品: 147','192.168.1.189'),(771,1437530081,1,'商品: 147','192.168.1.189'),(772,1437530095,1,'添加商品: 诺优能(Nutrilon) 幼儿配方奶粉 3段(12-24个月幼儿适用) ','192.168.1.125'),(773,1437530142,1,'编辑商品: 【套装版】荣耀 6 Plus (PE-TL20) 3GB内存标准版 白色 移动4G手机 双卡双待双通','192.168.1.189'),(774,1437530157,1,'编辑商品: 诺优能(Nutrilon) 幼儿配方奶粉 3段(12-24个月幼儿适用) ','192.168.1.125'),(775,1437530177,1,'编辑商品: 苹果（Apple）iPhone 6 Plus (A1524) 16GB 金色 移动联通电信4G手机','192.168.1.189'),(776,1437530202,1,'添加商品: 卡姿兰彩妆套装 睫毛膏粉饼眉粉眉笔 专柜初学者化妆套装','192.168.1.146'),(777,1437530215,1,'编辑商品: 苹果（Apple）iPhone 6 (A1586) 16GB 金色 移动联通电信4G手机','192.168.1.189'),(778,1437530244,1,'添加商品:       惠氏(Wyeth)S-26金装幼儿乐幼儿配方奶粉 3段 960克 新配方     惠氏(Wyeth)S-26金装幼儿乐幼儿配方奶粉 3段 960克 新配方     惠氏(Wyeth)S-26金装幼儿乐幼儿配方奶粉 3段 960克 新配方     惠氏(Wyeth)S-26金装幼儿乐幼儿配方奶粉 3段 960克 新配方  商品编号：1506689 关注商品 分享 惠氏(Wyeth)S-26金装幼儿乐幼儿配方奶粉 3段 960克 新配方','192.168.1.125'),(779,1437530254,1,'添加商品: 可口可乐330ml*24听 整箱装','192.168.1.162'),(780,1437530258,1,'编辑商品: 诺优能(Nutrilon) 幼儿配方奶粉 3段(12-24个月幼儿适用) ','192.168.1.125'),(781,1437530289,1,'编辑商品: 惠氏(Wyeth)S-26金装幼儿乐幼儿配方奶粉','192.168.1.125'),(782,1437530333,1,'添加商品: Dior迪奥 限量版彩妆盘 眼影 粉饼 睫毛膏 腮红 唇彩','192.168.1.146'),(783,1437530338,1,'编辑商品: 可口可乐330ml*24听 整箱装','192.168.1.162'),(784,1437530435,1,'添加商品: 沙宣垂坠质感润发乳750ml','192.168.1.146'),(785,1437530438,1,'添加商品: 美素力（frisolac）金装婴儿配方奶粉 1段（0-6个月婴儿适用）','192.168.1.125'),(786,1437530447,1,'添加商品: 三星 Galaxy S6 edge（G9250）32G版 铂光金 移动联通电信4G手机','192.168.1.189'),(787,1437530449,1,'编辑商品: 美素力（frisolac）金装婴儿配方奶粉 1段（0-6个月婴儿适用）','192.168.1.125'),(788,1437530475,1,'编辑商品: 惠氏(Wyeth)S-26金装幼儿乐幼儿配方奶粉','192.168.1.125'),(789,1437530488,1,'添加商品: 雪花啤酒 纯生8度500ml*12听 纸箱装','192.168.1.162'),(790,1437530518,1,'编辑商品: 三星 Galaxy S6 edge（G9250）32G版 铂光金 移动联通电信4G手机','192.168.1.189'),(791,1437530558,1,'添加商品: 统一 微食刻（衡）100%果蔬汁 280ml/瓶','192.168.1.162'),(792,1437530565,1,'添加商品: L’OREAL/欧莱雅 精油润养洗发露700ml','192.168.1.146'),(793,1437530585,1,'编辑商品: 三星 Galaxy S6 edge（G9250）32G版 铂光金 移动联通电信4G手机','192.168.1.189'),(794,1437530598,1,'商品: 155','192.168.1.189'),(795,1437530598,1,'商品: 155','192.168.1.189'),(796,1437530614,1,'添加商品: 统一 小茗同学 480ml/瓶 新品上市','192.168.1.162'),(797,1437530668,1,'添加商品: 统一 小茗同学 冷泡茶 茉莉萃茶 480ml/瓶 新品上市','192.168.1.162'),(798,1437530711,1,'添加商品: 欧莱雅(L’OREAL)多效修复超值洗护套装','192.168.1.146'),(799,1437530843,1,'添加商品: HTC One M9w 联通4G手机 乌金灰','192.168.1.189'),(800,1437530913,1,'编辑商品: HTC One M9w 联通4G手机 乌金灰','192.168.1.189'),(801,1437530928,1,'编辑商品: HTC One M9w 联通4G手机 乌金灰','192.168.1.189'),(802,1437530957,1,'添加商品: 欧莱雅透明质酸水润洗发露400ml*2+透明质酸水润润发乳400ml','192.168.1.146'),(803,1437531033,1,'商品: 162','192.168.1.189'),(804,1437531033,1,'商品: 162','192.168.1.189'),(805,1437531039,1,'添加商品: L’OREAL/欧莱雅 洗发护发套装 ','192.168.1.146'),(806,1437531058,1,'编辑商品: HTC One M9w 联通4G手机 乌金灰','192.168.1.189'),(807,1437531060,1,'添加商品: 意大利进口柠檬汁 宝蓝吉柠檬汁烘培原料 100%浓缩纯柠檬汁 500ml','192.168.1.162'),(808,1437531145,1,'编辑商品分类: 小米特供','192.168.1.189'),(809,1437531158,1,'添加商品: 欧莱雅角质顺滑去屑洗发露200ml','192.168.1.146'),(810,1437531185,1,'添加商品: 菠萝浓缩水果饮料 840ml 冲饮果汁','192.168.1.162'),(811,1437531314,1,'添加商品: 朵唯 懂小姐美颜自拍女性机 (C9) 薄荷绿 移动4G手机','192.168.1.189'),(812,1437531325,1,'编辑商品: 朵唯 懂小姐美颜自拍女性机 (C9) 薄荷绿 移动4G手机','192.168.1.189'),(813,1437531346,1,'编辑商品: 朵唯 懂小姐美颜自拍女性机 (C9) 薄荷绿 移动4G手机','192.168.1.189'),(814,1437531448,1,'添加商品: 迪奥(Dior) EDT CD 花漾甜心女士香水100ML','192.168.1.146'),(815,1437531449,1,'编辑商品分类: 手机数码','192.168.1.189'),(816,1437531516,1,'添加商品: HEINEKEN 喜力啤酒 啤酒 罐装 500ml*24罐','192.168.1.162'),(817,1437531560,1,'添加商品: HEINEKEN 喜力啤酒 啤酒 罐装 330ml*24罐','192.168.1.162'),(818,1437531603,1,'添加商品: 德国库斯特石头白啤酒5L 原装 进口大桶啤酒','192.168.1.162'),(819,1437531646,1,'添加商品: Dior迪奥女士香水豪华礼物套装 礼盒套装*真我*甜心*魅惑各5ML','192.168.1.146'),(820,1437531655,1,'添加商品: 百威啤酒500ml*18听','192.168.1.162'),(821,1437531660,1,'添加商品: 摩托罗拉 moto x pro(XT1115) 64GB 雅典黑 移动联通电信4G手机','192.168.1.189'),(822,1437531671,1,'编辑商品: 摩托罗拉 moto x pro(XT1115) 64GB 雅典黑 移动联通电信4G手机','192.168.1.189'),(823,1437531716,1,'添加商品: 德国啤酒原装进口 慕尼黑富兰教士纯麦白啤酒 500ml*24听','192.168.1.162'),(824,1437531743,1,'编辑商品: 朵唯 懂小姐美颜自拍女性机 (C9) 薄荷绿 移动4G手机','192.168.1.189'),(825,1437531759,1,'编辑商品: 朵唯 懂小姐美颜自拍女性机 (C9) 薄荷绿 移动4G手机','192.168.1.189'),(826,1437531793,1,'编辑商品: 德国库斯特石头白啤酒5L 原装 进口大桶啤酒','192.168.1.162'),(827,1437532120,1,'添加商品: 雪花啤酒 清爽8度500ml*24听/纸装箱 ','192.168.1.162'),(828,1437532200,1,'添加商品: 原版喜力听装啤酒 Heineken海尼根500ml*24听','192.168.1.162'),(829,1437532283,1,'添加商品: 哈马 韩国 单手操作器 魔力贴 U形手机支架创意可爱懒人支架 单个绿色','192.168.1.189'),(830,1437532294,1,'编辑商品: 哈马 韩国 单手操作器 魔力贴 U形手机支架创意可爱懒人支架 单个绿色','192.168.1.189'),(831,1437532312,1,'添加商品: 果啤330ml*24听水蜜桃口味 果酒','192.168.1.162'),(832,1437532335,1,'编辑商品: 哈马 韩国 单手操作器 魔力贴 U形手机支架创意可爱懒人支架 单个绿色','192.168.1.189'),(833,1437532349,1,'商品: 179','192.168.1.189'),(834,1437532349,1,'商品: 179','192.168.1.189'),(835,1437532379,1,'编辑商品: 哈马 韩国 单手操作器 魔力贴 U形手机支架创意可爱懒人支架 单个绿色','192.168.1.189'),(836,1437532546,1,'添加商品: 新的橙味浓缩水果饮料 840ml 洋酒 鸡尾酒必备辅料','192.168.1.162'),(837,1437532636,1,'添加商品: 光明风味发酵乳1.5kg/瓶','192.168.1.162'),(838,1437532671,1,'添加商品: 幻响（i-mu）百变羊 创意指环扣 手机支架 双指环 360度旋转 防止手机滑落 金属材质 强力粘胶','192.168.1.189'),(839,1437532682,1,'编辑商品: 摩托罗拉 moto x pro(XT1115) 64GB 雅典黑 移动联通电信4G手机','192.168.1.189'),(840,1437532690,1,'添加商品: 风味酸牛奶风味发酵乳 原味980Gx2盒套装 ','192.168.1.162'),(841,1437532716,1,'编辑商品: 幻响（i-mu）百变羊 创意指环扣 手机支架 双指环 360度旋转 防止手机滑落 金属材质 强力粘胶','192.168.1.189'),(842,1437532802,1,'添加商品: 赛鲸 常青藤懒人手机支架 床上床头支架 万向调节 太空蓝','192.168.1.189'),(843,1437532813,1,'编辑商品: 赛鲸 常青藤懒人手机支架 床上床头支架 万向调节 太空蓝','192.168.1.189'),(844,1437532831,1,'添加商品: 王老吉 凉茶 饮料 250ml*16盒/箱 凉茶饮料 植物饮料','192.168.1.162'),(845,1437532892,1,'添加商品: 云南 大益 普洱茶 7572 熟茶 云南七子饼357g','192.168.1.162'),(846,1437532915,1,'添加商品: SENBOWE 安卓系统遥控摄像视频间谍汽车玩具 白色','192.168.1.189'),(847,1437532927,1,'编辑商品: SENBOWE 安卓系统遥控摄像视频间谍汽车玩具 白色','192.168.1.189'),(848,1437532937,1,'添加商品: 普洱茶 生茶 饼茶 2015年头春纯料古树新茶 布朗300','192.168.1.162'),(849,1437532975,1,'添加商品: 醇品普洱茶熟茶叶饼茶357g','192.168.1.162'),(850,1437533017,1,'添加商品: 雪奈儿 金属边框手机壳套保护壳新款 适用于苹果iPhone6/Plus 4.7英寸 利剑i6土豪金5.5','192.168.1.189'),(851,1437533027,1,'编辑商品: 雪奈儿 金属边框手机壳套保护壳新款 适用于苹果iPhone6/Plus 4.7英寸 利剑i6土豪金5.5','192.168.1.189'),(852,1437533060,1,'编辑商品: SENBOWE 安卓系统遥控摄像视频间谍汽车玩具 白色','192.168.1.189'),(853,1437533110,1,'编辑商品: 赛鲸 常青藤懒人手机支架 床上床头支架 万向调节 太空蓝','192.168.1.189'),(854,1437533155,1,'编辑商品: 醇品普洱茶熟茶叶饼茶357g','192.168.1.162'),(855,1437533166,1,'编辑商品: 普洱茶 生茶 饼茶 2015年头春纯料古树新茶 布朗300','192.168.1.162'),(856,1437533176,1,'编辑商品: 云南 大益 普洱茶 7572 熟茶 云南七子饼357g','192.168.1.162'),(857,1437533187,1,'编辑商品: 王老吉 凉茶 饮料 250ml*16盒/箱 凉茶饮料 植物饮料','192.168.1.162'),(858,1437533237,1,'添加商品: Genuinetek 手机信号放大器DS2H_A手机信号增强器移动联通接收器全套装','192.168.1.189'),(859,1437533248,1,'编辑商品: Genuinetek 手机信号放大器DS2H_A手机信号增强器移动联通接收器全套装','192.168.1.189'),(860,1437533346,1,'添加商品: 法国进口 雀巢（Nestle） 金牌咖啡法式烘焙 100g','192.168.1.162'),(861,1437533394,1,'添加商品: 法国进口 雀巢（Nestle） 金牌咖啡法式烘焙 50g','192.168.1.162'),(862,1437533447,1,'添加商品: 麦斯威尔三合一白咖啡（5+1）条*25g','192.168.1.162'),(863,1437533514,1,'添加商品: 雀巢（Nestle）雀巢咖啡1+2原味 700g','192.168.1.162'),(864,1437533567,1,'编辑商品: 法国进口 雀巢（Nestle） 金牌咖啡法式烘焙 100g','192.168.1.162'),(865,1437533876,1,'编辑商品: 雅鹿全棉四件套纯棉套件床上用品 回忆蓝 1.8米床','192.168.1.119'),(866,1437533931,1,'编辑商品: 雅鹿全棉四件套纯棉套件床上用品 回忆蓝 1.8米床','192.168.1.119'),(867,1437534001,1,'编辑商品: 优雅100 经典设计款全棉斜纹印花四件套','192.168.1.119'),(868,1437534056,1,'编辑商品: LOVO 罗莱家纺出品全棉斜纹床品套件四件套 兔斯基','192.168.1.119'),(869,1437534087,1,'编辑商品: 摩登生活 法式梳妆台欧式梳妆台实木梳妆台','192.168.1.119'),(870,1437534094,1,'添加商品: 一丁（EADING） EA-CZB 一丁魔盒超级智能插座 手机APP控制 B款','192.168.1.189'),(871,1437534106,1,'编辑商品: 一丁（EADING） EA-CZB 一丁魔盒超级智能插座 手机APP控制 B款','192.168.1.189'),(872,1437534109,1,'编辑商品: 全是美 小户型梳妆台 欧式梳妆台 现代 简约','192.168.1.119'),(873,1437534127,1,'编辑商品: 铂尼诗 家具 床 皮床 卧室家具套装','192.168.1.119'),(874,1437534141,1,'编辑商品: 艾生活 真皮床双人床 独特围边 精细做工 卧室家具','192.168.1.119'),(875,1437534171,1,'编辑商品: 柏年好禾 家具 欧式床 真皮实木床 法式田园公主床','192.168.1.119'),(876,1437534182,1,'添加商品: MATE 智能蓝牙手表手机电话蓝牙手表带MP3能打电话适用于苹果三星电信华为小米 土豪金','192.168.1.189'),(877,1437534190,1,'编辑商品: MATE 智能蓝牙手表手机电话蓝牙手表带MP3能打电话适用于苹果三星电信华为小米 土豪金','192.168.1.189'),(878,1437534278,1,'编辑商品: 全是美 小户型梳妆台 欧式梳妆台 现代 简约','192.168.1.119'),(879,1437534328,1,'编辑商品: 艾生活 真皮床双人床 独特围边 精细做工 卧室家具','192.168.1.119'),(880,1437534368,1,'添加商品: 爱度ay819无线蓝牙音箱便携迷你小音响插卡u盘低音炮电脑笔记本音箱 白色','192.168.1.189'),(881,1437534382,1,'编辑商品: 爱度ay819无线蓝牙音箱便携迷你小音响插卡u盘低音炮电脑笔记本音箱 白色','192.168.1.189'),(882,1437534500,1,'编辑商品: 柏年好禾 家具 欧式床 真皮实木床 法式田园公主床','192.168.1.119'),(883,1437534561,1,'添加商品: 爱度AY800蓝牙音箱手机电脑迷你音响无线便携插卡低音炮 带蓝牙自拍 土豪金','192.168.1.189'),(884,1437534571,1,'编辑商品: 爱度AY800蓝牙音箱手机电脑迷你音响无线便携插卡低音炮 带蓝牙自拍 土豪金','192.168.1.189'),(885,1437534638,1,'添加商品: X-Vibe3.0 酷丸第三代共振音箱 智能互动音响 创意迷你胶囊便携式共振音响 黑+橙线 现货','192.168.1.189'),(886,1437534649,1,'编辑商品: X-Vibe3.0 酷丸第三代共振音箱 智能互动音响 创意迷你胶囊便携式共振音响 黑+橙线 现货','192.168.1.189'),(887,1437534786,1,'添加商品: 安索夫迷你电脑USB2.0小音箱可爱熊猫便携笔记本台式电脑音箱 音响','192.168.1.189'),(888,1437534795,1,'编辑商品: 安索夫迷你电脑USB2.0小音箱可爱熊猫便携笔记本台式电脑音箱 音响','192.168.1.189'),(889,1437534942,1,'添加商品: PowerCube魔方插座接线板 创意多功能荷兰Allocacoc模方插座 办公神器 USB款/无延长线直插(蓝)','192.168.1.189'),(890,1437534951,1,'编辑商品: PowerCube魔方插座接线板 创意多功能荷兰Allocacoc模方插座 办公神器 USB款/无延长线直插(蓝)','192.168.1.189'),(891,1437535223,1,'添加商品: 安索夫太空人迷你可爱个性发光手机电脑音箱USB低音炮便携笔记本小音响 暑期大促 白色','192.168.1.189'),(892,1437535259,1,'编辑商品: 安索夫太空人迷你可爱个性发光手机电脑音箱USB低音炮便携笔记本小音响 暑期大促 白色','192.168.1.189'),(893,1437535324,1,'添加商品: 索爱（soaiy）S-20 便携式蓝牙数码插卡智能音箱 青春版 珍珠白','192.168.1.189'),(894,1437535334,1,'编辑商品: 索爱（soaiy）S-20 便携式蓝牙数码插卡智能音箱 青春版 珍珠白','192.168.1.189'),(895,1437535415,1,'添加商品: 洛斐（Lofree）创意无线蓝牙音箱音响 电脑音箱 EDGE锋芒3C建筑美学','192.168.1.189'),(896,1437535425,1,'编辑商品: 洛斐（Lofree）创意无线蓝牙音箱音响 电脑音箱 EDGE锋芒3C建筑美学','192.168.1.189'),(897,1437535907,1,'添加商品: 三星 Galaxy S6 edge（G9250）32G版 铂光金 移动联通电信4G手机','192.168.1.189'),(898,1437535941,1,'编辑商品: 三星 Galaxy S6 edge（G9250）32G版 铂光金 移动联通电信4G手机','192.168.1.189'),(899,1437535975,1,'编辑商品: 三星 Galaxy S6 edge（G9250）32G版 铂光金 移动联通电信4G手机','192.168.1.189'),(900,1437535992,1,'商品: 207','192.168.1.189'),(901,1437535992,1,'商品: 207','192.168.1.189'),(902,1437535992,1,'商品: 207','192.168.1.189'),(903,1437536055,1,'编辑商品: 三星 Galaxy S6 edge（G9250）32G版 铂光金 移动联通电信4G手机','192.168.1.189'),(904,1437536169,1,'编辑商店设置: ','192.168.1.189'),(905,1437536276,1,'编辑商品分类: 进口水果','192.168.1.189'),(906,1437536308,1,'编辑商品分类: 糖果巧克力','192.168.1.189'),(907,1437536318,1,'编辑商品分类: 牛奶乳品','192.168.1.189'),(908,1437536356,1,'编辑商品: 蟹黄包180g 火锅丸子澳门豆捞食材蟹籽包 蟹子丸 海鲜水产 鱼丸蟹类制品','192.168.1.189'),(909,1437536384,1,'编辑商品: 悦胜 挪威超新鲜三文鱼 三文鱼中段刺身进口海鲜 广东2份包邮 三文鱼新鲜 500g','192.168.1.189'),(910,1437536834,1,'编辑商品分类: 女装馆','192.168.1.189'),(911,1437582960,1,'编辑商品分类: 手机数码','192.168.1.189'),(912,1437583048,1,'编辑商品分类: 手机数码','192.168.1.189'),(913,1437583149,1,'编辑商品: 三星 Galaxy S6 edge（G9250）32G版 铂光金 移动联通电信4G手机','192.168.1.189'),(914,1437583160,1,'编辑属性: 版本','192.168.1.189'),(915,1437583191,1,'编辑商品: 三星 Galaxy S6 edge（G9250）32G版 铂光金 移动联通电信4G手机','192.168.1.189'),(916,1437583233,1,'编辑商品: 摩托罗拉 moto x pro(XT1115) 64GB 雅典黑 移动联通电信4G手机','192.168.1.189'),(917,1437583252,1,'编辑商品: 朵唯 懂小姐美颜自拍女性机 (C9) 薄荷绿 移动4G手机','192.168.1.189'),(918,1437583273,1,'编辑商品: HTC One M9w 联通4G手机 乌金灰','192.168.1.189'),(919,1437583296,1,'编辑商品: 三星 Galaxy S6 edge（G9250）32G版 铂光金 移动联通电信4G手机','192.168.1.189'),(920,1437583349,1,'编辑商品分类: 手机数码','192.168.1.189'),(921,1437583369,1,'添加商品: 雅培(Abbott) 亲体 金装喜康力幼儿配方奶粉 3段（1-3岁幼儿适用）','192.168.1.125'),(922,1437583379,1,'编辑商品: 雅培(Abbott) 亲体 金装喜康力幼儿配方奶粉 3段（1-3岁幼儿适用）','192.168.1.125'),(923,1437583395,1,'编辑商品: 苹果（Apple）iPhone 6 (A1586) 16GB 金色 移动联通电信4G手机','192.168.1.189'),(924,1437583419,1,'编辑商品: 苹果（Apple）iPhone 6 Plus (A1524) 16GB 金色 移动联通电信4G手机','192.168.1.189'),(925,1437583449,1,'编辑商品: 小米（MI）小米Note 移动联通双4G 特别版(16G ROM)','192.168.1.189'),(926,1437583512,1,'编辑商店设置: ','192.168.1.189'),(927,1437583558,1,'编辑商店设置: ','192.168.1.189'),(928,1437583577,1,'添加商品:       雀巢(Nestle)超级能恩幼儿配方奶粉 3段 800克(德国原装进口、适度水解配方、全面营养 )     雀巢(Nestle)超级能恩幼儿配方奶粉 3段 800克(德国原装进口、适度水解配方、全面营养 )     雀巢(Nestle)超级能恩幼儿配方奶粉 3段 800克(德国原装进口、适度水解配方、全面营养 )     雀巢(Nestle)超级能恩幼儿配方奶粉 3段 800克(德国原装进口、适度水解配方、全面营养 )     雀巢(Nestle)超级能恩幼儿配方奶粉 3段 800','192.168.1.125'),(929,1437583601,1,'编辑商品: 雀巢(Nestle)超级能恩幼儿配方奶粉 3段 800克','192.168.1.125'),(930,1437583649,1,'编辑商品: 雀巢(Nestle)超级能恩幼儿配方奶粉 3段 800克','192.168.1.125'),(931,1437583679,1,'编辑商品: 高端2015夏装新款修身淑坊女女装蕾丝短袖复女连衣裙装','192.168.1.189'),(932,1437583706,1,'编辑商品: 雅培(Abbott) 亲体 金装喜康力幼儿配方奶粉 3段（1-3岁幼儿适用）','192.168.1.125'),(933,1437583812,1,'添加商品: 惠氏(Wyeth)S-26金装爱儿乐婴儿配方奶粉 1段 900克','192.168.1.125'),(934,1437583822,1,'编辑商品: 惠氏(Wyeth)S-26金装爱儿乐婴儿配方奶粉 1段 900克','192.168.1.125'),(935,1437583917,1,'编辑商品: 惠氏(Wyeth)S-26金装爱儿乐婴儿配方奶粉 1段 900克','192.168.1.125'),(936,1437583949,1,'编辑商品分类: 男装馆','192.168.1.189'),(937,1437584061,1,'编辑商品分类: 内衣馆','192.168.1.189'),(938,1437584113,1,'添加商品:       伊利 金领冠珍护幼儿配方奶粉 3段(1-3岁幼儿适用) 800克     伊利 金领冠珍护幼儿配方奶粉 3段(1-3岁幼儿适用) 800克     伊利 金领冠珍护幼儿配方奶粉 3段(1-3岁幼儿适用) 800克     伊利 金领冠珍护幼儿配方奶粉 3段(1-3岁幼儿适用) 800克     伊利 金领冠珍护幼儿配方奶粉 3段(1-3岁幼儿适用) 800克  商品编号：1072082 关注商品 分享 伊利 金领冠珍护幼儿配方奶粉 3段(1-3岁幼儿适用) 800克','192.168.1.125'),(939,1437584133,1,'编辑商品: 伊利 金领冠珍护幼儿配方奶粉 3段(1-3岁幼儿适用)','192.168.1.125'),(940,1437584166,1,'编辑商品: 伊利 金领冠珍护幼儿配方奶粉 3段(1-3岁幼儿适用)','192.168.1.125'),(941,1437584261,1,'编辑商品: 雀巢（Nestle）雀巢咖啡1+2原味 700g','192.168.1.189'),(942,1437584278,1,'添加商品: 飞鹤(FIRMUS)超级飞帆臻爱倍护幼儿配方奶粉','192.168.1.125'),(943,1437584284,1,'编辑商品: 麦斯威尔三合一白咖啡（5+1）条*25g','192.168.1.189'),(944,1437584304,1,'编辑商品: 法国进口 雀巢（Nestle） 金牌咖啡法式烘焙 50g','192.168.1.189'),(945,1437584341,1,'添加广告位置: 频道页-分类ID1-左侧图片1','192.168.1.162'),(946,1437584360,1,'添加广告位置: 频道页-分类ID1-左侧图片2','192.168.1.162'),(947,1437584369,1,'添加广告位置: 频道页-分类ID1-左侧图片3','192.168.1.162'),(948,1437584402,1,'编辑商品: 德国啤酒原装进口 慕尼黑富兰教士纯麦白啤酒 500ml*24听','192.168.1.189'),(949,1437584420,1,'编辑商品: 飞鹤(FIRMUS)超级飞帆臻爱倍护幼儿配方奶粉','192.168.1.125'),(950,1437584422,1,'编辑商品: 雪花啤酒 清爽8度500ml*24听/纸装箱 ','192.168.1.189'),(951,1437584435,1,'编辑商品: 飞鹤(FIRMUS)超级飞帆臻爱倍护幼儿配方奶粉','192.168.1.125'),(952,1437584445,1,'编辑商品: 原版喜力听装啤酒 Heineken海尼根500ml*24听','192.168.1.189'),(953,1437584472,1,'编辑商品: 果啤330ml*24听水蜜桃口味 果酒','192.168.1.189'),(954,1437584516,1,'添加广告: 频道页-分类ID1-左侧图片1','192.168.1.162'),(955,1437584645,1,'编辑商品: 美国西北车厘子 1斤装 进口水果新鲜樱桃水果','192.168.1.189'),(956,1437584677,1,'添加商品: 亨氏 (Heinz) 甜嫩玉米泥 113g','192.168.1.125'),(957,1437584677,1,'编辑商品: 加拿大樱桃 2斤装 车厘子 樱桃 进口水果 新鲜水果','192.168.1.189'),(958,1437584699,1,'编辑商品: 亨氏 (Heinz) 甜嫩玉米泥 113g','192.168.1.125'),(959,1437584717,1,'编辑商品: 美国西北车厘子 1斤装 进口水果新鲜樱桃水果','192.168.1.189'),(960,1437584717,1,'编辑商品: 亨氏 (Heinz) 甜嫩玉米泥 113g','192.168.1.125'),(961,1437584779,1,'添加广告: 频道页-分类ID1-左侧图片2','192.168.1.162'),(962,1437584814,1,'添加广告: 频道页-分类ID1-左侧图片3','192.168.1.162'),(963,1437584874,1,'添加商品:       亨氏 (Heinz) 乐维滋果汁泥-苹果黑加仑 (1-3岁适用) 120g     亨氏 (Heinz) 乐维滋果汁泥-苹果黑加仑 (1-3岁适用) 120g     亨氏 (Heinz) 乐维滋果汁泥-苹果黑加仑 (1-3岁适用) 120g  商品编号：956573 关注商品 分享 亨氏 (Heinz) 乐维滋果汁泥-苹果黑加仑 (1-3岁适用) 120g','192.168.1.125'),(964,1437584902,1,'编辑商品: 亨氏 (Heinz) 乐维滋果汁泥-苹果黑加仑 (1-3岁适用) 120g','192.168.1.125'),(965,1437584974,1,'编辑商品: 安琦诺 夏装新品孕妇装 韩版休闲外出服喂奶衣套装','192.168.1.125'),(966,1437585114,1,'添加商品: HiPP喜宝 德国原装进口婴幼儿辅食肉泥','192.168.1.125'),(967,1437585131,1,'编辑商品: HiPP喜宝 德国原装进口婴幼儿辅食肉泥','192.168.1.125'),(968,1437585253,1,'编辑商品: 安琦诺 夏装新品孕妇装 韩版休闲外出服喂奶衣套装','192.168.1.125'),(969,1437585303,1,'编辑商品: 恩诺童新生儿奶瓶宝宝宽口径ppsu婴儿奶瓶','192.168.1.125'),(970,1437585439,1,'添加广告位置: 频道页-分类ID2-图片1','192.168.1.162'),(971,1437585458,1,'添加商品:       哈罗闪sanosan婴儿洗发露沐浴乳二合一500ml儿童洗发水宝宝沐浴露 进口婴儿洗浴用品     哈罗闪sanosan婴儿洗发露沐浴乳二合一500ml儿童洗发水宝宝沐浴露 进口婴儿洗浴用品     哈罗闪sanosan婴儿洗发露沐浴乳二合一500ml儿童洗发水宝宝沐浴露 进口婴儿洗浴用品     哈罗闪sanosan婴儿洗发露沐浴乳二合一500ml儿童洗发水宝宝沐浴露 进口婴儿洗浴用品     哈罗闪sanosan婴儿洗发露沐浴乳二合一500ml儿童洗发水宝宝沐浴露 进口婴儿洗浴','192.168.1.125'),(972,1437585466,1,'添加广告位置: 频道页-分类ID2-图片2','192.168.1.162'),(973,1437585478,1,'编辑商品: 哈罗闪sanosan婴儿洗发露沐浴乳二合一','192.168.1.125'),(974,1437585579,1,'添加商品: 盈泰 充气游泳池家庭成人大型超大号儿童游泳池','192.168.1.125'),(975,1437585591,1,'编辑商品: 盈泰 充气游泳池家庭成人大型超大号儿童游泳池','192.168.1.125'),(976,1437585608,1,'添加广告位置: 频道页-分类ID2-图片3','192.168.1.162'),(977,1437585626,1,'编辑广告位置: 频道页-分类ID2-图片1','192.168.1.162'),(978,1437585647,1,'编辑广告位置: 频道页-分类ID2-左侧图片1','192.168.1.162'),(979,1437585652,1,'编辑广告位置: 频道页-分类ID2-左侧图片2','192.168.1.162'),(980,1437585667,1,'编辑商品: 盈泰 充气游泳池家庭成人大型超大号儿童游泳池','192.168.1.125'),(981,1437585671,1,'编辑广告位置: 频道页-分类ID2-图片2','192.168.1.162'),(982,1437585674,1,'编辑广告位置: 频道页-分类ID2-图片1','192.168.1.162'),(983,1437585726,1,'编辑广告位置: 频道页-分类ID1-图片3','192.168.1.162'),(984,1437585728,1,'编辑广告位置: 频道页-分类ID1-图片2','192.168.1.162'),(985,1437585732,1,'编辑广告位置: 频道页-分类ID1-图片1','192.168.1.162'),(986,1437585744,1,'编辑广告: 频道页-分类ID1-图片1','192.168.1.162'),(987,1437585746,1,'编辑广告: 频道页-分类ID1-图片2','192.168.1.162'),(988,1437585747,1,'添加商品: 欧培(OPEN)儿童洗澡桶 加厚环保塑料宝宝沐浴桶大号','192.168.1.125'),(989,1437585748,1,'编辑广告: 频道页-分类ID1-图片3','192.168.1.162'),(990,1437585757,1,'编辑商品: 欧培(OPEN)儿童洗澡桶 加厚环保塑料宝宝沐浴桶大号','192.168.1.125'),(991,1437585843,1,'添加商品: 润本 儿童宝宝无味电热蚊香液 婴儿无刺激(无味型)','192.168.1.125'),(992,1437585857,1,'编辑商品: 润本 儿童宝宝无味电热蚊香液 婴儿无刺激(无味型)','192.168.1.125'),(993,1437585967,1,'添加商品:       润本（RUNBEN）驱蚊手环 植物精油驱蚊贴3条装     润本（RUNBEN）驱蚊手环 植物精油驱蚊贴3条装     润本（RUNBEN）驱蚊手环 植物精油驱蚊贴3条装     润本（RUNBEN）驱蚊手环 植物精油驱蚊贴3条装     润本（RUNBEN）驱蚊手环 植物精油驱蚊贴3条装  商品编号：1570509 关注商品 分享 润本（RUNBEN）驱蚊手环 植物精油驱蚊贴3条装','192.168.1.125'),(994,1437585978,1,'添加会员等级: 普通会员','192.168.1.189'),(995,1437585995,1,'编辑商品: 润本（RUNBEN）驱蚊手环 植物精油驱蚊贴3条装','192.168.1.125'),(996,1437586006,1,'添加会员等级: 铜牌会员','192.168.1.189'),(997,1437586022,1,'添加会员等级: 金牌会员','192.168.1.189'),(998,1437586051,1,'添加会员等级: 钻石会员','192.168.1.189'),(999,1437586064,1,'编辑会员等级: 钻石会员','192.168.1.189'),(1000,1437586074,1,'编辑会员等级: 普通会员','192.168.1.189'),(1001,1437586116,1,'添加商品: 易简 专业婴儿儿童理发器 充电防水静音/HK668A(小鱼）','192.168.1.125'),(1002,1437586117,1,'编辑会员等级: 铜牌会员','192.168.1.189'),(1003,1437586117,1,'编辑会员等级: 金牌会员','192.168.1.189'),(1004,1437586118,1,'编辑会员等级: 钻石会员','192.168.1.189'),(1005,1437586129,1,'编辑商品: 易简 专业婴儿儿童理发器 充电防水静音/HK668A(小鱼）','192.168.1.125'),(1006,1437586138,1,'添加积分可兑换的商品: 78','192.168.1.146'),(1007,1437586154,1,'编辑积分可兑换的商品: 78','192.168.1.146'),(1008,1437586173,1,'添加积分可兑换的商品: 100','192.168.1.146'),(1009,1437586196,1,'添加红包类型: 商品红包5元','192.168.1.189'),(1010,1437586203,1,'添加积分可兑换的商品: 88','192.168.1.146'),(1011,1437586216,1,'编辑积分可兑换的商品: 88','192.168.1.146'),(1012,1437586254,1,'删除文章: 88','192.168.1.146'),(1013,1437586269,1,'添加积分可兑换的商品: 81','192.168.1.146'),(1014,1437586339,1,'添加积分可兑换的商品: 102','192.168.1.146'),(1015,1437586377,1,'添加积分可兑换的商品: 110','192.168.1.146'),(1016,1437586390,1,'添加红包类型: 用户红包10元','192.168.1.189'),(1017,1437586404,1,'编辑红包类型: 用户红包10元','192.168.1.189'),(1018,1437586405,1,'删除文章: 78','192.168.1.146'),(1019,1437586423,1,'添加积分可兑换的商品: 97','192.168.1.146'),(1020,1437586441,1,'添加积分可兑换的商品: 56','192.168.1.146'),(1021,1437586455,1,'编辑积分可兑换的商品: 56','192.168.1.146'),(1022,1437586458,1,'编辑积分可兑换的商品: 81','192.168.1.146'),(1023,1437586459,1,'编辑积分可兑换的商品: 56','192.168.1.146'),(1024,1437586462,1,'编辑积分可兑换的商品: 56','192.168.1.146'),(1025,1437586466,1,'编辑积分可兑换的商品: 81','192.168.1.146'),(1026,1437586472,1,'编辑积分可兑换的商品: 97','192.168.1.146'),(1027,1437586473,1,'添加商品: 美姿蓝 家具 床 皮床 皮艺床 双人床 真皮床','192.168.1.125'),(1028,1437586477,1,'编辑积分可兑换的商品: 100','192.168.1.146'),(1029,1437586485,1,'编辑商品: 美姿蓝 家具 床 皮床 皮艺床 双人床 真皮床','192.168.1.125'),(1030,1437586488,1,'编辑积分可兑换的商品: 102','192.168.1.146'),(1031,1437586492,1,'编辑积分可兑换的商品: 110','192.168.1.146'),(1032,1437586520,1,'添加积分可兑换的商品: 29','192.168.1.146'),(1033,1437586534,1,'编辑商品: LOVO 罗莱家纺出品全棉斜纹床品套件四件套 兔斯基','192.168.1.125'),(1034,1437586552,1,'编辑商品: 柏年好禾 家具 欧式床 真皮实木床 法式田园公主床','192.168.1.125'),(1035,1437586554,1,'添加积分可兑换的商品: 86','192.168.1.146'),(1036,1437586569,1,'编辑商品: 艾生活 真皮床双人床 独特围边 精细做工 卧室家具','192.168.1.125'),(1037,1437586573,1,'添加积分可兑换的商品: 51','192.168.1.146'),(1038,1437586605,1,'编辑商品: 全是美 小户型梳妆台 欧式梳妆台 现代 简约','192.168.1.125'),(1039,1437586619,1,'编辑商品: 摩登生活 法式梳妆台欧式梳妆台实木梳妆台','192.168.1.125'),(1040,1437586760,1,'添加积分可兑换的商品: 63','192.168.1.146'),(1041,1437586786,1,'添加商品: 乐和居 双人床 床 榻榻米床 头层真皮','192.168.1.125'),(1042,1437586798,1,'编辑商品: 乐和居 双人床 床 榻榻米床 头层真皮','192.168.1.125'),(1043,1437586811,1,'添加积分可兑换的商品: 52','192.168.1.146'),(1044,1437586816,1,'添加拍卖活动: 新机头三星 Galaxy S6 edge（G9250）32G版 铂光金','192.168.1.189'),(1045,1437586828,1,'添加积分可兑换的商品: 62','192.168.1.146'),(1046,1437586851,1,'添加积分可兑换的商品: 91','192.168.1.146'),(1047,1437586877,1,'添加积分可兑换的商品: 79','192.168.1.146'),(1048,1437586887,1,'添加商品: 中派 进口芬兰松木家具实木儿童高低床子母床上下铺带梯柜双层床','192.168.1.125'),(1049,1437586894,1,'添加积分可兑换的商品: 101','192.168.1.146'),(1050,1437586895,1,'编辑广告位置: 频道页-分类ID2-图片1','192.168.1.162'),(1051,1437586899,1,'编辑商品: 中派 进口芬兰松木家具实木儿童高低床子母床上下铺带梯柜双层床','192.168.1.125'),(1052,1437586914,1,'添加积分可兑换的商品: 92','192.168.1.146'),(1053,1437586917,1,'添加广告: 频道页-分类ID2-图片1','192.168.1.162'),(1054,1437586937,1,'添加积分可兑换的商品: 85','192.168.1.146'),(1055,1437586953,1,'添加积分可兑换的商品: 30','192.168.1.146'),(1056,1437586989,1,'添加积分可兑换的商品: 94','192.168.1.146'),(1057,1437587023,1,'添加积分可兑换的商品: 105','192.168.1.146'),(1058,1437587059,1,'编辑拍卖活动: 新机头三星 Galaxy S6 edge（G9250）32G版 铂光金','192.168.1.189'),(1059,1437587067,1,'删除文章: 51','192.168.1.146'),(1060,1437587088,1,'添加积分可兑换的商品: 31','192.168.1.146'),(1061,1437587090,1,'添加商品:       樱之歌 52头 紫玉情缘 餐具套装     樱之歌 52头 紫玉情缘 餐具套装     樱之歌 52头 紫玉情缘 餐具套装     樱之歌 52头 紫玉情缘 餐具套装     樱之歌 52头 紫玉情缘 餐具套装     樱之歌 52头 紫玉情缘 餐具套装     樱之歌 52头 紫玉情缘 餐具套装     樱之歌 52头 紫玉情缘 餐具套装     樱之歌 52头 紫玉情缘 餐具套装     樱之歌 52头 紫玉情缘 餐具套装     樱之歌 52头 紫玉情缘 餐具套装     樱','192.168.1.125'),(1062,1437587108,1,'编辑商品: 樱之歌 52头 紫玉情缘 餐具套装','192.168.1.125'),(1063,1437587118,1,'删除文章: 63','192.168.1.146'),(1064,1437587128,1,'添加积分可兑换的商品: 54','192.168.1.146'),(1065,1437587146,1,'删除文章: 54','192.168.1.146'),(1066,1437587158,1,'添加积分可兑换的商品: 51','192.168.1.146'),(1067,1437587170,1,'添加商品: 亿嘉IJARL 时尚陶瓷28头韩式骨瓷餐具套装 东洋之心','192.168.1.125'),(1068,1437587177,1,'删除文章: 51','192.168.1.146'),(1069,1437587179,1,'编辑商品: 亿嘉IJARL 时尚陶瓷28头韩式骨瓷餐具套装 东洋之心','192.168.1.125'),(1070,1437587189,1,'添加积分可兑换的商品: 53','192.168.1.146'),(1071,1437587203,1,'删除文章: 53','192.168.1.146'),(1072,1437587215,1,'添加积分可兑换的商品: 55','192.168.1.146'),(1073,1437587248,1,'添加商品: 雅诚德Arst餐具套装56头套装中式碗碟套装陶瓷碗碟套装釉上彩','192.168.1.125'),(1074,1437587283,1,'编辑商品: 雅诚德Arst餐具套装56头套装中式碗碟套装陶瓷碗碟套装釉上彩','192.168.1.125'),(1075,1437587293,1,'编辑广告位置: 频道页-分类ID2-图片2','192.168.1.162'),(1076,1437587341,1,'添加广告: 频道页-分类ID2-图片2','192.168.1.162'),(1077,1437587363,1,'添加商品:       剑林 景德镇陶瓷56头韩式餐具套装 红袖添香 FZG453HX56     剑林 景德镇陶瓷56头韩式餐具套装 红袖添香 FZG453HX56     剑林 景德镇陶瓷56头韩式餐具套装 红袖添香 FZG453HX56     剑林 景德镇陶瓷56头韩式餐具套装 红袖添香 FZG453HX56     剑林 景德镇陶瓷56头韩式餐具套装 红袖添香 FZG453HX56  商品编号：1011662 关注商品 分享 剑林 景德镇陶瓷56头韩式餐具套装 红袖添香 FZG453HX56','192.168.1.125'),(1078,1437587380,1,'编辑商品: 剑林 景德镇陶瓷56头韩式餐具套装 红袖添香 FZG453HX56','192.168.1.125'),(1079,1437587416,1,'添加广告: 频道页-分类ID2-图片3-1','192.168.1.162'),(1080,1437587434,1,'添加广告: 频道页-分类ID2-图片3-2','192.168.1.162'),(1081,1437587451,1,'添加广告: 频道页-分类ID2-图片3-3','192.168.1.162'),(1082,1437587456,1,'添加商品: Jaka蝴蝶夫人浮雕陶瓷分层水果盘 点心盘子 双层三层 多款可选','192.168.1.125'),(1083,1437587464,1,'添加广告: 频道页-分类ID2-图片3-4','192.168.1.162'),(1084,1437587487,1,'添加广告: 频道页-分类ID2-图片3-5','192.168.1.162'),(1085,1437587523,1,'添加广告: 频道页-分类ID2-图片3-6','192.168.1.162'),(1086,1437587547,1,'编辑商品: Jaka蝴蝶夫人浮雕陶瓷分层水果盘 点心盘子 双层三层 多款可选','192.168.1.125'),(1087,1437587670,1,'添加商品: 304不锈钢宝宝分格餐盘 儿童餐具分隔格碗餐盘婴儿盘','192.168.1.125'),(1088,1437587680,1,'编辑商品: 304不锈钢宝宝分格餐盘 儿童餐具分隔格碗餐盘婴儿盘','192.168.1.125'),(1089,1437587762,1,'添加商品: 可爱卡通餐盘水果盘点心盘 盘子儿童托盘餐具6件套','192.168.1.125'),(1090,1437587773,1,'编辑商品: 可爱卡通餐盘水果盘点心盘 盘子儿童托盘餐具6件套','192.168.1.125'),(1091,1437587977,1,'添加商品: 奇居良品 欧式家居装饰摆件 可莉尔裂纹贴花陶瓷水果盘 ','192.168.1.125'),(1092,1437587987,1,'编辑商品: 奇居良品 欧式家居装饰摆件 可莉尔裂纹贴花陶瓷水果盘 ','192.168.1.125'),(1093,1437588002,1,'添加拍卖活动: 海尔HGS-2164手持蒸汽挂烫机家用挂式电熨斗熨烫机正品全国联保','192.168.1.189'),(1094,1437588165,1,'编辑拍卖活动: 海尔HGS-2164手持蒸汽挂烫机家用挂式电熨斗熨烫机正品全国联保','192.168.1.189'),(1095,1437588709,1,'添加广告位置: 积分商城banner广告1','192.168.1.125'),(1096,1437588719,1,'添加广告位置: 积分商城banner广告2','192.168.1.125'),(1097,1437588729,1,'添加广告位置: 积分商城banner广告3','192.168.1.125'),(1098,1437588738,1,'添加广告位置: 积分商城banner广告4','192.168.1.125'),(1099,1437588778,1,'添加超值礼包: 婴儿超值大礼包','192.168.1.146'),(1100,1437588860,1,'编辑超值礼包: 婴儿超值大礼包','192.168.1.146'),(1101,1437588882,1,'编辑超值礼包: 婴儿超值大礼包','192.168.1.146'),(1102,1437589059,1,'添加广告位置: 频道页面-小分类ID55-广告','192.168.1.162'),(1103,1437589232,1,'编辑超值礼包: 婴儿超值大礼包','192.168.1.146'),(1104,1437589745,1,'添加广告: 积分商城banner广告1','192.168.1.125'),(1105,1437589765,1,'添加超值礼包: 数码超值搭配套餐','192.168.1.146'),(1106,1437589785,1,'编辑超值礼包: 数码超值搭配套餐','192.168.1.146'),(1107,1437589866,1,'添加广告: 积分商城banner广告2','192.168.1.125'),(1108,1437589886,1,'添加广告: 积分商城banner广告3','192.168.1.125'),(1109,1437589904,1,'添加广告: 积分商城banner广告4','192.168.1.125'),(1110,1437590006,1,'添加广告位置: 积分商城通栏广告','192.168.1.125'),(1111,1437590158,1,'添加拍卖活动: 诺优能(Nutrilon) 幼儿配方奶粉 3段(12-24个月幼儿适用) ','192.168.1.189'),(1112,1437590192,1,'编辑拍卖活动: 海尔HGS-2164手持蒸汽挂烫机家用挂式电熨斗熨烫机正品全国联保','192.168.1.189'),(1113,1437590277,1,'添加拍卖活动: 高端2015夏装新款修身淑坊女女装蕾丝短袖复女连衣裙装','192.168.1.189'),(1114,1437590303,1,'添加广告: 积分商城通栏广告','192.168.1.125'),(1115,1437590326,1,'编辑拍卖活动: 高端2015夏装新款修身淑坊女女装蕾丝短袖复女连衣裙装','192.168.1.189'),(1116,1437590394,1,'添加拍卖活动: 高端2015夏装新款修身淑坊女女装蕾丝短袖复女连衣裙装','192.168.1.189'),(1117,1437590448,1,'编辑拍卖活动: 高端2015夏装新款修身淑坊女女装蕾丝短袖复女连衣裙装','192.168.1.189'),(1118,1437590460,1,'编辑广告: 积分商城通栏广告','192.168.1.125'),(1119,1437590469,1,'添加超值礼包: 家用电器超值礼包','192.168.1.146'),(1120,1437590484,1,'编辑超值礼包: 家用电器超值礼包','192.168.1.146'),(1121,1437590497,1,'编辑超值礼包: 家用电器超值礼包','192.168.1.146'),(1122,1437590512,1,'编辑超值礼包: 家用电器超值礼包','192.168.1.146'),(1123,1437590559,1,'添加拍卖活动: 雪奈儿 金属边框手机壳套保护壳新款 适用于苹果iPhone6/Plus 4.7英寸 利剑i6土豪金5.5','192.168.1.189'),(1124,1437590623,1,'编辑拍卖活动: 高端2015夏装新款修身淑坊女女装蕾丝短袖复女连衣裙装','192.168.1.189'),(1125,1437590634,1,'编辑拍卖活动: 高端2015夏装新款修身淑坊女女装蕾丝短袖复女连衣裙装','192.168.1.189'),(1126,1437590697,1,'添加拍卖活动: 苹果（Apple）iPhone 6 (A1586) 16GB 金色 移动联通电信4G手机','192.168.1.189'),(1127,1437590733,1,'添加拍卖活动: 朵唯 懂小姐美颜自拍女性机 (C9) 薄荷绿 移动4G手机','192.168.1.189'),(1128,1437590752,1,'编辑拍卖活动: 朵唯 懂小姐美颜自拍女性机 (C9) 薄荷绿 移动4G手机','192.168.1.189'),(1129,1437590758,1,'编辑拍卖活动: 苹果（Apple）iPhone 6 (A1586) 16GB 金色 移动联通电信4G手机','192.168.1.189'),(1130,1437590809,1,'添加拍卖活动: 汽车玩具白色','192.168.1.189'),(1131,1437590918,1,'添加超值礼包: 厨房电器优惠套餐','192.168.1.146'),(1132,1437590939,1,'编辑超值礼包: 厨房电器优惠套餐','192.168.1.146'),(1133,1437591187,1,'添加广告: 频道页面-小分类ID55-广告','192.168.1.162'),(1134,1437591208,1,'添加广告位置: 频道页面-小分类ID56-广告','192.168.1.162'),(1135,1437591331,1,'添加广告: 频道页面-小分类ID56-广告','192.168.1.162'),(1136,1437591402,1,'编辑广告位置: 频道页面-小分类ID57-广告','192.168.1.162'),(1137,1437591406,1,'编辑广告: 频道页面-小分类ID57-广告','192.168.1.162'),(1138,1437591743,1,'添加超值礼包: 家庭精美厨具套餐','192.168.1.146'),(1139,1437591856,1,'添加广告位置: 拍卖列表banner广告1','192.168.1.125'),(1140,1437591865,1,'添加广告位置: 拍卖列表banner广告2','192.168.1.125'),(1141,1437591876,1,'添加广告位置: 拍卖列表banner广告3','192.168.1.125'),(1142,1437591886,1,'添加广告位置: 拍卖列表banner广告4','192.168.1.125'),(1143,1437591936,1,'添加广告: 拍卖列表banner广告1','192.168.1.125'),(1144,1437591968,1,'添加广告: 拍卖列表banner广告2','192.168.1.125'),(1145,1437592138,1,'添加广告: 拍卖列表banner广告3','192.168.1.125'),(1146,1437592156,1,'添加广告: 拍卖列表banner广告4','192.168.1.125'),(1147,1437592268,1,'编辑广告: 拍卖列表banner广告4','192.168.1.125'),(1148,1437592313,1,'编辑广告位置: 频道页面-小分类ID57-广告','192.168.1.162'),(1149,1437592328,1,'添加广告位置: 频道页面-小分类ID56-广告','192.168.1.162'),(1150,1437592348,1,'添加广告: 频道页面-小分类ID56-广告','192.168.1.162'),(1151,1437592633,1,'添加拍卖活动: 雅诚德Arst餐具套装56头套装中式碗碟套装陶瓷碗碟套装釉上彩','192.168.1.189'),(1152,1437592845,1,'添加预售商品: Lindt瑞士莲黑巧克力特醇排装德国进口 70%可可黑巧克力10块组合 特惠分享装','192.168.1.146'),(1153,1437593127,1,'添加预售商品: 昆仑玉红枣 和田香枣二级500g 新疆特产 免洗零食 和田大枣子','192.168.1.146'),(1154,1437593206,1,'添加优惠活动: [自营商品]热卖手机满10000减2000','192.168.1.189'),(1155,1437593366,1,'添加优惠活动: [自营商品]热卖手机满2000送手机配件','192.168.1.189'),(1156,1437593399,1,'添加预售商品: 墨西哥牛油果9个 牛油果 鳄梨 牛油果水果 21-24号发','192.168.1.146'),(1157,1437593429,1,'添加优惠活动: [自营商品]热卖手机满6000打9折,嗨翻全场','192.168.1.189'),(1158,1437593579,1,'添加预售商品: 台湾进口 百年老店糖之坊夏威夷果牛轧糖奶糖（蔓越莓味）120克','192.168.1.146'),(1159,1437593649,1,'编辑会员账号: anan','192.168.1.189'),(1160,1437593751,1,'添加拍卖活动: 进口 新鲜水果 车厘子1000g','192.168.1.189'),(1161,1437593827,1,'添加拍卖活动: 佳沛新西兰绿奇异果36个（原装）进口Zespri猕猴桃 新鲜水果准妈妈爱吃','192.168.1.189'),(1162,1437593905,1,'添加红包类型: 天天果园满200元送20元红包','192.168.1.189'),(1163,1437594017,1,'添加优惠活动: [天天果园]全场满500元减100元','192.168.1.189'),(1164,1437594183,1,'添加拍卖活动: 迪奥真我香水50ml','192.168.1.189'),(1165,1437594184,1,'添加预售商品: 100%桑蚕丝两件套夏季短袖真丝睡衣女套装','192.168.1.146'),(1166,1437594227,1,'添加拍卖活动: Dior迪奥 限量版彩妆盘 眼影 粉饼 睫毛膏 腮红 唇彩','192.168.1.189'),(1167,1437594252,1,'添加预售商品: 嘉云糖 300g玻璃罐装 水果硬糖 喜糖 德国进口','192.168.1.146'),(1168,1437594271,1,'添加拍卖活动: 卡姿兰','192.168.1.189'),(1169,1437594375,1,'添加预售商品: 澳大利亚 进口牛奶 德运（Devondale） 全脂牛奶 1L*10 整箱装','192.168.1.146'),(1170,1437594526,1,'添加预售商品: 一米画纱桑蚕丝吊带睡裙女夏季纯色真丝睡衣 ','192.168.1.146'),(1171,1437594631,1,'添加预售商品: 波兰 进口牛奶 日昇（MLEKOVITA）全脂牛奶1L*12盒','192.168.1.146'),(1172,1437594711,1,'添加预售商品: 德运Devondale 脱脂高钙奶粉1kg','192.168.1.146'),(1173,1437594849,1,'编辑文章分类: 广告354*454','192.168.1.125'),(1174,1437595236,1,'添加预售商品: 坚果炒货零食特产扁桃仁235gx2袋','192.168.1.146'),(1175,1437595694,1,'添加预售商品: Lindt瑞士莲黑巧克力特醇排装德国进口 70%可可黑巧克力10块组合 特惠分享装','192.168.1.146'),(1176,1437598193,1,'编辑预售商品: Lindt瑞士莲黑巧克力特醇排装德国进口 70%可可黑巧克力10块组合 特惠分享装[16]','192.168.1.146'),(1177,1437598247,1,'编辑预售商品: 除湿机家用抽湿机20B 地下室别墅吸湿器除湿器[16]','192.168.1.146'),(1178,1437598278,1,'编辑预售商品: 除湿机家用抽湿机20B 地下室别墅吸湿器除湿器[16]','192.168.1.146'),(1179,1437601701,1,'编辑预售商品: Lindt瑞士莲黑巧克力特醇排装德国进口 70%可可黑巧克力10块组合 特惠分享装[32]','192.168.1.189'),(1180,1437603103,1,'编辑广告: 首页专题广告2','192.168.1.162'),(1181,1437603116,1,'编辑广告: 首页专题广告3','192.168.1.162'),(1182,1437603123,1,'编辑广告: 首页专题广告4','192.168.1.162'),(1183,1437603131,1,'编辑广告: 首页专题广告5','192.168.1.162'),(1184,1437603513,1,'编辑文章: 广告1','192.168.1.125'),(1185,1437603709,1,'编辑优惠活动: [自营商品]热卖手机满6000打9折,嗨翻全场','192.168.1.162'),(1186,1437604271,1,'编辑优惠活动: [自营商品]热卖手机满2000送手机配件','192.168.1.162'),(1187,1437604283,1,'编辑优惠活动: [自营商品]热卖手机满10000减2000','192.168.1.162'),(1188,1437604392,0,'编辑优惠活动: [天天果园]全场满500元减100元','192.168.1.189'),(1189,1437604513,0,'编辑优惠活动: [天天果园]全场满500元减100元','192.168.1.189'),(1190,1437609363,1,'添加广告位置: 商品详情页左侧广告1','192.168.1.162'),(1191,1437609372,1,'添加广告位置: 商品详情页左侧广告2','192.168.1.162'),(1192,1437673712,1,'添加优惠活动: 加价购','192.168.1.125'),(1193,1437679957,1,'添加会员注册项: 验证手机','192.168.1.185'),(1194,1437696967,1,'安装支付方式: 支付宝','192.168.1.189'),(1195,1437696974,1,'安装支付方式: <font color=\"#FF0000\">财付通</font>','192.168.1.189'),(1196,1437696980,1,'安装支付方式: 支付宝-网银直连','192.168.1.189'),(1197,1437696986,1,'安装支付方式: 余额支付','192.168.1.189'),(1198,1437696999,1,'安装支付方式: 银联在线','192.168.1.189'),(1199,1437697009,1,'安装支付方式: 货到付款','192.168.1.189'),(1200,1437697015,1,'安装支付方式: 微信支付','192.168.1.189'),(1201,1437697071,1,'安装配送方式: 门店自提','192.168.1.189'),(1202,1437697105,1,'安装配送方式: 顺丰速运','192.168.1.189'),(1203,1437697114,1,'添加配送区域: 全国','192.168.1.189'),(1204,1437697120,1,'安装配送方式: 申通快递','192.168.1.189'),(1205,1437701043,1,'编辑商店设置: ','192.168.1.162'),(1206,1437701114,1,'编辑商店设置: ','192.168.1.162'),(1207,1437947204,1,'添加红包类型: 线上红包','192.168.1.162'),(1208,1443585081,1,'添加会员账号: test','58.61.246.150'),(1209,1443588772,1,'删除权限管理: 111','58.61.246.150'),(1210,1443588824,1,'编辑权限管理: admin888','58.61.246.150'),(1211,1443592076,1,'编辑商品: 奇居良品 欧式家居装饰摆件 可莉尔裂纹贴花陶瓷水果盘','58.61.246.150'),(1212,1443592184,1,'编辑商店设置: ','58.61.246.150'),(1213,1443592262,1,'编辑商店设置: ','58.61.246.150'),(1214,1443592290,1,'编辑商店设置: ','58.61.246.150'),(1215,1443592360,1,'编辑商店设置: ','58.61.246.150'),(1216,1443592538,1,'编辑商品: 雅鹿全棉四件套纯棉套件床上用品 回忆蓝 1.8米床','58.61.246.150'),(1217,1443592681,1,'编辑商品: 乐和居 双人床 床 榻榻米床 头层真皮','58.61.246.150'),(1218,1443592753,1,'商品: 223','58.61.246.150'),(1219,1443592753,1,'商品: 223','58.61.246.150'),(1220,1443592753,1,'商品: 223','58.61.246.150'),(1221,1443592753,1,'商品: 223','58.61.246.150'),(1222,1443592753,1,'商品: 223','58.61.246.150'),(1223,1443592753,1,'商品: 223','58.61.246.150'),(1224,1443592753,1,'商品: 223','58.61.246.150'),(1225,1443592753,1,'商品: 223','58.61.246.150'),(1226,1443592900,1,'添加: 财经大学东门','58.61.246.150'),(1227,1443592992,1,'编辑配送区域: 全国','58.61.246.150'),(1228,1443593007,1,'安装支付方式: 门店自提','58.61.246.150'),(1229,1443593823,1,'编辑订单: 2015093011423','58.61.246.150'),(1230,1443670282,1,'编辑商品分类: 服装服饰','119.131.80.20'),(1231,1443670448,1,'编辑商品分类: 服装服饰','119.131.80.20'),(1232,1443670483,1,'编辑商品分类: 个护化妆','119.131.80.20'),(1233,1443670535,1,'编辑商品分类: 个护化妆','119.131.80.20'),(1234,1443670918,1,'编辑商品分类: 服装服饰','119.131.80.20'),(1235,1443670984,1,'编辑商店设置: ','119.131.80.20'),(1236,1443687806,1,'卸载支付方式: weixin','119.131.80.20'),(1237,1443687924,1,'安装支付方式: 微信支付','119.131.80.20'),(1238,1443694658,1,'添加商品: test','119.131.80.236'),(1239,1443694703,1,'回收商品: test','119.131.80.236'),(1240,1443694717,1,'批量删除商品: ','119.131.80.236'),(1241,1443695874,1,'编辑商品: 奇居良品 欧式家居装饰摆件 可莉尔裂纹贴花陶瓷水果盘','119.131.80.236'),(1242,1443822675,4,'编辑商品: 奇居良品 欧式家居装饰摆件 可莉尔裂纹贴花陶瓷水果盘','223.73.96.14'),(1243,1443822763,4,'编辑商品: 奇居良品 欧式家居装饰摆件 可莉尔裂纹贴花陶瓷水果盘','223.73.96.14'),(1244,1443822807,4,'编辑商品: 奇居良品 欧式家居装饰摆件 可莉尔裂纹贴花陶瓷水果盘','223.73.96.14'),(1245,1443822892,4,'编辑商品: 奇居良品 欧式家居装饰摆件 可莉尔裂纹贴花陶瓷水果盘','223.73.96.14'),(1246,1443825013,4,'编辑商店设置: ','223.73.96.14'),(1247,1443825720,4,'编辑会员账号: leilei','223.73.53.94'),(1248,1443834075,4,'卸载支付方式: tenpay','223.73.193.115'),(1249,1443861999,4,'编辑会员账号: test','116.24.29.37'),(1250,1443903877,1,'编辑商店设置: ','119.131.80.236'),(1251,1443903923,1,'编辑商店设置: ','119.131.80.236'),(1252,1443904325,1,'编辑商店设置: ','119.131.80.236'),(1253,1443915354,1,'编辑支付方式: 微信支付','119.131.80.236'),(1254,1443916529,4,'删除订单: 2015100491783','119.131.80.236'),(1255,1443916529,4,'删除订单: 2015100294623','119.131.80.236'),(1256,1443916529,4,'删除订单: 2015100119406','119.131.80.236'),(1257,1443916529,4,'删除订单: 2015093011423','119.131.80.236'),(1258,1443916561,4,'删除订单: 2015100191953','119.131.80.236'),(1259,1443916561,4,'删除订单: 2015093023865','119.131.80.236'),(1260,1443916778,1,'编辑权限管理: admin888','119.131.80.236'),(1261,1443919421,1,'编辑商店设置: ','119.131.80.236'),(1262,1443920327,4,'安装支付方式: 汇款/转帐','122.13.47.64'),(1263,1443924877,1,'编辑会员账号: test','14.16.142.203'),(1264,1443925362,1,'编辑会员账号: test','14.16.142.203'),(1265,1443938689,1,'编辑权限管理: admin','119.131.71.166'),(1266,1443939794,1,'编辑权限管理: admin','119.131.71.166'),(1267,1443948016,1,'添加: test1','119.131.71.166'),(1268,1443949402,1,'添加: test1','119.131.71.166'),(1269,1443949708,1,'编辑: test1[4]','119.131.71.166'),(1270,1444002601,4,'添加商品: 测试','119.127.186.148'),(1271,1444002624,4,'编辑商品: 测试','119.127.186.148'),(1272,1444002699,4,'回收商品: 测试','119.127.186.148'),(1273,1444008307,4,'还原数据库备份: 备份时间2015-10-04 16:00:31','117.40.198.8'),(1274,1444008312,4,'还原数据库备份: 备份时间2015-10-04 16:00:31','117.40.198.8'),(1275,1444008323,4,'还原数据库备份: 备份时间2015-10-04 16:00:31','117.40.198.8'),(1276,1444009518,1,'编辑权限管理: admin','58.61.246.39'),(1277,1444010837,1,'编辑商店设置: ','192.168.147.20'),(1278,1444010893,1,'编辑商店设置: ','192.168.147.20'),(1279,1444021398,1,'编辑商店设置: ','192.168.147.20'),(1280,1447864495,1,'编辑权限管理: admin','127.0.0.1'),(1281,1447952974,1,'编辑商店设置: ','119.36.27.177'),(1282,1447953670,1,'编辑权限管理: haoid','119.36.27.177'),(1283,1461370186,1,'编辑商店设置: ','0.0.0.0'),(1284,1461387502,1,'编辑拍卖活动: 雅诚德Arst餐具套装56头套装中式碗碟套装陶瓷碗碟套装釉上彩','0.0.0.0'),(1285,1461389404,1,'编辑拍卖活动: 雅诚德Arst餐具套装56头套装中式碗碟套装陶瓷碗碟套装釉上彩','0.0.0.0'),(1286,1461389746,1,'编辑拍卖活动: 汽车玩具白色','0.0.0.0'),(1287,1461389822,1,'编辑会员账号: test','0.0.0.0'),(1288,1461390872,1,'编辑拍卖活动: 朵唯 懂小姐美颜自拍女性机 (C9) 薄荷绿 移动4G手机','0.0.0.0'),(1289,1461390890,1,'编辑拍卖活动: 朵唯 懂小姐美颜自拍女性机 (C9) 薄荷绿 移动4G手机','0.0.0.0'),(1290,1461537601,1,'删除商品分类: 奇异果猕猴桃','0.0.0.0'),(1291,1461537607,1,'删除商品分类: 释迦芭乐','0.0.0.0'),(1292,1461538072,1,'删除商品分类: 樱桃车厘子','0.0.0.0'),(1293,1461538078,1,'删除商品分类: 提子葡萄','0.0.0.0'),(1294,1461538085,1,'删除商品分类: 榴莲山竹','0.0.0.0'),(1295,1461538091,1,'删除商品分类: 凤梨蓝莓','0.0.0.0'),(1296,1461538097,1,'删除商品分类: 龙眼荔枝','0.0.0.0'),(1297,1461538103,1,'删除商品分类: 芒果桃李','0.0.0.0'),(1298,1461538110,1,'删除商品分类: 软糖','0.0.0.0'),(1299,1461538116,1,'删除商品分类: 奶糖','0.0.0.0'),(1300,1461538122,1,'删除商品分类: QQ糖','0.0.0.0'),(1301,1461538128,1,'删除商品分类: 果冻','0.0.0.0'),(1302,1461538134,1,'删除商品分类: 巧克力','0.0.0.0'),(1303,1461538139,1,'删除商品分类: 口香糖','0.0.0.0'),(1304,1461538145,1,'删除商品分类: 棒棒糖','0.0.0.0'),(1305,1461538151,1,'删除商品分类: 酸奶','0.0.0.0'),(1306,1461538158,1,'删除商品分类: 豆奶','0.0.0.0'),(1307,1461538165,1,'删除商品分类: 低脂奶','0.0.0.0'),(1308,1461538171,1,'删除商品分类: 全脂奶','0.0.0.0'),(1309,1461538177,1,'删除商品分类: 成人奶粉','0.0.0.0'),(1310,1461538185,1,'删除商品分类: 常温奶','0.0.0.0'),(1311,1461538191,1,'删除商品分类: 乳饮料','0.0.0.0'),(1312,1461538197,1,'删除商品分类: 儿童奶','0.0.0.0'),(1313,1461538203,1,'删除商品分类: 开心果','0.0.0.0'),(1314,1461538210,1,'删除商品分类: 腰果','0.0.0.0'),(1315,1461538215,1,'删除商品分类: 瓜子','0.0.0.0'),(1316,1461538222,1,'删除商品分类: 花生','0.0.0.0'),(1317,1461538228,1,'删除商品分类: 杏仁','0.0.0.0'),(1318,1461538234,1,'删除商品分类: 核桃','0.0.0.0'),(1319,1461538239,1,'删除商品分类: 夏威夷果','0.0.0.0'),(1320,1461538245,1,'删除商品分类: 碧根果','0.0.0.0'),(1321,1461538251,1,'删除商品分类: 芒果干','0.0.0.0'),(1322,1461538258,1,'删除商品分类: 香蕉干','0.0.0.0'),(1323,1461538265,1,'删除商品分类: 山楂片','0.0.0.0'),(1324,1461538276,1,'删除商品分类: 坚果炒货','0.0.0.0'),(1325,1461538302,1,'删除商品分类: 儿童防晒','0.0.0.0'),(1326,1461538308,1,'删除商品分类: 餐椅','0.0.0.0'),(1327,1461538313,1,'删除商品分类: 三轮车','0.0.0.0'),(1328,1461538318,1,'删除商品分类: 儿童家具','0.0.0.0'),(1329,1461538325,1,'删除商品分类: 睡袋/抱被','0.0.0.0'),(1330,1461538331,1,'删除商品分类: 凉席/蚊帐','0.0.0.0'),(1331,1461538337,1,'删除商品分类: 婴儿床','0.0.0.0'),(1332,1461538343,1,'删除商品分类: 手推车','0.0.0.0'),(1333,1461538348,1,'删除商品分类: 安全座椅','0.0.0.0'),(1334,1461538355,1,'删除商品分类: 孕妈奶粉','0.0.0.0'),(1335,1461538361,1,'删除商品分类: pre段','0.0.0.0'),(1336,1461538367,1,'删除商品分类: 1段','0.0.0.0'),(1337,1461538372,1,'删除商品分类: 2段','0.0.0.0'),(1338,1461538378,1,'删除商品分类: 3段','0.0.0.0'),(1339,1461538384,1,'删除商品分类: 特配奶粉','0.0.0.0'),(1340,1461538391,1,'删除商品分类: 奶嘴奶瓶','0.0.0.0'),(1341,1461538397,1,'删除商品分类: 驱蚊用品','0.0.0.0'),(1342,1461538404,1,'删除商品分类: 浴室用品','0.0.0.0'),(1343,1461538409,1,'删除商品分类: 水壶/水杯','0.0.0.0'),(1344,1461538414,1,'删除商品分类: 防溢乳垫','0.0.0.0'),(1345,1461538420,1,'删除商品分类: 吸奶器','0.0.0.0'),(1346,1461538425,1,'删除商品分类: 理发器','0.0.0.0'),(1347,1461538431,1,'删除商品分类: 防蚊/驱蚊','0.0.0.0'),(1348,1461538438,1,'删除商品分类: 爽身粉','0.0.0.0'),(1349,1461538444,1,'删除商品分类: 奶瓶清洗','0.0.0.0'),(1350,1461538450,1,'删除商品分类: 宝宝沐浴','0.0.0.0'),(1351,1461538457,1,'删除商品分类: 洗衣液/皂','0.0.0.0'),(1352,1461538463,1,'删除商品分类: 孕妇护肤','0.0.0.0'),(1353,1461538469,1,'删除商品分类: 哺乳文胸','0.0.0.0'),(1354,1461538474,1,'删除商品分类: 孕妇内裤','0.0.0.0'),(1355,1461538481,1,'删除商品分类: 防辐射服','0.0.0.0'),(1356,1461538486,1,'删除商品分类: 腰凳','0.0.0.0'),(1357,1461538492,1,'删除商品分类: 妈咪包','0.0.0.0'),(1358,1461538498,1,'删除商品分类: 收腹带','0.0.0.0'),(1359,1461538504,1,'删除商品分类: 打底裤','0.0.0.0'),(1360,1461538510,1,'删除商品分类: 孕妇裙','0.0.0.0'),(1361,1461538518,1,'删除商品分类: 果汁/泥','0.0.0.0'),(1362,1461538525,1,'删除商品分类: 面食类','0.0.0.0'),(1363,1461538531,1,'删除商品分类: 钙铁锌','0.0.0.0'),(1364,1461538537,1,'删除商品分类: 益生菌','0.0.0.0'),(1365,1461538542,1,'删除商品分类: 清火开胃','0.0.0.0'),(1366,1461538550,1,'删除商品分类: DHA','0.0.0.0'),(1367,1461538668,1,'删除商品分类: 宝宝零食','0.0.0.0'),(1368,1461538674,1,'删除商品分类: 米粉','0.0.0.0'),(1369,1461538681,1,'删除商品分类: 果味冲调','0.0.0.0'),(1370,1461538687,1,'删除商品分类: 豆浆/豆奶粉','0.0.0.0'),(1371,1461538693,1,'删除商品分类: 成人奶粉','0.0.0.0'),(1372,1461538698,1,'删除商品分类: 蜂蜜','0.0.0.0'),(1373,1461538741,1,'删除商品分类: 咖啡','0.0.0.0'),(1374,1461538747,1,'删除商品分类: 麦片谷物','0.0.0.0'),(1375,1461538752,1,'删除商品分类: 奶茶','0.0.0.0'),(1376,1461538757,1,'删除商品分类: 茶叶','0.0.0.0'),(1377,1461538762,1,'删除商品分类: 葡萄酒/果酒','0.0.0.0'),(1378,1461538767,1,'删除商品分类: 黄酒/米酒','0.0.0.0'),(1379,1461538773,1,'删除商品分类: 养生酒','0.0.0.0'),(1380,1461538778,1,'删除商品分类: 预调酒','0.0.0.0'),(1381,1461538785,1,'删除商品分类: 孕妈专区','0.0.0.0'),(1382,1461538791,1,'删除商品分类: 喂养用品','0.0.0.0'),(1383,1461539115,1,'删除商品分类: 车床/床品','0.0.0.0'),(1384,1461539121,1,'删除商品分类: 白酒','0.0.0.0'),(1385,1461539141,1,'删除商品分类: 啤酒','0.0.0.0'),(1386,1461539147,1,'删除商品分类: 红茶','0.0.0.0'),(1387,1461539153,1,'删除商品分类: 花果茶','0.0.0.0'),(1388,1461539158,1,'删除商品分类: 养生茶','0.0.0.0'),(1389,1461539163,1,'删除商品分类: 其他茶','0.0.0.0'),(1390,1461539167,1,'删除商品分类: 铁观音','0.0.0.0'),(1391,1461539172,1,'删除商品分类: 普洱','0.0.0.0'),(1392,1461539178,1,'删除商品分类: 龙井','0.0.0.0'),(1393,1461539182,1,'删除商品分类: 绿茶','0.0.0.0'),(1394,1461539188,1,'删除商品分类: 茗茶','0.0.0.0'),(1395,1461539194,1,'删除商品分类: 功能饮料','0.0.0.0'),(1396,1461539200,1,'删除商品分类: 纯牛奶','0.0.0.0'),(1397,1461539206,1,'删除商品分类: 植物蛋白饮料','0.0.0.0'),(1398,1461539211,1,'删除商品分类: 茶饮料','0.0.0.0'),(1399,1461539219,1,'删除商品分类: 风味奶','0.0.0.0'),(1400,1461539261,1,'删除商品分类: 碳酸饮料','0.0.0.0'),(1401,1461539281,1,'删除商品分类: 酸奶','0.0.0.0'),(1402,1461539300,1,'删除商品分类: 果蔬汁','0.0.0.0'),(1403,1461539309,1,'删除商品分类: 卧室家具','0.0.0.0'),(1404,1461539315,1,'删除商品分类: 客厅家具','0.0.0.0'),(1405,1461539320,1,'删除商品分类: 餐厅家具','0.0.0.0'),(1406,1461539326,1,'删除商品分类: 书房家具','0.0.0.0'),(1407,1461539330,1,'删除商品分类: 储物家具','0.0.0.0'),(1408,1461539335,1,'删除商品分类: 阳台/户外','0.0.0.0'),(1409,1461539339,1,'删除商品分类: 沙发','0.0.0.0'),(1410,1461539345,1,'删除商品分类: 鞋架/衣帽架','0.0.0.0'),(1411,1461539350,1,'删除商品分类: 沙发垫套/椅垫','0.0.0.0'),(1412,1461539355,1,'删除商品分类: 帘艺隔断','0.0.0.0'),(1413,1461539360,1,'删除商品分类: 相框/照片墙','0.0.0.0'),(1414,1461539364,1,'删除商品分类: 装饰字画','0.0.0.0'),(1415,1461539369,1,'删除商品分类: 墙贴/装饰贴','0.0.0.0'),(1416,1461539374,1,'删除商品分类: 摆件花瓶','0.0.0.0'),(1417,1461539379,1,'删除商品分类: 地毯地垫','0.0.0.0'),(1418,1461539384,1,'删除商品分类: 桌布/罩件','0.0.0.0'),(1419,1461539389,1,'删除商品分类: 家装软饰','0.0.0.0'),(1420,1461539398,1,'删除商品分类: 缝纫/针织用品','0.0.0.0'),(1421,1461539403,1,'删除商品分类: 洗晒/熨烫','0.0.0.0'),(1422,1461539408,1,'删除商品分类: 净化除味','0.0.0.0'),(1423,1461539413,1,'删除商品分类: 浴室用品','0.0.0.0'),(1424,1461539418,1,'删除商品分类: 雨伞雨具','0.0.0.0'),(1425,1461539422,1,'删除商品分类: 收纳用品','0.0.0.0'),(1426,1461539428,1,'删除商品分类: 生活日用','0.0.0.0'),(1427,1461539432,1,'删除商品分类: 床品套件','0.0.0.0'),(1428,1461539437,1,'删除商品分类: 被子','0.0.0.0'),(1429,1461539442,1,'删除商品分类: 蚊帐','0.0.0.0'),(1430,1461539447,1,'删除商品分类: 凉席','0.0.0.0'),(1431,1461539451,1,'删除商品分类: 床单被罩','0.0.0.0'),(1432,1461539455,1,'删除商品分类: 毛巾浴巾','0.0.0.0'),(1433,1461539460,1,'删除商品分类: 床垫/床褥','0.0.0.0'),(1434,1461539465,1,'删除商品分类: 窗帘/窗纱','0.0.0.0'),(1435,1461539470,1,'删除商品分类: 落地灯','0.0.0.0'),(1436,1461539475,1,'删除商品分类: 应急灯/手电','0.0.0.0'),(1437,1461539480,1,'删除商品分类: 装饰灯','0.0.0.0'),(1438,1461539484,1,'删除商品分类: 吊灯','0.0.0.0'),(1439,1461539489,1,'删除商品分类: 台灯','0.0.0.0'),(1440,1461539493,1,'删除商品分类: 吸顶灯','0.0.0.0'),(1441,1461539497,1,'删除商品分类: 筒灯射灯','0.0.0.0'),(1442,1461539502,1,'删除商品分类: LED灯','0.0.0.0'),(1443,1461539507,1,'删除商品分类: 灯具','0.0.0.0'),(1444,1461539513,1,'删除商品分类: 刀剪菜板','0.0.0.0'),(1445,1461539518,1,'删除商品分类: 厨房配件','0.0.0.0'),(1446,1461539522,1,'删除商品分类: 水具酒具','0.0.0.0'),(1447,1461539527,1,'删除商品分类: 餐具','0.0.0.0'),(1448,1461539533,1,'删除商品分类: 茶具/咖啡具','0.0.0.0'),(1449,1461539537,1,'删除商品分类: 烹饪锅具','0.0.0.0'),(1450,1461539545,1,'删除商品分类: 净化器','0.0.0.0'),(1451,1461539550,1,'删除商品分类: 加湿器','0.0.0.0'),(1452,1461539555,1,'删除商品分类: 吸尘器','0.0.0.0'),(1453,1461539560,1,'删除商品分类: 挂烫机/熨斗','0.0.0.0'),(1454,1461539565,1,'删除商品分类: 取暖电器','0.0.0.0'),(1455,1461539569,1,'删除商品分类: 饮水机','0.0.0.0'),(1456,1461539574,1,'删除商品分类: 其它生活电器','0.0.0.0'),(1457,1461539578,1,'删除商品分类: 电风扇','0.0.0.0'),(1458,1461539585,1,'删除商品分类: 手动工具','0.0.0.0'),(1459,1461539590,1,'删除商品分类: 厨卫五金','0.0.0.0'),(1460,1461539596,1,'删除商品分类: 家具五金','0.0.0.0'),(1461,1461539600,1,'删除商品分类: 电工电料','0.0.0.0'),(1462,1461539605,1,'删除商品分类: 监控安防','0.0.0.0'),(1463,1461539610,1,'删除商品分类: 电动工具','0.0.0.0'),(1464,1461539615,1,'删除商品分类: 五金家装','0.0.0.0'),(1465,1461539619,1,'删除商品分类: 空调冰箱','0.0.0.0'),(1466,1461539624,1,'删除商品分类: 洗衣机','0.0.0.0'),(1467,1461539630,1,'删除商品分类: 家庭影院','0.0.0.0'),(1468,1461539635,1,'删除商品分类: 烟机/灶具','0.0.0.0'),(1469,1461539640,1,'删除商品分类: 热水器','0.0.0.0'),(1470,1461539645,1,'删除商品分类: 消毒柜/洗碗机','0.0.0.0'),(1471,1461539651,1,'删除商品分类: 冷柜/冰吧','0.0.0.0'),(1472,1461539656,1,'删除商品分类: 平板电视','0.0.0.0'),(1473,1461539661,1,'删除商品分类: 按摩椅','0.0.0.0'),(1474,1461539666,1,'删除商品分类: 足浴盆','0.0.0.0'),(1475,1461539671,1,'删除商品分类: 健康秤/厨房秤','0.0.0.0'),(1476,1461539675,1,'删除商品分类: 血糖仪','0.0.0.0'),(1477,1461539680,1,'删除商品分类: 计步器/脂肪检测','0.0.0.0'),(1478,1461539685,1,'删除商品分类: 其它健康电器','0.0.0.0'),(1479,1461539690,1,'删除商品分类: 电吹风','0.0.0.0'),(1480,1461539694,1,'删除商品分类: 剃须刀','0.0.0.0'),(1481,1461539702,1,'删除商品分类: 个护健康','0.0.0.0'),(1482,1461539707,1,'删除商品分类: 电磁炉','0.0.0.0'),(1483,1461539712,1,'删除商品分类: 电饼铛/烧烤盘','0.0.0.0'),(1484,1461539717,1,'删除商品分类: 电炖锅','0.0.0.0'),(1485,1461539722,1,'删除商品分类: 果蔬解毒机','0.0.0.0'),(1486,1461539726,1,'删除商品分类: 养生壶/煎药壶','0.0.0.0'),(1487,1461539731,1,'删除商品分类: 其它厨房电器','0.0.0.0'),(1488,1461539736,1,'删除商品分类: 微波炉','0.0.0.0'),(1489,1461539740,1,'删除商品分类: 电饭煲','0.0.0.0'),(1490,1461539746,1,'删除商品分类: 魅族手机','0.0.0.0'),(1491,1461539751,1,'删除商品分类: 移动4G','0.0.0.0'),(1492,1461539757,1,'删除商品分类: 联通4G','0.0.0.0'),(1493,1461539761,1,'删除商品分类: 电信4G','0.0.0.0'),(1494,1461539773,1,'删除商品分类: 智能手环','0.0.0.0'),(1495,1461539778,1,'删除商品分类: 智能手表','0.0.0.0'),(1496,1461539782,1,'删除商品分类: 智能眼镜','0.0.0.0'),(1497,1461539787,1,'删除商品分类: 运动跟踪器','0.0.0.0'),(1498,1461539791,1,'删除商品分类: 智能家居','0.0.0.0'),(1499,1461539796,1,'删除商品分类: 数码相框','0.0.0.0'),(1500,1461539800,1,'删除商品分类: 影棚器材','0.0.0.0'),(1501,1461539805,1,'删除商品分类: 拍立得','0.0.0.0'),(1502,1461539810,1,'删除商品分类: 运动相机','0.0.0.0'),(1503,1461539814,1,'删除商品分类: 体感车','0.0.0.0'),(1504,1461539818,1,'删除商品分类: 智能设备','0.0.0.0'),(1505,1461539824,1,'删除商品分类: 单反相机','0.0.0.0'),(1506,1461539829,1,'删除商品分类: 摄像机','0.0.0.0'),(1507,1461539833,1,'删除商品分类: 户外器材','0.0.0.0'),(1508,1461539838,1,'删除商品分类: 数码相机','0.0.0.0'),(1509,1461539843,1,'删除商品分类: 电池','0.0.0.0'),(1510,1461539847,1,'删除商品分类: 移动电源','0.0.0.0'),(1511,1461539851,1,'删除商品分类: 蓝牙耳机','0.0.0.0'),(1512,1461539855,1,'删除商品分类: 充电器','0.0.0.0'),(1513,1461539874,1,'删除商品分类: 孕婴洗护','0.0.0.0'),(1514,1461539889,1,'删除商品分类: 营养/辅食','0.0.0.0'),(1515,1461539904,1,'删除商品分类: 孕婴奶粉','0.0.0.0'),(1516,1461539920,1,'删除商品分类: 饮料饮品','0.0.0.0'),(1517,1461539937,1,'删除商品分类: 冲调饮品','0.0.0.0'),(1518,1461539952,1,'删除商品分类: 酒水','0.0.0.0'),(1519,1461539966,1,'删除商品分类: 厨具','0.0.0.0'),(1520,1461539976,1,'删除商品分类: 套装','0.0.0.0'),(1521,1461539979,1,'删除商品分类: 漱口水','0.0.0.0'),(1522,1461539984,1,'删除商品分类: 牙刷/牙线','0.0.0.0'),(1523,1461539988,1,'删除商品分类: 牙膏/牙粉','0.0.0.0'),(1524,1461539992,1,'删除商品分类: 口腔护理','0.0.0.0'),(1525,1461539996,1,'删除商品分类: 润肤','0.0.0.0'),(1526,1461540001,1,'删除商品分类: 颈部','0.0.0.0'),(1527,1461540005,1,'删除商品分类: 手足','0.0.0.0'),(1528,1461540008,1,'删除商品分类: 纤体塑形','0.0.0.0'),(1529,1461540011,1,'删除商品分类: 沐浴','0.0.0.0'),(1530,1461540015,1,'删除商品分类:  美胸','0.0.0.0'),(1531,1461540019,1,'删除商品分类: 套装','0.0.0.0'),(1532,1461540023,1,'删除商品分类: 身体护肤','0.0.0.0'),(1533,1461540027,1,'删除商品分类: 染发','0.0.0.0'),(1534,1461540031,1,'删除商品分类: 造型','0.0.0.0'),(1535,1461540035,1,'删除商品分类: 假发','0.0.0.0'),(1536,1461540040,1,'删除商品分类: 剃须','0.0.0.0'),(1537,1461540048,1,'删除商品分类: 手机耳机','0.0.0.0'),(1538,1461540052,1,'删除商品分类: 保护套','0.0.0.0'),(1539,1461540056,1,'删除商品分类: 创意配件','0.0.0.0'),(1540,1461540059,1,'删除商品分类: 手机饰品','0.0.0.0'),(1541,1461540070,1,'删除商品分类: 眼部','0.0.0.0'),(1542,1461540075,1,'删除商品分类: 腮红','0.0.0.0'),(1543,1461540080,1,'删除商品分类: 美甲','0.0.0.0'),(1544,1461540084,1,'删除商品分类: 底妆','0.0.0.0'),(1545,1461540088,1,'删除商品分类: 美容工具','0.0.0.0'),(1546,1461540096,1,'删除商品分类: 帆布鞋','0.0.0.0'),(1547,1461540100,1,'删除商品分类: 羽毛球鞋','0.0.0.0'),(1548,1461540104,1,'删除商品分类: 迷彩裤','0.0.0.0'),(1549,1461540107,1,'删除商品分类: 篮球鞋','0.0.0.0'),(1550,1461540110,1,'删除商品分类: 钓鱼服','0.0.0.0'),(1551,1461540116,1,'删除商品分类: 跑步鞋','0.0.0.0'),(1552,1461540119,1,'删除商品分类: 沙滩鞋','0.0.0.0'),(1553,1461540122,1,'删除商品分类: 登山鞋','0.0.0.0'),(1554,1461540126,1,'删除商品分类: 户外鞋服','0.0.0.0'),(1555,1461540129,1,'删除商品分类: 坡跟单鞋','0.0.0.0'),(1556,1461540132,1,'删除商品分类: 浅口单鞋','0.0.0.0'),(1557,1461540137,1,'删除商品分类: 高跟鞋','0.0.0.0'),(1558,1461540140,1,'删除商品分类: 乐福鞋','0.0.0.0'),(1559,1461540144,1,'删除商品分类: 松糕鞋','0.0.0.0'),(1560,1461540146,1,'删除商品分类: 平底鞋','0.0.0.0'),(1561,1461540149,1,'删除商品分类: 帆布鞋','0.0.0.0'),(1562,1461540152,1,'删除商品分类: 高跟凉拖','0.0.0.0'),(1563,1461540155,1,'删除商品分类: 女鞋馆','0.0.0.0'),(1564,1461540159,1,'删除商品分类: 男士钱包','0.0.0.0'),(1565,1461540161,1,'删除商品分类: 旅行箱','0.0.0.0'),(1566,1461540164,1,'删除商品分类: 拉杆箱','0.0.0.0'),(1567,1461540253,1,'删除商品分类: 拉杆包','0.0.0.0'),(1568,1461540255,1,'删除商品分类: 单肩女包','0.0.0.0'),(1569,1461540258,1,'删除商品分类: 手提女包','0.0.0.0'),(1570,1461540260,1,'删除商品分类: 女士钱包','0.0.0.0'),(1571,1461540263,1,'删除商品分类: 男士双肩','0.0.0.0'),(1572,1461540266,1,'删除商品分类: 箱包馆','0.0.0.0'),(1573,1461540270,1,'删除商品分类: 休闲裤','0.0.0.0'),(1574,1461540273,1,'删除商品分类: 牛仔裤','0.0.0.0'),(1575,1461540275,1,'删除商品分类: 夹克','0.0.0.0'),(1576,1461540300,1,'删除商品分类: 风衣','0.0.0.0'),(1577,1461540303,1,'删除商品分类: 针织衫','0.0.0.0'),(1578,1461540306,1,'删除商品分类: 长袖衬衫','0.0.0.0'),(1579,1461540309,1,'删除商品分类: 休闲短裤','0.0.0.0'),(1580,1461540315,1,'删除商品分类: 时尚套装','0.0.0.0'),(1581,1461540318,1,'删除商品分类: 防晒衫','0.0.0.0'),(1582,1461540320,1,'删除商品分类: 棉麻T恤','0.0.0.0'),(1583,1461540322,1,'删除商品分类: 牛仔裤','0.0.0.0'),(1584,1461540326,1,'删除商品分类: 短外套','0.0.0.0'),(1585,1461540330,1,'删除商品分类: 复古旗袍','0.0.0.0'),(1586,1461540357,1,'删除商品分类: 连体裤','0.0.0.0'),(1587,1461540361,1,'删除商品分类: 无钢圈文胸','0.0.0.0'),(1588,1461540366,1,'删除商品分类: 其他','0.0.0.0'),(1589,1461540370,1,'删除商品分类: 红枣','0.0.0.0'),(1590,1461540372,1,'删除商品分类: 莓类','0.0.0.0'),(1591,1461540375,1,'删除商品分类: 葡萄干','0.0.0.0'),(1592,1461540377,1,'删除商品分类: 橄榄','0.0.0.0'),(1593,1461540380,1,'删除商品分类: 蜜饯果干','0.0.0.0'),(1594,1461540385,1,'删除商品分类: 瘦腿袜','0.0.0.0'),(1595,1461540388,1,'删除商品分类: 男士内裤','0.0.0.0'),(1596,1461540391,1,'删除商品分类: 聚拢文胸','0.0.0.0'),(1597,1461540394,1,'删除商品分类: 薄款文胸','0.0.0.0'),(1598,1461540396,1,'删除商品分类: 女士内裤','0.0.0.0'),(1599,1461540400,1,'删除商品分类: 性感睡衣','0.0.0.0'),(1600,1461540414,1,'删除商品分类: 夏季睡衣','0.0.0.0'),(1601,1461540417,1,'删除商品分类: 内衣馆','0.0.0.0'),(1602,1461540428,1,'删除商品分类: POLO衫','0.0.0.0'),(1603,1461540431,1,'删除商品分类: 男装馆','0.0.0.0'),(1604,1461540440,1,'删除商品分类: 连衣裙','0.0.0.0'),(1605,1461540443,1,'删除商品分类: 女装馆','0.0.0.0'),(1606,1461540455,1,'删除商品分类: 套装','0.0.0.0'),(1607,1461540466,1,'删除商品分类: 唇部','0.0.0.0'),(1608,1461540475,1,'删除商品分类: 香水','0.0.0.0'),(1609,1461540478,1,'删除商品分类: 香水彩妆','0.0.0.0'),(1610,1461540490,1,'删除商品分类: 清洁','0.0.0.0'),(1611,1461540500,1,'删除商品分类: 护肤','0.0.0.0'),(1612,1461540510,1,'删除商品分类: 面膜','0.0.0.0'),(1613,1461540520,1,'删除商品分类: 套装','0.0.0.0'),(1614,1461540532,1,'删除商品分类: 面部护肤','0.0.0.0'),(1615,1461540542,1,'删除商品分类: 护发','0.0.0.0'),(1616,1461540554,1,'删除商品分类: 套装','0.0.0.0'),(1617,1461540564,1,'删除商品分类: 洗发','0.0.0.0'),(1618,1461540566,1,'删除商品分类: 洗发护发','0.0.0.0'),(1619,1461540579,1,'删除商品分类: 牛奶乳品','0.0.0.0'),(1620,1461540588,1,'删除商品分类: 糖果巧克力','0.0.0.0'),(1621,1461540597,1,'删除商品分类: 进口水果','0.0.0.0'),(1622,1461540611,1,'删除商品分类: 小米特供','0.0.0.0'),(1623,1461540621,1,'删除商品分类: 华为荣耀','0.0.0.0'),(1624,1461540632,1,'删除商品分类: iPhone','0.0.0.0'),(1625,1461540644,1,'删除商品分类: 三星盖乐世','0.0.0.0'),(1626,1461540654,1,'删除商品分类: 数码影音','0.0.0.0'),(1627,1461540663,1,'删除商品分类: 手机配件','0.0.0.0'),(1628,1461540673,1,'删除商品分类: 热卖手机','0.0.0.0'),(1629,1461540685,1,'删除商品分类: 厨房电器','0.0.0.0'),(1630,1461540695,1,'删除商品分类: 生活电器','0.0.0.0'),(1631,1461540707,1,'删除商品分类: 大家电','0.0.0.0'),(1632,1461540717,1,'删除商品分类: 家具','0.0.0.0'),(1633,1461540727,1,'删除商品分类: 家纺','0.0.0.0'),(1634,1461540884,1,'编辑商品分类: 书法字画','0.0.0.0'),(1635,1461540956,1,'编辑商品分类: 文玩收藏','0.0.0.0'),(1636,1461541028,1,'编辑商品分类: 紫砂陶器','0.0.0.0'),(1637,1461541048,1,'编辑商品分类: 珠宝玉器','0.0.0.0'),(1638,1461544101,1,'编辑商店设置: ','0.0.0.0'),(1639,1461544202,1,'添加广告位置: 顶部广告','0.0.0.0'),(1640,1461544258,1,'添加广告: 第一个','0.0.0.0'),(1641,1461544346,1,'编辑广告位置: 顶部APP广告','0.0.0.0'),(1642,1461544480,1,'编辑广告: 第一个','0.0.0.0'),(1643,1461566515,1,'删除文章: 广告通栏1','0.0.0.0'),(1644,1461566517,1,'删除文章: 广告通栏2','0.0.0.0'),(1645,1461566523,1,'删除商品分类: ','0.0.0.0'),(1646,1461566532,1,'删除文章: ','0.0.0.0'),(1647,1461566532,1,'删除文章: ','0.0.0.0'),(1648,1461566532,1,'删除文章: ','0.0.0.0'),(1649,1461566532,1,'删除文章: ','0.0.0.0'),(1650,1461566532,1,'删除文章: ','0.0.0.0'),(1651,1461566540,1,'删除商品分类: ','0.0.0.0'),(1652,1461566553,1,'删除文章: ecshop开发中心官方微信开通了，求关注~~','0.0.0.0'),(1653,1461566558,1,'删除商品分类: ','0.0.0.0'),(1654,1461566567,1,'删除文章: ','0.0.0.0'),(1655,1461566567,1,'删除文章: ','0.0.0.0'),(1656,1461566567,1,'删除文章: ','0.0.0.0'),(1657,1461566567,1,'删除文章: ','0.0.0.0'),(1658,1461566567,1,'删除文章: ','0.0.0.0'),(1659,1461566567,1,'删除文章: ','0.0.0.0'),(1660,1461566567,1,'删除文章: ','0.0.0.0'),(1661,1461566567,1,'删除文章: ','0.0.0.0'),(1662,1461566567,1,'删除文章: ','0.0.0.0'),(1663,1461566573,1,'删除商品分类: ','0.0.0.0'),(1664,1461566580,1,'删除文章: ','0.0.0.0'),(1665,1461566580,1,'删除文章: ','0.0.0.0'),(1666,1461566580,1,'删除文章: ','0.0.0.0'),(1667,1461566580,1,'删除文章: ','0.0.0.0'),(1668,1461566580,1,'删除文章: ','0.0.0.0'),(1669,1461566580,1,'删除文章: ','0.0.0.0'),(1670,1461566580,1,'删除文章: ','0.0.0.0'),(1671,1461566580,1,'删除文章: ','0.0.0.0'),(1672,1461566580,1,'删除文章: ','0.0.0.0'),(1673,1461566580,1,'删除文章: ','0.0.0.0'),(1674,1461566589,1,'删除商品分类: ','0.0.0.0'),(1675,1461566596,1,'删除文章: ','0.0.0.0'),(1676,1461566596,1,'删除文章: ','0.0.0.0'),(1677,1461566596,1,'删除文章: ','0.0.0.0'),(1678,1461566596,1,'删除文章: ','0.0.0.0'),(1679,1461566596,1,'删除文章: ','0.0.0.0'),(1680,1461566596,1,'删除文章: ','0.0.0.0'),(1681,1461566596,1,'删除文章: ','0.0.0.0'),(1682,1461566596,1,'删除文章: ','0.0.0.0'),(1683,1461566596,1,'删除文章: ','0.0.0.0'),(1684,1461566596,1,'删除文章: ','0.0.0.0'),(1685,1461566605,1,'删除商品分类: ','0.0.0.0'),(1686,1461566612,1,'删除文章: ','0.0.0.0'),(1687,1461566612,1,'删除文章: ','0.0.0.0'),(1688,1461566612,1,'删除文章: ','0.0.0.0'),(1689,1461566612,1,'删除文章: ','0.0.0.0'),(1690,1461566612,1,'删除文章: ','0.0.0.0'),(1691,1461566612,1,'删除文章: ','0.0.0.0'),(1692,1461566612,1,'删除文章: ','0.0.0.0'),(1693,1461566612,1,'删除文章: ','0.0.0.0'),(1694,1461566612,1,'删除文章: ','0.0.0.0'),(1695,1461566612,1,'删除文章: ','0.0.0.0'),(1696,1461566617,1,'删除商品分类: ','0.0.0.0'),(1697,1461566626,1,'删除文章: ','0.0.0.0'),(1698,1461566626,1,'删除文章: ','0.0.0.0'),(1699,1461566626,1,'删除文章: ','0.0.0.0'),(1700,1461566626,1,'删除文章: ','0.0.0.0'),(1701,1461566626,1,'删除文章: ','0.0.0.0'),(1702,1461566626,1,'删除文章: ','0.0.0.0'),(1703,1461566626,1,'删除文章: ','0.0.0.0'),(1704,1461566626,1,'删除文章: ','0.0.0.0'),(1705,1461566626,1,'删除文章: ','0.0.0.0'),(1706,1461566626,1,'删除文章: ','0.0.0.0'),(1707,1461566644,1,'删除商品分类: ','0.0.0.0'),(1708,1461566650,1,'删除文章: ','0.0.0.0'),(1709,1461566650,1,'删除文章: ','0.0.0.0'),(1710,1461566650,1,'删除文章: ','0.0.0.0'),(1711,1461566650,1,'删除文章: ','0.0.0.0'),(1712,1461566650,1,'删除文章: ','0.0.0.0'),(1713,1461566650,1,'删除文章: ','0.0.0.0'),(1714,1461566650,1,'删除文章: ','0.0.0.0'),(1715,1461566650,1,'删除文章: ','0.0.0.0'),(1716,1461566650,1,'删除文章: ','0.0.0.0'),(1717,1461566650,1,'删除文章: ','0.0.0.0'),(1718,1461566650,1,'删除文章: ','0.0.0.0'),(1719,1461566656,1,'删除商品分类: ','0.0.0.0'),(1720,1461566680,1,'删除文章: ','0.0.0.0'),(1721,1461566680,1,'删除文章: ','0.0.0.0'),(1722,1461566684,1,'删除商品分类: ','0.0.0.0'),(1723,1461566717,1,'编辑文章分类: 新手指南','0.0.0.0'),(1724,1461566756,1,'编辑文章分类: 支付帮助','0.0.0.0'),(1725,1461566773,1,'编辑文章分类: 客户服务 ','0.0.0.0'),(1726,1461566798,1,'编辑文章分类: 拍卖保障','0.0.0.0'),(1727,1461566819,1,'编辑文章分类: 机构支持','0.0.0.0'),(1728,1461567842,1,'编辑广告位置: 首页全屏幻灯片','0.0.0.0'),(1729,1461567878,1,'编辑广告: 首页广告1','0.0.0.0'),(1730,1461567905,1,'添加广告: 首页广告2','0.0.0.0'),(1731,1461567934,1,'添加广告: 首页广告3','0.0.0.0'),(1732,1461604538,1,'编辑商店设置: ','0.0.0.0'),(1733,1461604920,1,'编辑商品: 奇居良品 欧式家居装饰摆件 可莉尔裂纹贴花陶瓷水果盘','0.0.0.0'),(1734,1461604990,1,'添加拍卖活动: 奇居良品 欧式家居装饰摆件 可莉尔裂纹贴花陶瓷水果盘','0.0.0.0'),(1735,1461605770,1,'编辑拍卖活动: 奇居良品 欧式家居装饰摆件 可莉尔裂纹贴花陶瓷水果盘','0.0.0.0'),(1736,1461622779,1,'编辑商品: 卡姿兰彩妆套装 睫毛膏粉饼眉粉眉笔 专柜初学者化妆套装','0.0.0.0'),(1737,1461623021,1,'编辑商品: 卡姿兰彩妆套装 睫毛膏粉饼眉粉眉笔 专柜初学者化妆套装','0.0.0.0'),(1738,1461623227,1,'编辑商品: 卡姿兰彩妆套装 睫毛膏粉饼眉粉眉笔 专柜初学者化妆套装','0.0.0.0'),(1739,1461623671,1,'编辑商品: 卡姿兰彩妆套装 睫毛膏粉饼眉粉眉笔 专柜初学者化妆套装','0.0.0.0'),(1740,1461624923,1,'编辑商店设置: ','0.0.0.0'),(1741,1461625705,1,'编辑商品: 雀巢（Nestle）雀巢咖啡1+2原味 700g','0.0.0.0'),(1742,1461626409,1,'编辑商品: 雀巢（Nestle）雀巢咖啡1+2原味 700g','0.0.0.0'),(1743,1461627091,1,'编辑商品: 奇居良品 欧式家居装饰摆件 可莉尔裂纹贴花陶瓷水果盘','0.0.0.0'),(1744,1461643472,1,'编辑拍卖活动: 苹果（Apple）iPhone 6 (A1586) 16GB 金色 移动联通电信4G手机','0.0.0.0'),(1745,1461644037,1,'编辑拍卖活动: 苹果（Apple）iPhone 6 (A1586) 16GB 金色 移动联通电信4G手机','0.0.0.0'),(1746,1461644592,1,'编辑拍卖活动: 苹果（Apple）iPhone 6 (A1586) 16GB 金色 移动联通电信4G手机','0.0.0.0'),(1747,1461644689,1,'编辑拍卖活动: 苹果（Apple）iPhone 6 (A1586) 16GB 金色 移动联通电信4G手机','0.0.0.0'),(1748,1461644707,1,'编辑拍卖活动: 苹果（Apple）iPhone 6 (A1586) 16GB 金色 移动联通电信4G手机','0.0.0.0'),(1749,1461644778,1,'编辑拍卖活动: 苹果（Apple）iPhone 6 (A1586) 16GB 金色 移动联通电信4G手机','0.0.0.0'),(1750,1461644793,1,'编辑拍卖活动: 苹果（Apple）iPhone 6 (A1586) 16GB 金色 移动联通电信4G手机','0.0.0.0'),(1751,1461644801,1,'编辑拍卖活动: 苹果（Apple）iPhone 6 (A1586) 16GB 金色 移动联通电信4G手机','0.0.0.0'),(1752,1461644817,1,'编辑拍卖活动: 苹果（Apple）iPhone 6 (A1586) 16GB 金色 移动联通电信4G手机','0.0.0.0'),(1753,1461644961,1,'编辑商店设置: ','0.0.0.0'),(1754,1461645010,1,'编辑拍卖活动: 苹果（Apple）iPhone 6 (A1586) 16GB 金色 移动联通电信4G手机','0.0.0.0'),(1755,1461651864,1,'添加友情链接: 中国人民共和国最高人民法院','0.0.0.0'),(1756,1461652970,1,'添加友情链接: 淄博先知互联教育咨询有限公司','0.0.0.0'),(1757,1461652997,1,'添加友情链接: 先知学院','0.0.0.0'),(1758,1461653017,1,'添加友情链接: 先知教育','0.0.0.0'),(1759,1461655095,1,'添加友情链接: 中招国际','0.0.0.0'),(1760,1461659630,1,'添加文章分类: 关于我们','0.0.0.0'),(1761,1461659649,1,'编辑文章分类: 关于我们','0.0.0.0'),(1762,1461659687,1,'添加文章: 关于我们','0.0.0.0'),(1763,1461659700,1,'添加文章: 联系我们','0.0.0.0'),(1764,1461698422,1,'编辑广告位置: 首页全屏幻灯片','0.0.0.0'),(1765,1461698667,1,'编辑广告位置: 首页全屏幻灯片','0.0.0.0'),(1766,1461698873,1,'删除广告: ','0.0.0.0'),(1767,1461698875,1,'删除广告: ','0.0.0.0'),(1768,1461698877,1,'删除广告: ','0.0.0.0'),(1769,1461698881,1,'删除广告: ','0.0.0.0'),(1770,1461698883,1,'删除广告: ','0.0.0.0'),(1771,1461698886,1,'删除广告: ','0.0.0.0'),(1772,1461698888,1,'删除广告: ','0.0.0.0'),(1773,1461698891,1,'删除广告: ','0.0.0.0'),(1774,1461698901,1,'删除广告: ','0.0.0.0'),(1775,1461698904,1,'删除广告: ','0.0.0.0'),(1776,1461698907,1,'删除广告: ','0.0.0.0'),(1777,1461698909,1,'删除广告: ','0.0.0.0'),(1778,1461698912,1,'删除广告: ','0.0.0.0'),(1779,1461698915,1,'删除广告: ','0.0.0.0'),(1780,1461698918,1,'删除广告: ','0.0.0.0'),(1781,1461698921,1,'删除广告: ','0.0.0.0'),(1782,1461698971,1,'编辑商品分类: 书法字画','0.0.0.0'),(1783,1461713114,1,'编辑拍卖活动: 苹果（Apple）iPhone 6 (A1586) 16GB 金色 移动联通电信4G手机','0.0.0.0'),(1784,1461802490,1,'编辑商店设置: ','0.0.0.0'),(1785,1461870286,1,'编辑商店设置: ','0.0.0.0'),(1786,1461882290,1,'编辑商店设置: ','0.0.0.0'),(1787,1461886881,1,'编辑广告: 第一个','0.0.0.0'),(1788,1461902563,1,'编辑商店设置: ','0.0.0.0'),(1789,1461902741,1,'编辑拍卖活动: 奇居良品 欧式家居装饰摆件 可莉尔裂纹贴花陶瓷水果盘','0.0.0.0'),(1790,1461932156,1,'编辑拍卖活动: 苹果（Apple）iPhone 6 (A1586) 16GB 金色 移动联通电信4G手机','0.0.0.0'),(1791,1461932193,1,'编辑拍卖活动: 苹果（Apple）iPhone 6 (A1586) 16GB 金色 移动联通电信4G手机','0.0.0.0'),(1792,1461932304,1,'编辑拍卖活动: 苹果（Apple）iPhone 6 (A1586) 16GB 金色 移动联通电信4G手机','0.0.0.0'),(1793,1461932762,1,'编辑拍卖活动: 雪奈儿 金属边框手机壳套保护壳新款 适用于苹果iPhone6/Plus 4.7英寸 利剑i6土豪金5.5','0.0.0.0'),(1794,1461932836,1,'编辑拍卖活动: 雪奈儿 金属边框手机壳套保护壳新款 适用于苹果iPhone6/Plus 4.7英寸 利剑i6土豪金5.5','0.0.0.0'),(1795,1461999772,1,'编辑商品: 奇居良品 欧式家居装饰摆件 可莉尔裂纹贴花陶瓷水果盘','0.0.0.0'),(1796,1461999827,1,'编辑商品: 亿嘉IJARL 时尚陶瓷28头韩式骨瓷餐具套装 东洋之心','0.0.0.0'),(1797,1462283779,1,'编辑商品: 可爱卡通餐盘水果盘点心盘 盘子儿童托盘餐具6件套','127.0.0.1'),(1798,1462501792,1,'添加广告: adfasdf','0.0.0.0'),(1799,1462582881,1,'删除拍卖活动: 高端2015夏装新款修身淑坊女女装蕾丝短袖复女连衣裙装','0.0.0.0');
/*!40000 ALTER TABLE `ecs_admin_log` ENABLE KEYS */;
UNLOCK TABLES;

--
-- Table structure for table `ecs_admin_message`
--

DROP TABLE IF EXISTS `ecs_admin_message`;
/*!40101 SET @saved_cs_client     = @@character_set_client */;
/*!40101 SET character_set_client = utf8 */;
CREATE TABLE `ecs_admin_message` (
  `message_id` smallint(5) unsigned NOT NULL AUTO_INCREMENT,
  `sender_id` tinyint(3) unsigned NOT NULL DEFAULT '0',
  `receiver_id` tinyint(3) unsigned NOT NULL DEFAULT '0',
  `sent_time` int(11) unsigned NOT NULL DEFAULT '0',
  `read_time` int(11) unsigned NOT NULL DEFAULT '0',
  `readed` tinyint(1) unsigned NOT NULL DEFAULT '0',
  `deleted` tinyint(1) unsigned NOT NULL DEFAULT '0',
  `title` varchar(150) NOT NULL DEFAULT '',
  `message` text NOT NULL,
  PRIMARY KEY (`message_id`),
  KEY `sender_id` (`sender_id`,`receiver_id`),
  KEY `receiver_id` (`receiver_id`)
) ENGINE=MyISAM DEFAULT CHARSET=utf8;
/*!40101 SET character_set_client = @saved_cs_client */;

--
-- Dumping data for table `ecs_admin_message`
--

LOCK TABLES `ecs_admin_message` WRITE;
/*!40000 ALTER TABLE `ecs_admin_message` DISABLE KEYS */;
/*!40000 ALTER TABLE `ecs_admin_message` ENABLE KEYS */;
UNLOCK TABLES;

--
-- Table structure for table `ecs_admin_user`
--

DROP TABLE IF EXISTS `ecs_admin_user`;
/*!40101 SET @saved_cs_client     = @@character_set_client */;
/*!40101 SET character_set_client = utf8 */;
CREATE TABLE `ecs_admin_user` (
  `user_id` smallint(5) unsigned NOT NULL AUTO_INCREMENT,
  `user_name` varchar(60) NOT NULL DEFAULT '',
  `email` varchar(60) NOT NULL DEFAULT '',
  `password` varchar(32) NOT NULL DEFAULT '',
  `ec_salt` varchar(10) DEFAULT NULL,
  `add_time` int(11) NOT NULL DEFAULT '0',
  `last_login` int(11) NOT NULL DEFAULT '0',
  `last_ip` varchar(15) NOT NULL DEFAULT '',
  `action_list` text NOT NULL,
  `nav_list` text NOT NULL,
  `lang_type` varchar(50) NOT NULL DEFAULT '',
  `agency_id` smallint(5) unsigned NOT NULL,
  `suppliers_id` smallint(5) unsigned DEFAULT '0',
  `todolist` longtext,
  `role_id` smallint(5) DEFAULT NULL,
  PRIMARY KEY (`user_id`),
  KEY `user_name` (`user_name`),
  KEY `agency_id` (`agency_id`)
) ENGINE=MyISAM AUTO_INCREMENT=5 DEFAULT CHARSET=utf8;
/*!40101 SET character_set_client = @saved_cs_client */;

--
-- Dumping data for table `ecs_admin_user`
--

LOCK TABLES `ecs_admin_user` WRITE;
/*!40000 ALTER TABLE `ecs_admin_user` DISABLE KEYS */;
INSERT INTO `ecs_admin_user` VALUES (1,'haoid','admin@haoid.cn','1cc0a6c7d8fb46227b3a9fd5d9ce974d','7656',1416555690,1462581856,'0.0.0.0','all','商品列表|goods.php?act=list,订单列表|order.php?act=list,用户评论|comment_manage.php?act=list,会员列表|users.php?act=list,商店设置|shop_config.php?act=list_edit','',0,0,'',0),(4,'test','admin@126.com','d0970714757783e6cf17b26fb8e2298f','4741',1443588791,1444009133,'117.40.198.8','goods_manage,remove_back,cat_manage,cat_drop,attr_manage,brand_manage,comment_priv,tag_manage,goods_type,goods_auto,virualcard,picture_batch,goods_export,goods_batch,gen_goods_script,question_manage,shaidan_manage,scan_store,order_comment_priv,article_cat,shopinfo_manage,shophelp_manage,vote_priv,article_auto,feedback_priv,integrate_users,sync_users,users_manage,users_drop,user_rank,surplus_manage,account_manage,template_manage,logs_manage,logs_drop,agency_manage,suppliers_manage,role_manage,shop_config,ship_manage,payment,shiparea_manage,area_manage,friendlink,flash_manage,navigator,cron,affiliate,affiliate_ck,sitemap,file_priv,file_check,reg_fields,shop_authorized,webcollect_manage,order_os_edit,order_ps_edit,order_ss_edit,order_edit,order_view,order_view_finished,repay_manage,booking,sale_order_stats,client_flow_stats,delivery_view,back_view,invoice_manage,topic_manage,snatch_manage,ad_manage,gift_manage,card_manage,pack,bonus_manage,auction,group_by,favourable,whole_sale,package_manage,exchange_goods,takegoods_list,takegoods_order,attention_list,email_list,magazine_list,view_sendlist,send_mail,db_backup,db_renew,sms_send,supplier_manage,supplier_rank,supplier_rebate,supplier_tag,weixin_config,weixin_addconfig,weixin_menu,weixin_notice,weixin_keywords,weixin_fans,weixin_news,weixin_addqcode,weixin_qcode,weixin_reg,pickup_point_manage,pickup_point_batch','商品列表|goods.php?act=list,订单列表|order.php?act=list,用户评论|comment_manage.php?act=list,会员列表|users.php?act=list,商店设置|shop_config.php?act=list_edit','',0,0,'',0);
/*!40000 ALTER TABLE `ecs_admin_user` ENABLE KEYS */;
UNLOCK TABLES;

--
-- Table structure for table `ecs_adsense`
--

DROP TABLE IF EXISTS `ecs_adsense`;
/*!40101 SET @saved_cs_client     = @@character_set_client */;
/*!40101 SET character_set_client = utf8 */;
CREATE TABLE `ecs_adsense` (
  `from_ad` smallint(5) NOT NULL DEFAULT '0',
  `referer` varchar(255) NOT NULL DEFAULT '',
  `clicks` int(10) unsigned NOT NULL DEFAULT '0',
  KEY `from_ad` (`from_ad`)
) ENGINE=MyISAM DEFAULT CHARSET=utf8;
/*!40101 SET character_set_client = @saved_cs_client */;

--
-- Dumping data for table `ecs_adsense`
--

LOCK TABLES `ecs_adsense` WRITE;
/*!40000 ALTER TABLE `ecs_adsense` DISABLE KEYS */;
INSERT INTO `ecs_adsense` VALUES (1,'本站',8),(2,'本站',7),(58,'本站',2),(56,'本站',2),(59,'本站',1),(3,'本站',17),(4,'本站',5),(5,'本站',8),(8,'本站',1),(10,'本站',2),(35,'本站',2),(36,'本站',2),(33,'本站',1),(11,'本站',1),(38,'本站',1),(39,'本站',1),(40,'本站',1),(41,'本站',1),(46,'本站',1),(60,'本站',1),(61,'本站',1);
/*!40000 ALTER TABLE `ecs_adsense` ENABLE KEYS */;
UNLOCK TABLES;

--
-- Table structure for table `ecs_affiliate_log`
--

DROP TABLE IF EXISTS `ecs_affiliate_log`;
/*!40101 SET @saved_cs_client     = @@character_set_client */;
/*!40101 SET character_set_client = utf8 */;
CREATE TABLE `ecs_affiliate_log` (
  `log_id` mediumint(8) NOT NULL AUTO_INCREMENT,
  `order_id` mediumint(8) NOT NULL,
  `time` int(10) NOT NULL,
  `user_id` mediumint(8) NOT NULL,
  `user_name` varchar(60) DEFAULT NULL,
  `money` decimal(10,2) NOT NULL DEFAULT '0.00',
  `point` int(10) NOT NULL DEFAULT '0',
  `separate_type` tinyint(1) NOT NULL DEFAULT '0',
  PRIMARY KEY (`log_id`)
) ENGINE=MyISAM DEFAULT CHARSET=utf8;
/*!40101 SET character_set_client = @saved_cs_client */;

--
-- Dumping data for table `ecs_affiliate_log`
--

LOCK TABLES `ecs_affiliate_log` WRITE;
/*!40000 ALTER TABLE `ecs_affiliate_log` DISABLE KEYS */;
/*!40000 ALTER TABLE `ecs_affiliate_log` ENABLE KEYS */;
UNLOCK TABLES;

--
-- Table structure for table `ecs_agency`
--

DROP TABLE IF EXISTS `ecs_agency`;
/*!40101 SET @saved_cs_client     = @@character_set_client */;
/*!40101 SET character_set_client = utf8 */;
CREATE TABLE `ecs_agency` (
  `agency_id` smallint(5) unsigned NOT NULL AUTO_INCREMENT,
  `agency_name` varchar(255) NOT NULL,
  `agency_desc` text NOT NULL,
  PRIMARY KEY (`agency_id`),
  KEY `agency_name` (`agency_name`)
) ENGINE=MyISAM DEFAULT CHARSET=utf8;
/*!40101 SET character_set_client = @saved_cs_client */;

--
-- Dumping data for table `ecs_agency`
--

LOCK TABLES `ecs_agency` WRITE;
/*!40000 ALTER TABLE `ecs_agency` DISABLE KEYS */;
/*!40000 ALTER TABLE `ecs_agency` ENABLE KEYS */;
UNLOCK TABLES;

--
-- Table structure for table `ecs_area_region`
--

DROP TABLE IF EXISTS `ecs_area_region`;
/*!40101 SET @saved_cs_client     = @@character_set_client */;
/*!40101 SET character_set_client = utf8 */;
CREATE TABLE `ecs_area_region` (
  `shipping_area_id` smallint(5) unsigned NOT NULL DEFAULT '0',
  `region_id` smallint(5) unsigned NOT NULL DEFAULT '0',
  PRIMARY KEY (`shipping_area_id`,`region_id`)
) ENGINE=MyISAM DEFAULT CHARSET=utf8;
/*!40101 SET character_set_client = @saved_cs_client */;

--
-- Dumping data for table `ecs_area_region`
--

LOCK TABLES `ecs_area_region` WRITE;
/*!40000 ALTER TABLE `ecs_area_region` DISABLE KEYS */;
INSERT INTO `ecs_area_region` VALUES (1,1),(2,1),(2,2),(3,1),(4,10);
/*!40000 ALTER TABLE `ecs_area_region` ENABLE KEYS */;
UNLOCK TABLES;

--
-- Table structure for table `ecs_article`
--

DROP TABLE IF EXISTS `ecs_article`;
/*!40101 SET @saved_cs_client     = @@character_set_client */;
/*!40101 SET character_set_client = utf8 */;
CREATE TABLE `ecs_article` (
  `article_id` mediumint(8) unsigned NOT NULL AUTO_INCREMENT,
  `cat_id` smallint(5) NOT NULL DEFAULT '0',
  `title` varchar(150) NOT NULL DEFAULT '',
  `content` longtext NOT NULL,
  `author` varchar(30) NOT NULL DEFAULT '',
  `author_email` varchar(60) NOT NULL DEFAULT '',
  `keywords` varchar(255) NOT NULL DEFAULT '',
  `article_type` tinyint(1) unsigned NOT NULL DEFAULT '2',
  `is_open` tinyint(1) unsigned NOT NULL DEFAULT '1',
  `add_time` int(10) unsigned NOT NULL DEFAULT '0',
  `file_url` varchar(255) NOT NULL DEFAULT '',
  `open_type` tinyint(1) unsigned NOT NULL DEFAULT '0',
  `link` varchar(255) NOT NULL DEFAULT '',
  `description` varchar(255) DEFAULT NULL,
  PRIMARY KEY (`article_id`),
  KEY `cat_id` (`cat_id`)
) ENGINE=MyISAM AUTO_INCREMENT=133 DEFAULT CHARSET=utf8;
/*!40101 SET character_set_client = @saved_cs_client */;

--
-- Dumping data for table `ecs_article`
--

LOCK TABLES `ecs_article` WRITE;
/*!40000 ALTER TABLE `ecs_article` DISABLE KEYS */;
INSERT INTO `ecs_article` VALUES (1,2,'免责条款','','','','',0,1,1291604914,'',0,'',''),(2,2,'隐私保护','','','','',0,1,1291604914,'',0,'',''),(3,2,'咨询热点','','','','',0,1,1291604914,'',0,'',''),(4,2,'联系我们','','','','',0,1,1291604914,'',0,'',''),(5,2,'公司简介','','','','',0,1,1291604914,'',0,'',''),(6,-1,'用户协议','','','','',0,1,1291604914,'',0,'',''),(9,5,'售后流程','','','','',0,1,1242576700,'',0,'http://',''),(10,5,'购物流程','<p><img height=\"4587\" width=\"813\" alt=\"\" src=\"/ec273cn/utf/360buy2013/images/upload/Image/11111.jpg\" /></p>','','','',0,1,1242576717,'',0,'http://',''),(11,5,'订购方式','<p>1、增加用户体验、提高工作效率，高效率就是高收益</p>\r\n<p>2、后台操作时经常迷失在点了哪个分类菜单，现在你不用怕了，选哪个就标注哪个，用了68ecshop模板你还用愁吗？</p>\r\n<p><br />\r\n&nbsp;</p>','','','',0,1,1242576727,'',0,'http://',''),(15,7,'货到付款区域','','','','',0,1,1242577023,'',0,'http://',''),(16,7,'配送支付查询 ','','','','',0,1,1242577032,'',0,'http://',''),(17,7,'支付方式说明','','','','',0,1,1242577041,'',0,'http://',''),(18,10,'常见问题','<p>Q：登录1号店总是无法链接，这是怎么回事？ <br />\r\nA：请您先刷新一下；或者检查一下网络是否正常，能否登录其它网站，如果以上两种方式都无效，还有一种情况是网页正在更新，可能会影响您的浏览，还望能谅解。 <br />\r\nQ：网站上面显示商品已售完请问什么时候可以在到货？ <br />\r\nA：一般补货时间是7-15个工作日，具体还是以网站信息为准。 <br />\r\nQ：此类商品的规格是什么？性能怎样？ <br />\r\nA：具体商品规格参数及性能问题请您关注商品页面信息，也可以联系厂家电话咨询，或者在商品页面下方发表商品咨询，会有专业人员为您解答！ <br />\r\nQ：如何取消订单？ <br />\r\nA：您可以进入&ldquo;我的1号店&mdash;我的订单&rdquo;自行操作订单取消或致电客服中心由客服为您取消订单；如订单已进入配送环节不确保能够拦截成功，配送上门时还请您拒收，感谢您的配合。 <br />\r\nQ：我的积分有什么用途吗？ <br />\r\nA：您可以用积分至1号店&quot;积分商城&quot;频道免费兑换或积分+现金的形式购买特惠专享商品。 <br />\r\n&nbsp;</p>\r\n<p>支付类常见问题&gt;&gt; <br />\r\nQ：如果我选择银行转账，我需要注意什么吗？ <br />\r\nA：如果您选择的是银行转账，请您务必在汇款单的用途栏内注明您的订单号，货款到账时间一般为款汇出后2-5个工作日，收到货款后我们会尽快确认为您发货，9天未付款的订单将被取消，需重新下单。汇款完毕后进入我的订单信息页面填写转账信息。如下图： <br />\r\nQ：我通过网上支付了，为什么订单显示未到款？ <br />\r\nA：请您先查看您的网上银行交易记录（您可以电话联系银行客服、或是通过ATM、银行柜台、登陆个人网上银行等方式查询），确认款项是否成功划出： <br />\r\n●若款项未成功划出，请您在&quot;我的1号店&mdash;&mdash;我的订单&quot;中找到该订单重新支付即可</p>\r\n<p>●若款项已成功划出，请您联系1号店客服处理</p>\r\n<p>Q：为什么我的订单不能选择货到付款？ <br />\r\nA:以下几种情况不支持货到付款的：（1）部分商品属于第三方卖家发货的商品，不支持货到付款；（2）您所在地区不在货到付款配送范围配送类常见问题&gt;&gt; <br />\r\nQ：订单已提交成功，什么时候可以发货？ <br />\r\nA：订单提交成功后我们会尽快发货，详细进度查询，您可进入&ldquo;我的1号店&mdash;我的订单&rdquo;点击&ldquo;跟踪包裹&rdquo;可实时查看订单进度。 <br />\r\nQ：签收时发现商品包装破损，该如何处理？ <br />\r\nA：商品签收时如包装有破损，请您直接拒收；商品签收后如商品本身有问题，请您在&ldquo;我的1号店&mdash;我的订单&rdquo;中提交退换货申请，将有专业售后人员为您解决。 <br />\r\nQ配送费如何收取？ <br />\r\nQ：能否提供配送员的联系电话？ <br />\r\nA：当订单状态显示&ldquo;已发货&rdquo;1号店自配送会在系统中更新配送人员号码；在我的订单----包裹跟踪---包装状态-查询配送员电话。 <br />\r\nQ：订单取消了，还想要，能不能再配送过来？ <br />\r\nA：非常抱歉，订单一旦取消将无法恢复，建议您重新下单购买 <br />\r\nQ：为什么提交订单时系统提示液体无法配送？ <br />\r\nA：液体商品因考虑到运输安全，受公安部门、安检限制，因此无法配送，建议您选择其他途径购买。 <br />\r\n退换货常见问题&gt;&gt; <br />\r\nQ：我想办理退换货如何操作？ <br />\r\nA：1号店为您提供了自助申请退换货的服务，登录后进入&ldquo;我的1号店&mdash;我的订单&rdquo;点击&ldquo;申请退换货&rdquo;自助完成退换货的申请。如下图显示： <br />\r\nQ：我提交了退换货申请想要取消，怎么办？ <br />\r\nA：您可至&ldquo;我的1号店 &mdash; 我的退换货&mdash;我的退换货记录&rdquo;点击&ldquo;取消&rdquo;按钮即可。 <br />\r\nQ：什么样的情况会收取退换货的运费？ <br />\r\nA：因商品质量问题造成的退换货，1号店免费为您提供上门取件或上门换货服务；但因非商品质量问题由客户发起的退换货行为，将由客户承担退换货运费！ <br />\r\n退款类常见问题&gt;&gt; <br />\r\nQ：订单取消成功后多久可以收到退款？ <br />\r\nA：各类型订单退款周期不一样， <br />\r\nQ：礼品卡支付的，款项退到哪里？ <br />\r\nA：礼品卡支付的款项，产生取消、退换货只可退回到您的1号店账户中 <br />\r\n发票类常见问题&gt;&gt; <br />\r\nQ：订单送到了，但没有发票，怎么办？ <br />\r\nA：请您在订单发货后一个月内申请补开发票，可进入&ldquo;我的1号店&mdash;发票管理&rdquo;,点击&rdquo;补开发票&rdquo;进行自助申请，收到您的申请后，我们会通过平信方式寄出。 <br />\r\n账户类常见问题&gt;&gt; <br />\r\nQ：如何增强账户的安全性？ <br />\r\nA：您可以登录1号店账户， 在&ldquo;我的1号店-个人信息管理&rdquo;里，绑定账户手机号码、验证邮箱并及时修改账户密码（高强度密码建议：3种任意组合&mdash;&mdash;字母、数字、标点符号），提高您账户的安全性能。 <br />\r\nQ：如何绑定？ <br />\r\nA：1、验证邮箱：登录1号店&mdash;&mdash;我的1号店&mdash;&mdash;个人信息管理&mdash;&mdash;编辑个人资料&mdash;&mdash;基本信息&mdash;&mdash;验证邮箱&mdash;&mdash;完善个人信息 <br />\r\n2、绑定手机：我的1号店&mdash;&mdash;个人信息管理&mdash;&mdash;手机绑定&mdash;&mdash;绑定手机号码&mdash;&mdash;下一步&mdash;&mdash;输入校验码&mdash;&mdash;完成绑定<br />\r\n&nbsp;<br />\r\n&nbsp;</p>','','','',0,1,1242577127,'',0,'http://',''),(19,10,'交易条款','','','','',0,0,1242577178,'',0,'user.php?act=collection_list',''),(20,10,'订购流程','','','','',0,1,1242577199,'',0,'user.php?act=order_list',''),(21,8,'退换货原则','','','','服务',0,1,1242577293,'',0,'http://',''),(22,8,'售后服务保证 ','','','','售后',0,1,1242577308,'',0,'http://',''),(23,8,'产品质量保证 ','','','','质量',1,0,1242577326,'',0,'http://',''),(24,9,'网站故障报告','','','','',0,1,1242577432,'',0,'http://',''),(25,9,'选机咨询 ','','','','',0,1,1242577448,'',0,'http://',''),(26,9,'投诉与建议 ','','','','',0,1,1242577459,'',0,'http://',''),(42,8,'换货流程','','','','',0,1,1292315950,'',0,'http://',''),(43,5,'商品评价 ','','','','',0,0,1292315998,'',0,'http://',''),(45,7,'订单状态 ','','','','',0,0,1292316056,'',0,'http://',''),(46,10,'注册新会员','','','','',0,1,1292316080,'',0,'user.php?act=register',''),(47,9,'联系方式','','','','',0,0,1292316101,'',0,'http://',''),(66,10,'团购/机票','','','','',0,1,1365745215,'',0,'http://',''),(67,10,'大家电','','','','',0,0,1365745227,'',0,'http://',''),(68,10,'联系客服','','','','',0,1,1365745238,'',0,'http://',''),(69,7,'如何送礼','','','','',0,1,1365745248,'',0,'http://',''),(70,7,'Global Shipping','','','','',0,1,1365745257,'',0,'http://',''),(71,5,'在线支付','','','','',0,1,1365745269,'',0,'http://',''),(72,5,'公司转账','','','','',0,1,1365745280,'',0,'http://',''),(73,8,'退款说明','','','','',0,1,1365745287,'',0,'http://',''),(74,8,'返修/退换货','','','','',0,1,1365745299,'',0,'http://',''),(75,8,'取消订单','','','','',0,0,1365745306,'',0,'http://',''),(76,9,'节能补贴','','','','',0,1,1365745313,'',0,'http://',''),(77,9,'京东礼品卡','','','','',0,1,1365745320,'',0,'http://',''),(131,21,'关于我们','','','','',0,1,1461659687,'',0,'http://',''),(132,21,'联系我们','','','','',0,1,1461659700,'',0,'http://','');
/*!40000 ALTER TABLE `ecs_article` ENABLE KEYS */;
UNLOCK TABLES;

--
-- Table structure for table `ecs_article_cat`
--

DROP TABLE IF EXISTS `ecs_article_cat`;
/*!40101 SET @saved_cs_client     = @@character_set_client */;
/*!40101 SET character_set_client = utf8 */;
CREATE TABLE `ecs_article_cat` (
  `cat_id` smallint(5) NOT NULL AUTO_INCREMENT,
  `cat_name` varchar(255) NOT NULL DEFAULT '',
  `cat_type` tinyint(1) unsigned NOT NULL DEFAULT '1',
  `keywords` varchar(255) NOT NULL DEFAULT '',
  `cat_desc` varchar(255) NOT NULL DEFAULT '',
  `sort_order` tinyint(3) unsigned NOT NULL DEFAULT '50',
  `show_in_nav` tinyint(1) unsigned NOT NULL DEFAULT '0',
  `parent_id` smallint(5) unsigned NOT NULL DEFAULT '0',
  `path_name` varchar(100) NOT NULL DEFAULT '',
  PRIMARY KEY (`cat_id`),
  KEY `cat_type` (`cat_type`),
  KEY `sort_order` (`sort_order`),
  KEY `parent_id` (`parent_id`)
) ENGINE=MyISAM AUTO_INCREMENT=22 DEFAULT CHARSET=utf8;
/*!40101 SET character_set_client = @saved_cs_client */;

--
-- Dumping data for table `ecs_article_cat`
--

LOCK TABLES `ecs_article_cat` WRITE;
/*!40000 ALTER TABLE `ecs_article_cat` DISABLE KEYS */;
INSERT INTO `ecs_article_cat` VALUES (1,'系统分类',2,'','系统保留分类',50,0,0,''),(2,'网店信息',3,'','网店信息分类',50,0,1,''),(3,'网店帮助分类',4,'','网店帮助分类',50,0,1,''),(5,'客户服务 ',5,'','',50,0,3,''),(7,'机构支持',5,'','',50,0,3,''),(8,'新手指南',5,'','',50,0,3,''),(9,'支付帮助',5,'','',50,0,3,''),(10,'拍卖保障',5,'','',50,0,3,''),(21,'关于我们',5,'','',50,0,3,'');
/*!40000 ALTER TABLE `ecs_article_cat` ENABLE KEYS */;
UNLOCK TABLES;

--
-- Table structure for table `ecs_attribute`
--

DROP TABLE IF EXISTS `ecs_attribute`;
/*!40101 SET @saved_cs_client     = @@character_set_client */;
/*!40101 SET character_set_client = utf8 */;
CREATE TABLE `ecs_attribute` (
  `attr_id` smallint(5) unsigned NOT NULL AUTO_INCREMENT,
  `cat_id` smallint(5) unsigned NOT NULL DEFAULT '0',
  `attr_name` varchar(60) NOT NULL DEFAULT '',
  `attr_input_type` tinyint(1) unsigned NOT NULL DEFAULT '1',
  `attr_type` tinyint(1) unsigned NOT NULL DEFAULT '1',
  `attr_values` text NOT NULL,
  `attr_index` tinyint(1) unsigned NOT NULL DEFAULT '0',
  `sort_order` tinyint(3) unsigned NOT NULL DEFAULT '0',
  `is_linked` tinyint(1) unsigned NOT NULL DEFAULT '0',
  `attr_group` tinyint(1) unsigned NOT NULL DEFAULT '0',
  `is_attr_gallery` tinyint(1) unsigned NOT NULL,
  `attr_txm` tinyint(1) NOT NULL DEFAULT '0' COMMENT '判断条形码是否显示',
  PRIMARY KEY (`attr_id`),
  KEY `cat_id` (`cat_id`)
) ENGINE=MyISAM AUTO_INCREMENT=38 DEFAULT CHARSET=utf8;
/*!40101 SET character_set_client = @saved_cs_client */;

--
-- Dumping data for table `ecs_attribute`
--

LOCK TABLES `ecs_attribute` WRITE;
/*!40000 ALTER TABLE `ecs_attribute` DISABLE KEYS */;
INSERT INTO `ecs_attribute` VALUES (1,1,'颜色',1,1,'白色\r\n黑色\r\n银色\r\n金色\r\n宝石蓝\r\n灰色\r\n橙黄\r\n红色\r\n绿色\r\n粉色\r\n紫色',0,0,0,0,1,0),(2,1,'版本',1,0,'非合约机\r\n购机入网送话费\r\n联通4G版\r\n移动4G版\r\n电信4G版\r\n公开版\r\n\r\n',0,0,0,0,0,0),(23,2,'袖长',1,0,'短袖\r\n无袖\r\n长袖\r\n五分袖\r\n七分袖\r\n九分袖',0,0,0,0,0,0),(3,1,'商品产地',1,0,'中国大陆\r\n上海\r\n广东\r\n深圳\r\n北京\r\n福建\r\n云南\r\n湖南\r\n新疆',0,0,0,0,0,0),(4,1,'用途',1,0,'人物摄影\r\n风光摄影\r\n静物摄影',0,0,0,0,0,0),(5,1,'分类',1,0,'中高级\r\n入门级\r\n大师级',0,0,0,0,0,0),(6,1,'液晶屏尺寸',1,0,'2.7英寸\r\n3.0英寸\r\n3.0英寸及以上',0,0,0,0,0,0),(7,1,'有效像素',1,0,'1600万以上\r\n2000万-5000万',0,0,0,0,0,0),(8,1,'系统',1,0,'安卓（Android）\r\n苹果（IOS）',0,0,0,0,0,0),(9,1,'屏幕尺寸',1,0,'3.5英寸\r\n4.5英寸\r\n4.7英寸\r\n5.0英寸\r\n5.2英寸\r\n5.5英寸\r\n6.0英寸',0,0,0,0,0,0),(10,1,'后置摄像头',1,0,'不支持\r\n500万像素\r\n800万像素\r\n1300万像素',0,0,0,0,0,0),(11,1,'前置摄像头',1,0,'不支持\r\n30万像素\r\n200万像素\r\n500万像素\r\n800万像素',0,0,0,0,0,0),(12,1,'核数',1,0,'双核\r\n四核\r\n八核',0,0,0,0,0,0),(13,1,'频率',1,0,'800MHz\r\n1G-1.2GHz\r\n1.2GHz\r\n1.5GHz\r\n1.7GHz\r\n1.6GHz\r\n',0,0,0,0,0,0),(14,1,'分辨率',1,0,'480×854\r\n540×960\r\n640×960\r\n1280×720\r\n1334×750\r\n1920×1080\r\n1920×1152',0,0,0,0,0,0),(15,2,'颜色',1,1,'白色\r\n黑色\r\n粉色\r\n红色\r\n灰色\r\n棕色\r\n蓝色\r\n米色\r\n黄色\r\n玫红\r\n金色\r\n银色\r\n紫色',0,0,0,0,1,0),(16,2,'尺码',1,1,'S\r\nM\r\nL\r\nXL\r\nXXL\r\n35.5\r\n36\r\n36.5\r\n37\r\n37.5\r\n38\r\n38.5\r\n39\r\n39.5\r\n40\r\n40.5\r\n41\r\n41.5\r\n42\r\n42.5\r\n43\r\n43.5\r\n44\r\n45',0,0,0,0,0,0),(17,2,'帮面材质',1,0,'头层牛皮\r\n塑胶\r\nPU\r\n网布\r\n混合材质',0,0,0,0,0,0),(18,2,'风格',1,0,'淑女\r\n优雅\r\n性感\r\n休闲\r\n甜美\r\n欧美\r\nOL\r\n复古\r\n文艺\r\n学院\r\n韩范\r\n名媛\r\n简约',0,0,0,0,0,0),(20,2,'闭合方式',1,0,'一字式扣带\r\n套脚\r\n系带\r\n侧拉链\r\n套筒\r\n后拉链\r\n前拉链',0,0,0,0,0,0),(22,2,'鞋底材质',1,0,'橡胶\r\n橡胶发泡\r\n聚氨酯',0,0,0,0,0,0),(24,2,'制作工艺',1,0,'缝制鞋\r\n硫化鞋\r\n胶粘鞋\r\n注压鞋',0,0,0,0,0,0),(25,2,'腰型',1,0,'中腰\r\n高腰\r\n宽松腰\r\n松紧腰\r\n低腰\r\n超低腰',0,0,0,0,0,0),(26,2,'内里材质',1,0,'头层牛皮\r\n头层猪皮\r\n人造长毛绒\r\n兔毛\r\nPU\r\n超细纤维\r\n网纱',0,0,0,0,0,0),(27,2,'跟高',1,0,'中跟\r\n高跟\r\n低跟\r\n平跟\r\n超高跟',0,0,0,0,0,0),(28,2,'鞋跟形状',1,0,'平跟\r\n粗跟\r\n方跟\r\n坡跟\r\n内增高\r\n细跟\r\n马蹄跟\r\n松糕底\r\n酒杯跟',0,0,0,0,0,0),(29,2,'图案',1,0,'纯色\r\n条纹\r\n植物花卉\r\n圆点\r\n碎花\r\n抽象图案\r\n其他',0,0,0,0,0,0),(30,2,'鞋头',1,0,'圆头\r\n尖头\r\n方头\r\n鱼嘴',0,0,0,0,0,0),(31,2,'裙型',1,0,'A字裙\r\n大摆型\r\n不规则裙\r\n公主裙\r\n一步裙\r\n百褶裙\r\n铅笔裙\r\n荷叶边裙\r\n灯笼裙\r\n蛋糕裙',0,0,0,0,0,0),(32,2,'功能',0,0,'',0,0,0,0,0,0),(33,2,'材质',0,0,'',0,0,0,0,0,0),(34,2,'裙长',0,0,'',0,0,0,0,0,0),(35,2,'领型',0,0,'',0,0,0,0,0,0),(36,2,'袖型',0,0,'',0,0,0,0,0,0),(37,2,'版型',0,0,'',0,0,0,0,0,0);
/*!40000 ALTER TABLE `ecs_attribute` ENABLE KEYS */;
UNLOCK TABLES;

--
-- Table structure for table `ecs_attribute_color`
--

DROP TABLE IF EXISTS `ecs_attribute_color`;
/*!40101 SET @saved_cs_client     = @@character_set_client */;
/*!40101 SET character_set_client = utf8 */;
CREATE TABLE `ecs_attribute_color` (
  `attr_color_id` mediumint(8) unsigned NOT NULL AUTO_INCREMENT,
  `attr_id` mediumint(8) unsigned NOT NULL,
  `color_name` varchar(30) NOT NULL,
  `color_code` varchar(10) NOT NULL,
  `image` varchar(255) NOT NULL,
  PRIMARY KEY (`attr_color_id`),
  KEY `act_id` (`attr_id`)
) ENGINE=MyISAM AUTO_INCREMENT=27 DEFAULT CHARSET=utf8;
/*!40101 SET character_set_client = @saved_cs_client */;

--
-- Dumping data for table `ecs_attribute_color`
--

LOCK TABLES `ecs_attribute_color` WRITE;
/*!40000 ALTER TABLE `ecs_attribute_color` DISABLE KEYS */;
INSERT INTO `ecs_attribute_color` VALUES (1,1,'白色','FFFFFF',''),(2,1,'黑色','000000',''),(3,1,'银色','EDEDED',''),(4,1,'金色','D5C47E',''),(5,1,'宝石蓝','2617FF',''),(6,1,'灰色','DDDDDD',''),(7,1,'橙黄','FFA012',''),(8,1,'红色','FF0000',''),(9,1,'绿色','00FF00',''),(10,1,'粉色','FFA1DC',''),(11,1,'紫色','C403FF',''),(12,1,'','FFFFFF',''),(13,15,'白色','FFFFFF',''),(14,15,'黑色','000000',''),(15,15,'粉色','FFA1DC',''),(16,15,'红色','FF0000',''),(17,15,'灰色','DDDDDD',''),(18,15,'棕色','944806',''),(19,15,'蓝色','2617FF',''),(20,15,'米色','FFEC70',''),(21,15,'黄色','FFFF08',''),(22,15,'玫红','FF245E',''),(23,15,'金色','D5C47E',''),(24,15,'银色','EDEDED',''),(25,15,'紫色','C403FF',''),(26,15,'月色','FFFFFF','');
/*!40000 ALTER TABLE `ecs_attribute_color` ENABLE KEYS */;
UNLOCK TABLES;

--
-- Table structure for table `ecs_auction_log`
--

DROP TABLE IF EXISTS `ecs_auction_log`;
/*!40101 SET @saved_cs_client     = @@character_set_client */;
/*!40101 SET character_set_client = utf8 */;
CREATE TABLE `ecs_auction_log` (
  `log_id` mediumint(8) unsigned NOT NULL AUTO_INCREMENT,
  `act_id` mediumint(8) unsigned NOT NULL,
  `bid_user` mediumint(8) unsigned NOT NULL,
  `bid_price` decimal(10,2) unsigned NOT NULL,
  `bid_time` int(10) unsigned NOT NULL,
  PRIMARY KEY (`log_id`),
  KEY `act_id` (`act_id`)
) ENGINE=MyISAM AUTO_INCREMENT=10 DEFAULT CHARSET=utf8;
/*!40101 SET character_set_client = @saved_cs_client */;

--
-- Dumping data for table `ecs_auction_log`
--

LOCK TABLES `ecs_auction_log` WRITE;
/*!40000 ALTER TABLE `ecs_auction_log` DISABLE KEYS */;
INSERT INTO `ecs_auction_log` VALUES (1,1,1,550.00,1437586960),(2,2,1,55.00,1437588105),(3,21,9,17.00,1443926447),(4,12,9,20.00,1461389938),(5,11,9,1.00,1461390953),(6,33,9,1.00,1461605823),(7,33,10,51.00,1461879136),(8,33,9,61.00,1461891333);
/*!40000 ALTER TABLE `ecs_auction_log` ENABLE KEYS */;
UNLOCK TABLES;

--
-- Table structure for table `ecs_auto_manage`
--

DROP TABLE IF EXISTS `ecs_auto_manage`;
/*!40101 SET @saved_cs_client     = @@character_set_client */;
/*!40101 SET character_set_client = utf8 */;
CREATE TABLE `ecs_auto_manage` (
  `item_id` mediumint(8) NOT NULL,
  `type` varchar(10) NOT NULL,
  `starttime` int(10) NOT NULL,
  `endtime` int(10) NOT NULL,
  PRIMARY KEY (`item_id`,`type`)
) ENGINE=MyISAM DEFAULT CHARSET=utf8;
/*!40101 SET character_set_client = @saved_cs_client */;

--
-- Dumping data for table `ecs_auto_manage`
--

LOCK TABLES `ecs_auto_manage` WRITE;
/*!40000 ALTER TABLE `ecs_auto_manage` DISABLE KEYS */;
/*!40000 ALTER TABLE `ecs_auto_manage` ENABLE KEYS */;
UNLOCK TABLES;

--
-- Table structure for table `ecs_back_action`
--

DROP TABLE IF EXISTS `ecs_back_action`;
/*!40101 SET @saved_cs_client     = @@character_set_client */;
/*!40101 SET character_set_client = utf8 */;
CREATE TABLE `ecs_back_action` (
  `action_id` mediumint(8) unsigned NOT NULL AUTO_INCREMENT,
  `back_id` mediumint(8) unsigned NOT NULL DEFAULT '0',
  `action_user` varchar(30) NOT NULL DEFAULT '',
  `status_back` tinyint(1) unsigned NOT NULL DEFAULT '0',
  `status_refund` tinyint(1) unsigned NOT NULL DEFAULT '0',
  `action_note` varchar(255) NOT NULL DEFAULT '',
  `log_time` int(11) unsigned NOT NULL DEFAULT '0',
  PRIMARY KEY (`action_id`),
  KEY `back_id` (`back_id`)
) ENGINE=MyISAM DEFAULT CHARSET=utf8;
/*!40101 SET character_set_client = @saved_cs_client */;

--
-- Dumping data for table `ecs_back_action`
--

LOCK TABLES `ecs_back_action` WRITE;
/*!40000 ALTER TABLE `ecs_back_action` DISABLE KEYS */;
/*!40000 ALTER TABLE `ecs_back_action` ENABLE KEYS */;
UNLOCK TABLES;

--
-- Table structure for table `ecs_back_goods`
--

DROP TABLE IF EXISTS `ecs_back_goods`;
/*!40101 SET @saved_cs_client     = @@character_set_client */;
/*!40101 SET character_set_client = utf8 */;
CREATE TABLE `ecs_back_goods` (
  `rec_id` mediumint(8) unsigned NOT NULL AUTO_INCREMENT,
  `back_id` mediumint(8) unsigned DEFAULT '0',
  `goods_id` mediumint(8) unsigned NOT NULL DEFAULT '0',
  `product_id` mediumint(8) unsigned NOT NULL DEFAULT '0',
  `product_sn` varchar(60) DEFAULT NULL,
  `goods_name` varchar(120) DEFAULT NULL,
  `brand_name` varchar(60) DEFAULT NULL,
  `goods_sn` varchar(60) DEFAULT NULL,
  `is_real` tinyint(1) unsigned DEFAULT '0',
  `send_number` smallint(5) unsigned DEFAULT '0',
  `goods_attr` text,
  `back_type` tinyint(1) unsigned NOT NULL DEFAULT '0',
  `parent_id` int(10) unsigned NOT NULL,
  `back_goods_price` decimal(10,2) unsigned NOT NULL DEFAULT '0.00',
  `back_goods_number` smallint(5) unsigned NOT NULL,
  `status_back` tinyint(1) NOT NULL DEFAULT '0',
  `status_refund` tinyint(1) NOT NULL DEFAULT '0',
  PRIMARY KEY (`rec_id`),
  KEY `back_id` (`back_id`),
  KEY `goods_id` (`goods_id`)
) ENGINE=MyISAM DEFAULT CHARSET=utf8;
/*!40101 SET character_set_client = @saved_cs_client */;

--
-- Dumping data for table `ecs_back_goods`
--

LOCK TABLES `ecs_back_goods` WRITE;
/*!40000 ALTER TABLE `ecs_back_goods` DISABLE KEYS */;
/*!40000 ALTER TABLE `ecs_back_goods` ENABLE KEYS */;
UNLOCK TABLES;

--
-- Table structure for table `ecs_back_order`
--

DROP TABLE IF EXISTS `ecs_back_order`;
/*!40101 SET @saved_cs_client     = @@character_set_client */;
/*!40101 SET character_set_client = utf8 */;
CREATE TABLE `ecs_back_order` (
  `back_id` mediumint(8) unsigned NOT NULL AUTO_INCREMENT,
  `delivery_sn` varchar(20) NOT NULL,
  `order_sn` varchar(20) NOT NULL,
  `order_id` mediumint(8) unsigned NOT NULL DEFAULT '0',
  `invoice_no` varchar(50) DEFAULT NULL,
  `add_time` int(10) unsigned DEFAULT '0',
  `shipping_id` tinyint(3) unsigned DEFAULT '0',
  `shipping_name` varchar(120) DEFAULT NULL,
  `user_id` mediumint(8) unsigned DEFAULT '0',
  `action_user` varchar(30) DEFAULT NULL,
  `consignee` varchar(60) DEFAULT NULL,
  `address` varchar(250) DEFAULT NULL,
  `country` smallint(5) unsigned DEFAULT '0',
  `province` smallint(5) unsigned DEFAULT '0',
  `city` smallint(5) unsigned DEFAULT '0',
  `district` smallint(5) unsigned DEFAULT '0',
  `sign_building` varchar(120) DEFAULT NULL,
  `email` varchar(60) DEFAULT NULL,
  `zipcode` varchar(60) DEFAULT NULL,
  `tel` varchar(60) DEFAULT NULL,
  `mobile` varchar(60) DEFAULT NULL,
  `best_time` varchar(120) DEFAULT NULL,
  `postscript` varchar(255) DEFAULT NULL,
  `how_oos` varchar(120) DEFAULT NULL,
  `insure_fee` decimal(10,2) unsigned DEFAULT '0.00',
  `shipping_fee` decimal(10,2) unsigned DEFAULT '0.00',
  `update_time` int(10) unsigned DEFAULT '0',
  `suppliers_id` smallint(5) DEFAULT '0',
  `status` tinyint(1) unsigned NOT NULL DEFAULT '0',
  `return_time` int(10) unsigned DEFAULT '0',
  `agency_id` smallint(5) unsigned DEFAULT '0',
  `refund_type` tinyint(1) NOT NULL DEFAULT '0',
  `refund_desc` varchar(255) NOT NULL,
  `refund_money_1` decimal(10,2) NOT NULL DEFAULT '0.00',
  `refund_money_2` decimal(10,2) NOT NULL DEFAULT '0.00',
  `back_reason` varchar(255) NOT NULL DEFAULT '',
  `goods_id` int(10) unsigned NOT NULL,
  `goods_name` varchar(255) NOT NULL DEFAULT '',
  `status_back` tinyint(1) NOT NULL DEFAULT '0' COMMENT '0:审核通过,1:收到寄回商品,2:换回商品已寄出,3:完成退货/返修,4:退款(无需退货),5:审核中,6:申请被拒绝,7:管理员取消,8:用户自己取消',
  `status_refund` tinyint(1) NOT NULL DEFAULT '0' COMMENT '0:未退款,1:已退款',
  `imgs` text NOT NULL,
  `back_pay` tinyint(1) NOT NULL DEFAULT '0',
  `back_type` varchar(1) NOT NULL DEFAULT '0',
  `supplier_id` int(10) unsigned NOT NULL DEFAULT '0',
  PRIMARY KEY (`back_id`),
  KEY `user_id` (`user_id`),
  KEY `order_id` (`order_id`),
  KEY `goods_id` (`goods_id`)
) ENGINE=MyISAM DEFAULT CHARSET=utf8;
/*!40101 SET character_set_client = @saved_cs_client */;

--
-- Dumping data for table `ecs_back_order`
--

LOCK TABLES `ecs_back_order` WRITE;
/*!40000 ALTER TABLE `ecs_back_order` DISABLE KEYS */;
/*!40000 ALTER TABLE `ecs_back_order` ENABLE KEYS */;
UNLOCK TABLES;

--
-- Table structure for table `ecs_back_replay`
--

DROP TABLE IF EXISTS `ecs_back_replay`;
/*!40101 SET @saved_cs_client     = @@character_set_client */;
/*!40101 SET character_set_client = utf8 */;
CREATE TABLE `ecs_back_replay` (
  `id` mediumint(8) NOT NULL AUTO_INCREMENT,
  `back_id` mediumint(8) NOT NULL DEFAULT '0',
  `message` text NOT NULL,
  `add_time` int(10) NOT NULL DEFAULT '0',
  `type` tinyint(1) NOT NULL DEFAULT '0',
  PRIMARY KEY (`id`)
) ENGINE=MyISAM DEFAULT CHARSET=utf8;
/*!40101 SET character_set_client = @saved_cs_client */;

--
-- Dumping data for table `ecs_back_replay`
--

LOCK TABLES `ecs_back_replay` WRITE;
/*!40000 ALTER TABLE `ecs_back_replay` DISABLE KEYS */;
/*!40000 ALTER TABLE `ecs_back_replay` ENABLE KEYS */;
UNLOCK TABLES;

--
-- Table structure for table `ecs_bar_code`
--

DROP TABLE IF EXISTS `ecs_bar_code`;
/*!40101 SET @saved_cs_client     = @@character_set_client */;
/*!40101 SET character_set_client = utf8 */;
CREATE TABLE `ecs_bar_code` (
  `id` int(13) unsigned NOT NULL AUTO_INCREMENT,
  `goods_id` int(13) NOT NULL COMMENT '商品id',
  `taypes` text NOT NULL COMMENT '条形码属性值',
  `bar_code` varchar(14) NOT NULL COMMENT '条形码',
  PRIMARY KEY (`id`)
) ENGINE=MyISAM DEFAULT CHARSET=utf8;
/*!40101 SET character_set_client = @saved_cs_client */;

--
-- Dumping data for table `ecs_bar_code`
--

LOCK TABLES `ecs_bar_code` WRITE;
/*!40000 ALTER TABLE `ecs_bar_code` DISABLE KEYS */;
/*!40000 ALTER TABLE `ecs_bar_code` ENABLE KEYS */;
UNLOCK TABLES;

--
-- Table structure for table `ecs_bonus_type`
--

DROP TABLE IF EXISTS `ecs_bonus_type`;
/*!40101 SET @saved_cs_client     = @@character_set_client */;
/*!40101 SET character_set_client = utf8 */;
CREATE TABLE `ecs_bonus_type` (
  `type_id` smallint(5) unsigned NOT NULL AUTO_INCREMENT,
  `type_name` varchar(60) NOT NULL DEFAULT '',
  `type_money` decimal(10,2) NOT NULL DEFAULT '0.00',
  `send_type` tinyint(3) unsigned NOT NULL DEFAULT '0',
  `min_amount` decimal(10,2) unsigned NOT NULL DEFAULT '0.00',
  `max_amount` decimal(10,2) unsigned NOT NULL DEFAULT '0.00',
  `send_start_date` int(11) NOT NULL DEFAULT '0',
  `send_end_date` int(11) NOT NULL DEFAULT '0',
  `use_start_date` int(11) NOT NULL DEFAULT '0',
  `use_end_date` int(11) NOT NULL DEFAULT '0',
  `min_goods_amount` decimal(10,2) unsigned NOT NULL DEFAULT '0.00',
  `supplier_id` mediumint(8) unsigned NOT NULL DEFAULT '0' COMMENT '店铺id',
  `bonus_code` varchar(200) DEFAULT 'NULL',
  `user_bonus_max` int(10) NOT NULL DEFAULT '1',
  PRIMARY KEY (`type_id`)
) ENGINE=MyISAM AUTO_INCREMENT=4 DEFAULT CHARSET=utf8;
/*!40101 SET character_set_client = @saved_cs_client */;

--
-- Dumping data for table `ecs_bonus_type`
--

LOCK TABLES `ecs_bonus_type` WRITE;
/*!40000 ALTER TABLE `ecs_bonus_type` DISABLE KEYS */;
INSERT INTO `ecs_bonus_type` VALUES (1,'商品红包5元',5.00,1,50.00,0.00,1437465600,1454140800,1437552000,1454140800,50.00,0,'',0),(2,'用户红包10元',10.00,0,90.00,0.00,1437552000,1440230400,1437552000,1472544000,80.00,0,'',0),(3,'天天果园满200元送20元红包',20.00,2,200.00,0.00,1437552000,1472544000,1437552000,1472544000,100.00,1,NULL,1);
/*!40000 ALTER TABLE `ecs_bonus_type` ENABLE KEYS */;
UNLOCK TABLES;

--
-- Table structure for table `ecs_booking_goods`
--

DROP TABLE IF EXISTS `ecs_booking_goods`;
/*!40101 SET @saved_cs_client     = @@character_set_client */;
/*!40101 SET character_set_client = utf8 */;
CREATE TABLE `ecs_booking_goods` (
  `rec_id` mediumint(8) unsigned NOT NULL AUTO_INCREMENT,
  `user_id` mediumint(8) unsigned NOT NULL DEFAULT '0',
  `email` varchar(60) NOT NULL DEFAULT '',
  `link_man` varchar(60) NOT NULL DEFAULT '',
  `tel` varchar(60) NOT NULL DEFAULT '',
  `goods_id` mediumint(8) unsigned NOT NULL DEFAULT '0',
  `goods_desc` varchar(255) NOT NULL DEFAULT '',
  `goods_number` smallint(5) unsigned NOT NULL DEFAULT '0',
  `booking_time` int(10) unsigned NOT NULL DEFAULT '0',
  `is_dispose` tinyint(1) unsigned NOT NULL DEFAULT '0',
  `dispose_user` varchar(30) NOT NULL DEFAULT '',
  `dispose_time` int(10) unsigned NOT NULL DEFAULT '0',
  `dispose_note` varchar(255) NOT NULL DEFAULT '',
  PRIMARY KEY (`rec_id`),
  KEY `user_id` (`user_id`)
) ENGINE=MyISAM DEFAULT CHARSET=utf8;
/*!40101 SET character_set_client = @saved_cs_client */;

--
-- Dumping data for table `ecs_booking_goods`
--

LOCK TABLES `ecs_booking_goods` WRITE;
/*!40000 ALTER TABLE `ecs_booking_goods` DISABLE KEYS */;
/*!40000 ALTER TABLE `ecs_booking_goods` ENABLE KEYS */;
UNLOCK TABLES;

--
-- Table structure for table `ecs_brand`
--

DROP TABLE IF EXISTS `ecs_brand`;
/*!40101 SET @saved_cs_client     = @@character_set_client */;
/*!40101 SET character_set_client = utf8 */;
CREATE TABLE `ecs_brand` (
  `brand_id` smallint(5) unsigned NOT NULL AUTO_INCREMENT,
  `brand_name` varchar(60) NOT NULL DEFAULT '',
  `brand_logo` varchar(80) NOT NULL DEFAULT '',
  `brand_img` varchar(80) NOT NULL,
  `brand_desc` text NOT NULL,
  `wap_brand_desc` text NOT NULL,
  `site_url` varchar(255) NOT NULL DEFAULT '',
  `sort_order` tinyint(3) unsigned NOT NULL DEFAULT '50',
  `is_show` tinyint(1) unsigned NOT NULL DEFAULT '1',
  PRIMARY KEY (`brand_id`),
  KEY `is_show` (`is_show`)
) ENGINE=MyISAM AUTO_INCREMENT=106 DEFAULT CHARSET=utf8;
/*!40101 SET character_set_client = @saved_cs_client */;

--
-- Dumping data for table `ecs_brand`
--

LOCK TABLES `ecs_brand` WRITE;
/*!40000 ALTER TABLE `ecs_brand` DISABLE KEYS */;
INSERT INTO `ecs_brand` VALUES (1,'资生堂','1437428736611050860.jpg','','','','http://',50,1),(2,'CK','1437428796001158264.jpg','','','','http://',50,1),(3,'Disney','1437428837807736154.jpg','','','','http://',50,1),(4,'雅诗兰黛','1437428885582505638.jpg','','','','http://',50,1),(5,'相宜本草','1437428934219489398.jpg','','','','http://',50,1),(6,'Dior','1437428980225446797.jpg','','','','http://',50,1),(7,'爱丽','1437429042714176893.jpg','','','','http://',50,1),(8,'雅顿','1437429105344033623.jpg','','','','http://',50,1),(9,'狮王','1437429180391175313.jpg','','','','http://',50,1),(10,'高丝洁','1437429343218953352.jpg','','','','http://',50,1),(11,'MISS FACE','1437429301820829673.jpg','','','','http://',50,1),(12,'姬芮','1437429559203552370.jpg','','','','http://',50,1),(13,'SK-ll','1437429603999601355.jpg','','','','http://',50,1),(14,'高丝','1437429658639571492.jpg','','','','http://',50,1),(15,'韩束','1437429723052152963.jpg','','','','http://',50,1),(16,'卡姿兰','1437429783595048316.jpg','','','','http://',50,1),(17,'珀莱雅','1437429832547767116.jpg','','','','http://',50,1),(18,'兰芝','1437429934755120717.jpg','','','','http://',50,1),(19,'碧欧泉','1437430106997787476.jpg','','','','http://',50,1),(20,'小米','1437430279260423099.jpg','','','','http://',50,1),(21,'摩托罗拉','1437430289405669696.jpg','','','','http://',50,1),(22,'中兴','1437430298555384602.jpg','','','','http://',50,1),(23,'朵唯','1437430309280593896.jpg','','','','http://',50,1),(24,'htc','1437430325761583576.jpg','','','','http://',50,1),(25,'华为','1437430344637755359.jpg','','','','http://',50,1),(26,'oppo','1437430353888085653.jpg','','','','http://',50,1),(27,'金立','1437430366575268584.jpg','','','','http://',50,1),(28,'LG','1437430374768843113.jpg','','','','http://',50,1),(29,'苹果','1437430433744102612.jpg','','','','http://',50,1),(30,'三星','1437430441802693617.png','','','','http://',50,1),(31,'乐檬','1437430460743432443.jpg','','','','http://',50,1),(32,'努比亚','1437430574094435270.png','','','','http://',50,1),(41,'伊利','1437431337248235690.jpg','','','','http://',50,1),(34,'肯德基','1437431062768997274.jpg','','','','http://',50,1),(35,'麦当劳','1437431071613084817.jpg','','','','http://',50,1),(36,'小肥羊','1437431080762737350.jpg','','','','http://',50,1),(37,'小尾羊','1437431089182085355.jpg','','','','http://',50,1),(38,'必胜客','1437431098320240967.jpg','','','','http://',50,1),(39,'海底捞','1437431107736558062.jpg','','','','http://',50,1),(40,'蒙牛','1437431322523724265.jpg','','','','http://',50,1),(42,'君乐宝','1437431351886281450.jpg','','','','http://',50,1),(43,'光明','1437431362172425989.jpg','','','','http://',50,1),(44,'三元','1437431370729213687.jpg','','','','http://',50,1),(45,'百草味','1437431586427003983.jpg','','','','http://',50,1),(46,'三只松鼠','1437431595688289538.jpg','','','','http://',50,1),(47,'口水娃','1437431609681889286.jpg','','','','http://',50,1),(48,'楼兰密语','1437431622196514430.jpg','','','','http://',50,1),(49,'西域美农','1437431645949723761.jpg','','','','http://',50,1),(50,'糖糖屋','1437431655511622908.jpg','','','','http://',50,1),(51,'享爱.','1437432512022024124.jpg','','','','http://',50,1),(52,'猫人','1437432522356081645.jpg','','','','http://',50,1),(53,'茵曼（INMAN）','1437432530915190983.jpg','','','','http://',50,1),(54,'缪诗','1437432540121764652.jpg','','','','http://',50,1),(55,'卓诗尼','1437436548477690017.jpg','','','','http://',50,1),(56,'七匹狼','1437432559402862574.jpg','','','','http://',50,1),(57,'佐丹奴','1437432569401929463.jpg','','','','http://',50,1),(58,'达芙妮','1437436184083765295.jpg','','','','http://',50,1),(59,'她他/tata','1437432594328434499.jpg','','','','http://',50,1),(60,'曼妮芬（ManniForm）','1437432607921594733.jpg','','','','http://',50,1),(61,'伊芙丽','1437432618356392882.jpg','','','','http://',50,1),(62,'稻草人','1437432889680565833.jpg','','','','http://',50,1),(63,'斯提亚','1437432901296336878.jpg','','','','http://',50,1),(64,'袋鼠','1437432911986487085.jpg','','','','http://',50,1),(65,'爱华仕','1437432919534972670.jpg','','','','http://',50,1),(66,'海尔','1437433767280039957.jpg','','','','http://',50,1),(67,'美的','1437433779804083933.jpg','','','','http://',50,1),(68,'格力','1437433795060834486.jpg','','','','http://',50,1),(69,'老板','1437433807457258990.jpg','','','','http://',50,1),(70,'西门子','1437433823734794032.gif','','','','http://',50,1),(71,'格兰仕','1437433840630073088.jpg','','','','http://',50,1),(72,'海信','1437433854063455383.jpg','','','','http://',50,1),(73,'伊莱克斯','1437434172223731860.jpg','','','','http://',50,1),(74,'艾力斯特','1437434180841305731.jpg','','','','http://',50,1),(75,'博洋家纺','1437434606384665980.jpg','','','','http://',50,1),(76,'富安娜','1437434617597906820.jpg','','','','http://',50,1),(77,'爱仕达','1437434625076488004.jpg','','','','http://',50,1),(78,'罗莱','1437434636974815215.jpg','','','','http://',50,1),(79,'安睡宝','1437434647992450174.jpg','','','','http://',50,1),(80,'溢彩年华','1437434684850488373.jpg','','','','http://',50,1),(81,'慧乐家','1437434929995564906.jpg','','','','http://',50,1),(82,'天堂伞','1437434942034649403.jpg','','','','http://',50,1),(83,'水星家纺','1437436852699771679.jpg','','','','http://',50,1),(84,'全有家居','1437436872931901715.jpg','','','','http://',50,1),(85,'五粮液','1437437214813515708.jpg','','','','http://',50,1),(86,'泸州老窖','1437437224749997115.jpg','','','','http://',50,1),(87,'洋河','1437437231422398881.jpg','','','','http://',50,1),(88,'郎酒','1437437244879092879.jpg','','','','http://',50,1),(89,'锐澳','1437437261557386149.jpg','','','','http://',50,1),(90,'雪花','1437437271667562577.jpg','','','','http://',50,1),(91,'哈尔滨','1437437282844642612.jpg','','','','http://',50,1),(92,'加多宝','1437437842479155660.jpg','','','','http://',50,1),(93,'统一','1437437849200407070.jpg','','','','http://',50,1),(94,'王老吉','1437437859367956549.jpg','','','','http://',50,1),(95,'可口可乐','1437437873367150550.jpg','','','','http://',50,1),(96,'贝古贝古','1437438440162456222.jpg','','','','http://',50,1),(97,'皇家宝贝','1437438450967200189.jpg','','','','http://',50,1),(98,'呵宝童车','1437438478070289990.png','','','','http://',50,1),(99,'合生元','1437438487779734440.jpg','','','','http://',50,1),(100,'美赞臣','1437438523104074504.jpg','','','','http://',50,1),(101,'帮宝适','1437438533665581365.jpg','','','','http://',50,1),(102,'抱抱熊','1437438543060387610.jpg','','','','http://',50,1),(103,'巴拉巴拉','1437438555681581254.jpg','','','','http://',50,1),(104,'青蛙王子','1437438571107733086.jpg','','','','http://',50,1),(105,'雀氏','1437438581895901815.jpg','','','','http://',50,1);
/*!40000 ALTER TABLE `ecs_brand` ENABLE KEYS */;
UNLOCK TABLES;

--
-- Table structure for table `ecs_card`
--

DROP TABLE IF EXISTS `ecs_card`;
/*!40101 SET @saved_cs_client     = @@character_set_client */;
/*!40101 SET character_set_client = utf8 */;
CREATE TABLE `ecs_card` (
  `card_id` tinyint(3) unsigned NOT NULL AUTO_INCREMENT,
  `card_name` varchar(120) NOT NULL DEFAULT '',
  `card_img` varchar(255) NOT NULL DEFAULT '',
  `card_fee` decimal(6,2) unsigned NOT NULL DEFAULT '0.00',
  `free_money` decimal(6,2) unsigned NOT NULL DEFAULT '0.00',
  `card_desc` varchar(255) NOT NULL DEFAULT '',
  PRIMARY KEY (`card_id`)
) ENGINE=MyISAM DEFAULT CHARSET=utf8;
/*!40101 SET character_set_client = @saved_cs_client */;

--
-- Dumping data for table `ecs_card`
--

LOCK TABLES `ecs_card` WRITE;
/*!40000 ALTER TABLE `ecs_card` DISABLE KEYS */;
/*!40000 ALTER TABLE `ecs_card` ENABLE KEYS */;
UNLOCK TABLES;

--
-- Table structure for table `ecs_cart`
--

DROP TABLE IF EXISTS `ecs_cart`;
/*!40101 SET @saved_cs_client     = @@character_set_client */;
/*!40101 SET character_set_client = utf8 */;
CREATE TABLE `ecs_cart` (
  `rec_id` mediumint(8) unsigned NOT NULL AUTO_INCREMENT,
  `user_id` mediumint(8) unsigned NOT NULL DEFAULT '0',
  `session_id` char(32) CHARACTER SET utf8 COLLATE utf8_bin NOT NULL DEFAULT '',
  `goods_id` mediumint(8) unsigned NOT NULL DEFAULT '0',
  `goods_sn` varchar(60) NOT NULL DEFAULT '',
  `product_id` mediumint(8) unsigned NOT NULL DEFAULT '0',
  `goods_name` varchar(120) NOT NULL DEFAULT '',
  `market_price` decimal(10,2) unsigned NOT NULL DEFAULT '0.00',
  `goods_price` decimal(10,2) NOT NULL DEFAULT '0.00',
  `goods_number` smallint(5) unsigned NOT NULL DEFAULT '0',
  `goods_attr` text NOT NULL,
  `is_real` tinyint(1) unsigned NOT NULL DEFAULT '0',
  `extension_code` varchar(30) NOT NULL DEFAULT '',
  `parent_id` mediumint(8) unsigned NOT NULL DEFAULT '0',
  `rec_type` tinyint(1) unsigned NOT NULL DEFAULT '0',
  `is_gift` smallint(5) unsigned NOT NULL DEFAULT '0',
  `is_shipping` tinyint(1) unsigned NOT NULL DEFAULT '0',
  `can_handsel` tinyint(3) unsigned NOT NULL DEFAULT '0',
  `goods_attr_id` varchar(255) NOT NULL DEFAULT '',
  `add_time` int(10) unsigned NOT NULL,
  `package_attr_id` varchar(100) NOT NULL,
  `cost_price` decimal(10,2) NOT NULL DEFAULT '0.00',
  `promote_price` decimal(10,2) NOT NULL DEFAULT '0.00',
  PRIMARY KEY (`rec_id`),
  KEY `session_id` (`session_id`)
) ENGINE=MyISAM AUTO_INCREMENT=4 DEFAULT CHARSET=utf8;
/*!40101 SET character_set_client = @saved_cs_client */;

--
-- Dumping data for table `ecs_cart`
--

LOCK TABLES `ecs_cart` WRITE;
/*!40000 ALTER TABLE `ecs_cart` DISABLE KEYS */;
/*!40000 ALTER TABLE `ecs_cart` ENABLE KEYS */;
UNLOCK TABLES;

--
-- Table structure for table `ecs_cat_flashimg`
--

DROP TABLE IF EXISTS `ecs_cat_flashimg`;
/*!40101 SET @saved_cs_client     = @@character_set_client */;
/*!40101 SET character_set_client = utf8 */;
CREATE TABLE `ecs_cat_flashimg` (
  `img_id` smallint(5) unsigned NOT NULL AUTO_INCREMENT,
  `cat_id` smallint(5) NOT NULL,
  `img_title` varchar(255) NOT NULL,
  `img_desc` varchar(255) NOT NULL,
  `img_url` varchar(255) NOT NULL,
  `href_url` varchar(255) NOT NULL,
  `sort_order` tinyint(3) unsigned NOT NULL DEFAULT '50',
  PRIMARY KEY (`img_id`),
  KEY `show_order` (`sort_order`)
) ENGINE=MyISAM AUTO_INCREMENT=6 DEFAULT CHARSET=utf8;
/*!40101 SET character_set_client = @saved_cs_client */;

--
-- Dumping data for table `ecs_cat_flashimg`
--

LOCK TABLES `ecs_cat_flashimg` WRITE;
/*!40000 ALTER TABLE `ecs_cat_flashimg` DISABLE KEYS */;
INSERT INTO `ecs_cat_flashimg` VALUES (2,2,'','','1437583534135188137.jpg','http://',50),(3,1,'','','1437583973984265131.jpg','http://',1),(4,1,'','','1437583986427105351.jpg','http://',2),(5,1,'','','1437583997134881148.jpg','http://',3);
/*!40000 ALTER TABLE `ecs_cat_flashimg` ENABLE KEYS */;
UNLOCK TABLES;

--
-- Table structure for table `ecs_cat_recommend`
--

DROP TABLE IF EXISTS `ecs_cat_recommend`;
/*!40101 SET @saved_cs_client     = @@character_set_client */;
/*!40101 SET character_set_client = utf8 */;
CREATE TABLE `ecs_cat_recommend` (
  `cat_id` smallint(5) NOT NULL,
  `recommend_type` tinyint(1) NOT NULL,
  PRIMARY KEY (`cat_id`,`recommend_type`)
) ENGINE=MyISAM DEFAULT CHARSET=utf8;
/*!40101 SET character_set_client = @saved_cs_client */;

--
-- Dumping data for table `ecs_cat_recommend`
--

LOCK TABLES `ecs_cat_recommend` WRITE;
/*!40000 ALTER TABLE `ecs_cat_recommend` DISABLE KEYS */;
INSERT INTO `ecs_cat_recommend` VALUES (17,3),(21,3),(25,3),(26,3),(27,3),(28,3),(30,3),(46,3),(47,3),(61,3),(62,3),(67,3),(80,3),(84,3),(89,3),(92,3),(95,3),(107,3),(125,3),(126,3),(127,3),(128,3),(136,3),(137,3),(138,3),(139,3),(140,3),(149,3),(153,3),(154,3),(156,3),(164,3),(165,3),(166,3),(168,3),(169,3),(191,3),(192,3),(193,3),(194,3),(196,3),(197,3),(199,3),(201,3),(203,3),(227,3),(242,3),(243,3),(245,3),(246,3),(247,3),(250,3),(252,3),(253,3),(276,3),(277,3),(280,3),(282,3),(285,3),(286,3),(287,3),(288,3),(297,3),(312,3),(313,3),(332,3),(337,3),(340,3),(350,3),(351,3),(352,3),(355,3);
/*!40000 ALTER TABLE `ecs_cat_recommend` ENABLE KEYS */;
UNLOCK TABLES;

--
-- Table structure for table `ecs_category`
--

DROP TABLE IF EXISTS `ecs_category`;
/*!40101 SET @saved_cs_client     = @@character_set_client */;
/*!40101 SET character_set_client = utf8 */;
CREATE TABLE `ecs_category` (
  `cat_id` smallint(5) unsigned NOT NULL AUTO_INCREMENT,
  `cat_name` varchar(90) NOT NULL DEFAULT '',
  `keywords` varchar(255) NOT NULL DEFAULT '',
  `cat_desc` varchar(255) NOT NULL DEFAULT '',
  `parent_id` smallint(5) unsigned NOT NULL DEFAULT '0',
  `sort_order` tinyint(1) unsigned NOT NULL DEFAULT '50',
  `template_file` varchar(50) NOT NULL DEFAULT '',
  `measure_unit` varchar(15) NOT NULL DEFAULT '',
  `show_in_nav` tinyint(1) NOT NULL DEFAULT '0',
  `style` varchar(150) NOT NULL,
  `is_show` tinyint(1) unsigned NOT NULL DEFAULT '1',
  `grade` tinyint(4) NOT NULL DEFAULT '0',
  `filter_attr` varchar(255) NOT NULL DEFAULT '0',
  `category_index` tinyint(1) unsigned NOT NULL DEFAULT '0',
  `category_index_dwt` tinyint(1) NOT NULL DEFAULT '0',
  `index_dwt_file` varchar(150) DEFAULT NULL,
  `show_in_index` tinyint(1) unsigned NOT NULL DEFAULT '0',
  `cat_index_rightad` varchar(255) NOT NULL,
  `cat_adimg_1` varchar(255) NOT NULL,
  `cat_adurl_1` varchar(255) NOT NULL,
  `cat_adimg_2` varchar(255) NOT NULL,
  `cat_adurl_2` varchar(255) NOT NULL,
  `cat_nameimg` varchar(255) NOT NULL,
  `brand_qq` varchar(255) NOT NULL DEFAULT '',
  `attr_wwwecshop68com` varchar(255) NOT NULL DEFAULT '',
  `path_name` varchar(100) NOT NULL DEFAULT '',
  `is_virtual` int(11) NOT NULL DEFAULT '0',
  `type_img` varchar(100) NOT NULL COMMENT '微信商城分类图标',
  PRIMARY KEY (`cat_id`),
  KEY `parent_id` (`parent_id`)
) ENGINE=MyISAM AUTO_INCREMENT=356 DEFAULT CHARSET=utf8;
/*!40101 SET character_set_client = @saved_cs_client */;

--
-- Dumping data for table `ecs_category`
--

LOCK TABLES `ecs_category` WRITE;
/*!40000 ALTER TABLE `ecs_category` DISABLE KEYS */;
INSERT INTO `ecs_category` VALUES (1,'书法字画','','',0,1,'','',0,'',1,5,'',0,0,'',0,'','','','','','','','','',0,''),(2,'文玩收藏','','',0,2,'','',0,'',1,5,'',0,0,'',0,'','','','','','','','','',0,''),(3,'紫砂陶器','','',0,3,'','',0,'',1,5,'',0,0,'',0,'','','','','','','','','',0,''),(4,'珠宝玉器','','',0,4,'','',0,'',1,8,'',0,0,'',0,'','','','','','','','','',0,''),(5,'家用电器','','',0,5,'','',0,'',0,5,'',0,0,'',0,'','','','','','','','','',0,''),(6,'家纺家居','','',0,6,'','',0,'',0,5,'',0,0,'',0,'','','','','','','','','',0,''),(7,'酒类饮料','','',0,7,'','',0,'',0,5,'',0,0,'',0,'','','','','','','','','',0,''),(8,'母婴用品','','',0,8,'','',0,'',0,5,'',0,0,'',0,'','','','','','','','','',0,'');
/*!40000 ALTER TABLE `ecs_category` ENABLE KEYS */;
UNLOCK TABLES;

--
-- Table structure for table `ecs_chat_customer`
--

DROP TABLE IF EXISTS `ecs_chat_customer`;
/*!40101 SET @saved_cs_client     = @@character_set_client */;
/*!40101 SET character_set_client = utf8 */;
CREATE TABLE `ecs_chat_customer` (
  `cus_id` mediumint(8) NOT NULL AUTO_INCREMENT COMMENT '编号',
  `user_id` mediumint(8) NOT NULL COMMENT 'ECShop平台系统用户编号',
  `of_username` varchar(120) NOT NULL COMMENT '绑定的OpenFire系统用户名',
  `cus_name` varchar(120) NOT NULL COMMENT '客服名称',
  `supp_id` mediumint(8) NOT NULL DEFAULT '-1' COMMENT '入驻商编号',
  `cus_type` int(11) NOT NULL DEFAULT '0' COMMENT '客服类型',
  `session_count` int(11) DEFAULT '0' COMMENT '客服对话量',
  `talk_time` int(11) DEFAULT '0' COMMENT '客服总的通话时间',
  `cus_degree` int(11) DEFAULT '0' COMMENT '总的满意度',
  `cus_enable` int(11) DEFAULT '1' COMMENT '是否可用',
  `add_time` int(11) DEFAULT NULL,
  PRIMARY KEY (`cus_id`),
  UNIQUE KEY `UNIQUE` (`user_id`,`of_username`)
) ENGINE=MyISAM AUTO_INCREMENT=5 DEFAULT CHARSET=utf8;
/*!40101 SET character_set_client = @saved_cs_client */;

--
-- Dumping data for table `ecs_chat_customer`
--

LOCK TABLES `ecs_chat_customer` WRITE;
/*!40000 ALTER TABLE `ecs_chat_customer` DISABLE KEYS */;
INSERT INTO `ecs_chat_customer` VALUES (4,1,'test1','testtest',-1,1,0,0,0,1,1443949402);
/*!40000 ALTER TABLE `ecs_chat_customer` ENABLE KEYS */;
UNLOCK TABLES;

--
-- Table structure for table `ecs_collect_goods`
--

DROP TABLE IF EXISTS `ecs_collect_goods`;
/*!40101 SET @saved_cs_client     = @@character_set_client */;
/*!40101 SET character_set_client = utf8 */;
CREATE TABLE `ecs_collect_goods` (
  `rec_id` mediumint(8) unsigned NOT NULL AUTO_INCREMENT,
  `user_id` mediumint(8) unsigned NOT NULL DEFAULT '0',
  `goods_id` mediumint(8) unsigned NOT NULL DEFAULT '0',
  `add_time` int(11) unsigned NOT NULL DEFAULT '0',
  `is_attention` tinyint(1) NOT NULL DEFAULT '0',
  PRIMARY KEY (`rec_id`),
  KEY `user_id` (`user_id`),
  KEY `goods_id` (`goods_id`),
  KEY `is_attention` (`is_attention`)
) ENGINE=MyISAM AUTO_INCREMENT=3 DEFAULT CHARSET=utf8;
/*!40101 SET character_set_client = @saved_cs_client */;

--
-- Dumping data for table `ecs_collect_goods`
--

LOCK TABLES `ecs_collect_goods` WRITE;
/*!40000 ALTER TABLE `ecs_collect_goods` DISABLE KEYS */;
INSERT INTO `ecs_collect_goods` VALUES (1,6,32,1437594198,0),(2,9,50,1443926380,0);
/*!40000 ALTER TABLE `ecs_collect_goods` ENABLE KEYS */;
UNLOCK TABLES;

--
-- Table structure for table `ecs_comment`
--

DROP TABLE IF EXISTS `ecs_comment`;
/*!40101 SET @saved_cs_client     = @@character_set_client */;
/*!40101 SET character_set_client = utf8 */;
CREATE TABLE `ecs_comment` (
  `comment_id` int(10) unsigned NOT NULL AUTO_INCREMENT,
  `comment_type` tinyint(3) unsigned NOT NULL DEFAULT '0',
  `title` varchar(200) NOT NULL DEFAULT '',
  `id_value` mediumint(8) unsigned NOT NULL DEFAULT '0',
  `email` varchar(60) NOT NULL DEFAULT '',
  `user_name` varchar(60) NOT NULL DEFAULT '',
  `content` text NOT NULL,
  `comment_rank` tinyint(1) unsigned NOT NULL DEFAULT '0',
  `add_time` int(10) unsigned NOT NULL DEFAULT '0',
  `ip_address` varchar(15) NOT NULL DEFAULT '',
  `status` tinyint(3) unsigned NOT NULL DEFAULT '0',
  `parent_id` int(10) unsigned NOT NULL DEFAULT '0',
  `user_id` int(10) unsigned NOT NULL DEFAULT '0',
  `rec_id` mediumint(8) NOT NULL DEFAULT '0',
  `comment_tag` varchar(255) NOT NULL,
  `buy_time` int(10) NOT NULL DEFAULT '0',
  `good_num` mediumint(8) NOT NULL DEFAULT '0',
  `hide_username` tinyint(1) NOT NULL DEFAULT '0',
  `order_id` mediumint(8) unsigned NOT NULL DEFAULT '0',
  PRIMARY KEY (`comment_id`),
  KEY `parent_id` (`parent_id`),
  KEY `id_value` (`id_value`)
) ENGINE=MyISAM AUTO_INCREMENT=141 DEFAULT CHARSET=utf8;
/*!40101 SET character_set_client = @saved_cs_client */;

--
-- Dumping data for table `ecs_comment`
--

LOCK TABLES `ecs_comment` WRITE;
/*!40000 ALTER TABLE `ecs_comment` DISABLE KEYS */;
INSERT INTO `ecs_comment` VALUES (1,0,'',8,'','b***4','这双鞋非常漂亮，但是尖头的，我买的时候没考虑到，买小了一码，孩子穿着脚尖有点挤，换了另一双鞋，小金蛋的鞋质量都不错不错，服务也好，客服瑶瑶和欢畅特别有耐心',5,1437531937,'',1,0,0,0,'',0,0,0,0),(2,0,'',8,'','陈***影','鞋子很漂亮，质量很好，尺码标准，女儿超喜欢<br/>\n',5,1437531105,'',1,0,0,0,'',0,0,0,0),(3,0,'',8,'','杨***8','鞋子质量很好，穿着舒服软，一次买了三双，小金蛋鞋子是我一直关注的',5,1437529441,'',1,0,0,0,'',0,0,0,0),(4,0,'',8,'','a***g','鞋子很漂亮，但是尺码是不是有点儿偏小，姑娘说有点儿夹脚踏实地',5,1437526945,'',1,0,0,0,'',0,0,0,0),(5,0,'',8,'','灰***阁','买给侄女穿的，她穿上后很漂亮，喜欢得不得了，鞋子的做工很精致，比实体店里100块的要好，很值！',5,1437523617,'',1,0,0,0,'',0,0,0,0),(6,0,'',8,'','赴***约','宝宝爱的不得了，穿上都不愿意脱了，卖家服务态度好',5,1437519457,'',1,0,0,0,'',0,0,0,0),(7,0,'',8,'','z***雨','这个是女儿自己选择的看图片不怎么样。实物非常 漂亮',5,1437514465,'',1,0,0,0,'',0,0,0,0),(8,0,'',8,'','a***m','鞋子气味比较大&hellip;&hellip;孩子比较喜欢这种闪亮的质感，听走路的声音感觉鞋底较硬',5,1437508641,'',1,0,0,0,'',0,0,0,0),(9,0,'',8,'','a***m','鞋子气味比较大&hellip;&hellip;孩子比较喜欢这种闪亮的质感，听走路的声音感觉鞋底较硬',5,1437501985,'',1,0,0,0,'',0,0,0,0),(10,0,'',8,'','黄***7','挺漂亮的鞋子，女儿自己选的，大小刚好！',5,1437494497,'',1,0,0,0,'',0,0,0,0),(11,0,'',8,'','p***1','鞋子很漂亮哦，孩子很喜欢，如果是真皮的就更好了。服务很有耐心',5,1437486177,'',1,0,0,0,'',0,0,0,0),(12,0,'',8,'','b***i','鞋子很漂亮，孩子很喜欢，物流很给力，总体评价好。',5,1437477025,'',1,0,0,0,'',0,0,0,0),(13,0,'',8,'','l***4','这鞋太漂亮了，拿回来比我想象中的还有好，女儿也很喜欢，服务也蛮好',5,1437467041,'',1,0,0,0,'',0,0,0,0),(14,0,'',8,'','a***3','大家自己看，试穿还不到10分钟，把我女儿脚磨破。',5,1437456225,'',1,0,0,0,'',0,0,0,0),(15,0,'',8,'','冰***恋','宝贝挺好。就是不知道质量怎么样，穿过再来评价',5,1437444577,'',1,0,0,0,'',0,0,0,0),(16,0,'',8,'','w***1','非常满意的一次网购.鞋子很漂亮',5,1437432097,'',1,0,0,0,'',0,0,0,0),(17,0,'',8,'','t***8','女儿很喜欢，尺码合适',5,1437418785,'',1,0,0,0,'',0,0,0,0),(18,0,'',8,'','默***金','码数买小了，孩子穿刚刚好，想换大一码',5,1437404641,'',1,0,0,0,'',0,0,0,0),(19,0,'',8,'','心***5','满意。现在宝贝的鞋子都在这买了。',5,1437389665,'',1,0,0,0,'',0,0,0,0),(20,0,'',8,'','d***6','女儿是爱不释手啊，到了马上换，今天穿起上学，自信',5,1437373857,'',1,0,0,0,'',0,0,0,0),(21,0,'',9,'','b***4','这双鞋非常漂亮，但是尖头的，我买的时候没考虑到，买小了一码，孩子穿着脚尖有点挤，换了另一双鞋，小金蛋的鞋质量都不错不错，服务也好，客服瑶瑶和欢畅特别有耐心',5,1437532242,'',1,0,0,0,'',0,0,0,0),(22,0,'',9,'','陈***影','鞋子很漂亮，质量很好，尺码标准，女儿超喜欢<br/>\n',5,1437531410,'',1,0,0,0,'',0,0,0,0),(23,0,'',9,'','杨***8','鞋子质量很好，穿着舒服软，一次买了三双，小金蛋鞋子是我一直关注的',5,1437529746,'',1,0,0,0,'',0,0,0,0),(24,0,'',9,'','a***g','鞋子很漂亮，但是尺码是不是有点儿偏小，姑娘说有点儿夹脚踏实地',5,1437527250,'',1,0,0,0,'',0,0,0,0),(25,0,'',9,'','灰***阁','买给侄女穿的，她穿上后很漂亮，喜欢得不得了，鞋子的做工很精致，比实体店里100块的要好，很值！',5,1437523922,'',1,0,0,0,'',0,0,0,0),(26,0,'',9,'','赴***约','宝宝爱的不得了，穿上都不愿意脱了，卖家服务态度好',5,1437519762,'',1,0,0,0,'',0,0,0,0),(27,0,'',9,'','z***雨','这个是女儿自己选择的看图片不怎么样。实物非常 漂亮',5,1437514770,'',1,0,0,0,'',0,0,0,0),(28,0,'',9,'','a***m','鞋子气味比较大&hellip;&hellip;孩子比较喜欢这种闪亮的质感，听走路的声音感觉鞋底较硬',5,1437508946,'',1,0,0,0,'',0,0,0,0),(29,0,'',9,'','a***m','鞋子气味比较大&hellip;&hellip;孩子比较喜欢这种闪亮的质感，听走路的声音感觉鞋底较硬',5,1437502290,'',1,0,0,0,'',0,0,0,0),(30,0,'',9,'','黄***7','挺漂亮的鞋子，女儿自己选的，大小刚好！',5,1437494802,'',1,0,0,0,'',0,0,0,0),(31,0,'',9,'','p***1','鞋子很漂亮哦，孩子很喜欢，如果是真皮的就更好了。服务很有耐心',5,1437486482,'',1,0,0,0,'',0,0,0,0),(32,0,'',9,'','b***i','鞋子很漂亮，孩子很喜欢，物流很给力，总体评价好。',5,1437477330,'',1,0,0,0,'',0,0,0,0),(33,0,'',9,'','l***4','这鞋太漂亮了，拿回来比我想象中的还有好，女儿也很喜欢，服务也蛮好',5,1437467346,'',1,0,0,0,'',0,0,0,0),(34,0,'',9,'','a***3','大家自己看，试穿还不到10分钟，把我女儿脚磨破。',5,1437456530,'',1,0,0,0,'',0,0,0,0),(35,0,'',9,'','冰***恋','宝贝挺好。就是不知道质量怎么样，穿过再来评价',5,1437444882,'',1,0,0,0,'',0,0,0,0),(36,0,'',9,'','w***1','非常满意的一次网购.鞋子很漂亮',5,1437432402,'',1,0,0,0,'',0,0,0,0),(37,0,'',9,'','t***8','女儿很喜欢，尺码合适',5,1437419090,'',1,0,0,0,'',0,0,0,0),(38,0,'',9,'','默***金','码数买小了，孩子穿刚刚好，想换大一码',5,1437404946,'',1,0,0,0,'',0,0,0,0),(39,0,'',9,'','心***5','满意。现在宝贝的鞋子都在这买了。',5,1437389970,'',1,0,0,0,'',0,0,0,0),(40,0,'',9,'','d***6','女儿是爱不释手啊，到了马上换，今天穿起上学，自信',5,1437374162,'',1,0,0,0,'',0,0,0,0),(41,0,'',12,'','张***5','衣衣面料不错，手感不错，挺漂亮，颜色无色差 下回还来全五星卖家服务态度好，发货快，物流很快',5,1437532374,'',1,0,0,0,'',0,0,0,0),(42,0,'',12,'','舒***8','衣服面料不错，手感很好。挺漂亮，颜色无色差 。下回还来全五星卖家服务态度好，发货快，物流很快',5,1437531542,'',1,0,0,0,'',0,0,0,0),(43,0,'',12,'','阳***蕾','衣衣面料不错，手感不错，挺漂亮，颜色无色差。好评卖家服务态度好，发货快，物流有点不给力',5,1437529878,'',1,0,0,0,'',0,0,0,0),(44,0,'',12,'','勇***f','这个款式的衣服漂亮，大小合适，孩子很喜欢，穿着很漂亮！',5,1437527382,'',1,0,0,0,'',0,0,0,0),(45,0,'',12,'','一***z','店家发货快 包装好，衣服质量挺好的 喜欢，面料纯棉的 跟店家描述的一样 无色差 做工很好，好评 值得购买服务很好 有问必答',5,1437524054,'',1,0,0,0,'',0,0,0,0),(46,0,'',12,'','谢***8','衣服款式不错，面料手感很好，是纯棉的，和卖家描述一致，发货快，物流很给力。全5分好评。服务态度很好。',5,1437519894,'',1,0,0,0,'',0,0,0,0),(47,0,'',12,'','梁***珉','无色差，偏小了点，女儿说喜欢，因为都是她自己选的。质量还可以，快递也还算挺快的啦！',5,1437514902,'',1,0,0,0,'',0,0,0,0),(48,0,'',12,'','a***间','质量好，尺码标准，款式好看，价格便宜，值得购买。好',5,1437509078,'',1,0,0,0,'',0,0,0,0),(49,0,'',12,'','岁***5','衣衣面料不错务态度好，发货快，，手感不错，挺漂亮，颜色无色差 下回还来全五星服务：卖家服物流很快<br/>\n',5,1437502422,'',1,0,0,0,'',0,0,0,0),(50,0,'',12,'','s***9','很满意的一次购物，款式跟图片一样，也没色差很漂亮，值得大家动手购买。非常 不错',5,1437494934,'',1,0,0,0,'',0,0,0,0),(51,0,'',12,'','易***联','衣服很好，很漂亮，女儿很喜欢客服服务态度很好，推荐的尺码穿上正合适',5,1437486614,'',1,0,0,0,'',0,0,0,0),(52,0,'',12,'','雨***1','宝贝收到了，质量不错，挺时尚的，没有色差，大小合适，很满意的一次购物，大赞，。祝生意兴隆。服务态度满意。',5,1437477462,'',1,0,0,0,'',0,0,0,0),(53,0,'',12,'','陈***1','衣衣面料不错，手感不错，挺漂亮，颜色无色差 下回还来全五星服务：卖家服务态度好，发货快，物流很快<br/>\n',5,1437467478,'',1,0,0,0,'',0,0,0,0),(54,0,'',12,'','t***3','很满意的一次购物，款式跟图片一样，也没色差很漂亮、很满意下次光临',5,1437456662,'',1,0,0,0,'',0,0,0,0),(55,0,'',12,'','t***3','很满意的一次购物，款式跟图片一样，也没色差很漂亮、质量很好做工细，很满意很好很满意',5,1437445014,'',1,0,0,0,'',0,0,0,0),(56,0,'',12,'','y***6','宝贝与图片一致，物有所值1服务态度好，物流也挺给力',5,1437432534,'',1,0,0,0,'',0,0,0,0),(57,0,'',12,'','t***1','质量不错，孩子很喜欢，穿着很精神！！物流很给力，宝贝性价比高。',5,1437419222,'',1,0,0,0,'',0,0,0,0),(58,0,'',12,'','l***6','上身效果好看又合穿，面料摸起来比较舒服，都以女儿图片上传，值得全五分服务态度好好',5,1437405078,'',1,0,0,0,'',0,0,0,0),(59,0,'',12,'','一***2','款式漂亮，面料也不错，大小合适，孩子很喜欢，非常满意的一次购物。满意。',5,1437390102,'',1,0,0,0,'',0,0,0,0),(60,0,'',12,'','巴***你','衣服早就收到了，由于一直忙没来得及评论，孩子穿着非常合适，她特别喜欢，洗了很多次也没有变形褪色之类的，物流也特别快，非常喜欢这家店！大赞',5,1437374294,'',1,0,0,0,'',0,0,0,0),(61,0,'',15,'','杨***0','还是比较喜欢的，<br/>\n总体感觉还是不错的，<br/>\n和店家描述的基本差不了多少<br/>\n卖家客服服务还可以，<br/>\n回复的很快，发货速度还是可以的，<br/>\n快递也非常的给力第二天就到了，<br/>\n码数和市面的一样！！！<br/>\n穿着很舒服.遗憾的就是卖家没送小礼物，。',5,1437532475,'',1,0,0,0,'',0,0,0,0),(62,0,'',15,'','豆***央','上衣裤子质量都很好 衣服收到有点潮 貌似卖家烫过 收到很展 很值得再来 物美价廉啊 一下子在这家买了四件 太惊喜了',5,1437531643,'',1,0,0,0,'',0,0,0,0),(63,0,'',15,'','l***9','衣服很漂亮，款式很喜欢，做工材质都很满意，快递也很给力，全5分',5,1437529979,'',1,0,0,0,'',0,0,0,0),(64,0,'',15,'','寒***3','快递3天就到了，惊喜！今天把衣服拿来给孩子们试过了，孩子们非常喜欢。无论是上衣还是短裤质量和款式都很赞。赞一个，5分！卖家服务态度很好。',5,1437527483,'',1,0,0,0,'',0,0,0,0),(65,0,'',15,'','黑***飞','宝贝收到了，面料很好，手感不错，做工很好，码子也合适，款式好看，是我喜欢的类型，和卖家描述的一样，无色差。快递速度很快。女儿穿着很漂亮，好喜欢包装很精美，非常值。很划算。客服服务态度也很好，',5,1437524155,'',1,0,0,0,'',0,0,0,0),(66,0,'',15,'','w***8','衣服很好，料子舒服，款型好看，大小合适，女儿很喜欢不耐洗',5,1437519995,'',1,0,0,0,'',0,0,0,0),(67,0,'',15,'','v***8','很漂亮很有气质的套装，宝贝儿很喜欢，穿上也很合身，非常衬皮肤，质量也很好，已经洗过一次了，没色差不掉色，非常满意。',5,1437515003,'',1,0,0,0,'',0,0,0,0),(68,0,'',15,'','s***1','宝贝不错，侄女上身很合适，短裤面料有点棉麻的感觉，很漂亮，卖家推荐的尺码也很合适，上衣稍大一点明年还可以穿，卖家服务很热情，物流很给力，以后有需要还会光顾的，全五分。非常满意',5,1437509179,'',1,0,0,0,'',0,0,0,0),(69,0,'',15,'','5***a','衣服没有图片上的漂亮，布料、做工都非常一般。值不到这个价格。',5,1437502523,'',1,0,0,0,'',0,0,0,0),(70,0,'',15,'','x***0','好评！衣服料子不错。款式时尚。送给侄女穿的。大小合适。无色差。很满意。送的文具很实用谢谢掌柜。非常好',5,1437495035,'',1,0,0,0,'',0,0,0,0),(71,0,'',15,'','猫***生','宝贝收到了，卖家发货很快，宝贝的质量很好，朋友的女儿很喜欢，穿着也很漂亮',5,1437486715,'',1,0,0,0,'',0,0,0,0),(72,0,'',15,'','一***雨','挺时尚的一款套装，女儿试穿了很好看，像个小明星了。上衣面料也是想要的那种效果，绵绵的，裤子是那种比较透气的面料，女儿说穿着很舒服。已经泡水里准备洗一下，看了没有褪色的，而且衣服做工也很好，差不多的衣服，实体店要90多，总之非常满意的一次网购！下次还会来的！',5,1437477563,'',1,0,0,0,'',0,0,0,0),(73,0,'',15,'','一***雨','衣服质量真的非常好，这套绿色的给姐姐家的女儿买的，非常漂亮，主要做工挺好的，很喜欢这样的款式，孩子穿着显得特别漂亮，颜色搭配也很好，上图给大家参考下',5,1437467579,'',1,0,0,0,'',0,0,0,0),(74,0,'',15,'','s***情','卖家服务态度很好，衣服看起来跟图片一样好看，穿起来也很漂亮',5,1437456763,'',1,0,0,0,'',0,0,0,0),(75,0,'',15,'','抡***2','宝贝收到了，质量非常好，上衣是纯棉的，短裤是亚麻的，女儿很喜欢，穿着很舒服。跟照片的一样没有色差，做工也很精细，很时尚的款式。物流很快很给力。',5,1437445115,'',1,0,0,0,'',0,0,0,0),(76,0,'',15,'','r***6','衣服很漂亮，质量挺好的，穿上很时尚，没有色差，很满意，以后还会光临的',5,1437432635,'',1,0,0,0,'',0,0,0,0),(77,0,'',15,'','w***2','衣服质量非常好，款式比较新颖，小姑娘穿着很时尚，套装穿 看起来好有美感！搭配很漂亮。服务很不错哦',5,1437419323,'',1,0,0,0,'',0,0,0,0),(78,0,'',15,'','潘***你','商品质量非常好，穿上很合适，非常好看，下次还来照顾服务非常满意，值得信赖，非常非常非常满意',5,1437405179,'',1,0,0,0,'',0,0,0,0),(79,0,'',15,'','刘***2','衣服不值这个价，质量一般。<br/>\n衣服明明今天上午才签收，却显示昨天已签收。',5,1437390203,'',1,0,0,0,'',0,0,0,0),(80,0,'',15,'','e***6','衣服不错，很合身，质量很好，态度也不错',5,1437374395,'',1,0,0,0,'',0,0,0,0),(81,0,'',18,'','y***8','这款奥特曼布料柔软，洗了三次都不掉色，质量没的说，物有所值；孩子穿着就脱不了，我只能晚上洗了第二天早上又让他穿着去学校，值得推荐的一款宝贝！一流的卖家服务，物流很给力！',5,1437532661,'',1,0,0,0,'',0,0,0,0),(82,0,'',18,'','微***0','宝宝很喜欢奥特曼，质量不错，面料很柔软，物有所值！',5,1437531829,'',1,0,0,0,'',0,0,0,0),(83,0,'',18,'','l***s','儿子自己选的，喜欢的不得了，等不及让洗就穿上了，睡觉都不肯脱。总体不错，面料比较柔软，没洗所以不知道是否褪色，希望不会。儿子身高105，体重35斤，110码比较合身，上衣稍大。',5,1437530165,'',1,0,0,0,'',0,0,0,0),(84,0,'',18,'','闫***2','差，差，差&hellip;！强烈要求退货，质量太差了，价值只在30～40元之间的东西，买70多块钱，根本都不是不是纯棉的，感觉上当受骗了&hellip;！',5,1437527669,'',1,0,0,0,'',0,0,0,0),(85,0,'',18,'','q***柒','这套衣服是我逛淘宝时，儿子一眼相中的！棉料柔软！做工图案精细！下水洗了，一点都没掉色！很满意！服务态度非常不错！',5,1437524341,'',1,0,0,0,'',0,0,0,0),(86,0,'',18,'','蚂***o','洗3次了才来评价，一点都不褪色。面料柔软，衣服比裤子的质地更好。服务还好，再接再厉！',5,1437520181,'',1,0,0,0,'',0,0,0,0),(87,0,'',18,'','c***0','颜色正，材质应该是纯棉，就是裤子感觉手感有些滑，可能与颜色花纹有关系。尺码标准。儿子还要奥特曼袜子，呵呵，掌柜的考虑进点吧?',5,1437515189,'',1,0,0,0,'',0,0,0,0),(88,0,'',18,'','w***6','宝贝很好！宝宝很喜欢奥特曼，质量不错，面料很柔软，图案印刷清晰，无异味，值得购买！服务态度很好，买大了退换货，客服很耐心讲解退货流程，赞一个！',5,1437509365,'',1,0,0,0,'',0,0,0,0),(89,0,'',18,'','江***8','还不错，做工，用料都还可以<br/>\n而且孩子喜欢，我们家长也就更满意了~发货速度挺快的，服务态度也可以',5,1437502709,'',1,0,0,0,'',0,0,0,0),(90,0,'',18,'','彩***大','不好意思，确认晚了，因为发货很快，快递也太给力了，呵呵，卖家态度很好，衣服也很合身，图案很漂亮，孩子很喜欢！谢谢！',5,1437495221,'',1,0,0,0,'',0,0,0,0),(91,0,'',18,'','薇***5','质量还行，洗了不掉色，物有所值',5,1437486901,'',1,0,0,0,'',0,0,0,0),(92,0,'',18,'','x***服','第二次买了，质量一样的好，弟弟很喜欢，大小刚好合适',5,1437477749,'',1,0,0,0,'',0,0,0,0),(93,0,'',18,'','玉***峻','儿子自己选的，超级喜欢，没洗就要穿，面料很好，柔软舒服，上面的图案也不掉色，值得购买。',5,1437467765,'',1,0,0,0,'',0,0,0,0),(94,0,'',18,'','星***2','性价比中间。衣服质量一般，不过不褪色已经很满意。主要是图案儿子满意。',5,1437456949,'',1,0,0,0,'',0,0,0,0),(95,0,'',18,'','i***8','款式挺可爱，喜欢奥特曼的宝宝肯定会爱不释手的，二宝穿着一样的衣服去幼儿园接哥哥，其他小朋友都好羡慕呢。就是质量一般，几天穿下来正面的奥特曼颜色淡了下层，做工要是再精细点就更好了。以后再试试其他款。',5,1437445301,'',1,0,0,0,'',0,0,0,0),(96,0,'',18,'','i***8','款式挺可爱，喜欢奥特曼的宝宝肯定会爱不释手的，二宝穿着一样的衣服去幼儿园接哥哥，其他小朋友都好羡慕呢。就是质量一般，几天穿下来正面的奥特曼颜色淡了下层，做工要是再精细点就更好了。以后再试试其他款。',5,1437432821,'',1,0,0,0,'',0,0,0,0),(97,0,'',18,'','y***1','儿子一直想要一套奥特曼衣服,特意送给他的儿童节惊喜。衣服质量真的很不错,儿子很喜欢. 但短裤质量不怎么好，洗了两水原来的蓝色都起白了，这价格不值啊！',5,1437419509,'',1,0,0,0,'',0,0,0,0),(98,0,'',18,'','b***y','买给儿子的儿童节礼物，快递很给力，儿童节头一天到的，晚上洗第二天干了，正好儿童节穿上带儿子出去玩，儿子非常兴奋，变了一天身，动不动就：变身--奥特曼！自称小奥特曼，呵呵。衣服质量不错，面料很柔软，不褪色。',5,1437405365,'',1,0,0,0,'',0,0,0,0),(99,0,'',18,'','雅***雯','儿子好喜欢奥特曼衣服  很开心穿起来很帅   服务态度好  大小合适  质量好  价格优惠 ，下次再来',5,1437390389,'',1,0,0,0,'',0,0,0,0),(100,0,'',18,'','h***c','儿子很喜欢！洗过了不掉色。图案很清晰，袖子有刺绣，比想象中的质量要好！物有所值！值得推荐！',5,1437374581,'',1,0,0,0,'',0,0,0,0),(101,0,'',19,'','任***1','东西质量很好孩子很喜欢打开包装没味卖家态度好物流快',5,1437532892,'',1,0,0,0,'',0,0,0,0),(102,0,'',19,'','j***6','正好打算买水杯就碰上了这次抢购，很值！质量很好，没有异味，很厚实，做工精细，还有米奇防伪标志。很好用，女儿很喜欢！物超所值啦！！！',5,1437532060,'',1,0,0,0,'',0,0,0,0),(103,0,'',19,'','李***2','东西收到了非常喜欢漂亮，大爱宝贝，价格还便宜，质量一看就非常棒，服务态度非常好，很耐心的回答我的每一个问题，喜欢的朋友们赶紧下手拍吧。真的特喜欢。等白天给你们附图追评。',5,1437530396,'',1,0,0,0,'',0,0,0,0),(104,0,'',19,'','那***8','质量很好，宝宝喝水扔了几次都没有摔坏，没有出现漏水现象，无异味，卖家态度好，赞一个',5,1437527900,'',1,0,0,0,'',0,0,0,0),(105,0,'',19,'','郝***园','杯子收到了，快递非常快！东东质量比实体店的都好，而且一点味道都没有！物超所值！朋友看了非常喜欢，毫不犹豫再买两！下次有需要一定还来！',5,1437524572,'',1,0,0,0,'',0,0,0,0),(106,0,'',19,'','t***1','一次买了两个，质量很好的，卖家发货快，服务态度好，值得购买',5,1437520412,'',1,0,0,0,'',0,0,0,0),(107,0,'',19,'','l***9','颜色挺正，质量很好，卖家服务态度好，物流给力，孩子也很喜欢。',5,1437515420,'',1,0,0,0,'',0,0,0,0),(108,0,'',19,'','星***竹','质量不错，孩子很喜欢，俺家闺女超爱这个蓝色售后态度也很好',5,1437509596,'',1,0,0,0,'',0,0,0,0),(109,0,'',19,'','乔***9','是不是正品不知道，一点儿塑料味道都没有，质感十足，一次满意的购物，<br/>\n',5,1437502940,'',1,0,0,0,'',0,0,0,0),(110,0,'',19,'','姚***4','水杯很好，也很漂亮，儿子很喜欢，价格实惠，店家发货很速度，满意满意',5,1437495452,'',1,0,0,0,'',0,0,0,0),(111,0,'',19,'','曲***0','质量很好，很满意，卖家态度也很好，还送了小礼物，谢谢满意',5,1437487132,'',1,0,0,0,'',0,0,0,0),(112,0,'',19,'','斯***芳','杯子非常好，质量好，图案美！孩子喜欢的不得了！价格也便宜！物有所值',5,1437477980,'',1,0,0,0,'',0,0,0,0),(113,0,'',19,'','s***0','杯子质量很好，没有异味，一下买了两个，同事很满意。',5,1437467996,'',1,0,0,0,'',0,0,0,0),(114,0,'',19,'','m***i','太棒了，宝宝非常喜欢爱不释手呢！质量很好，没异味。掌柜很Nice，发货物流都很迅速，还会再来。',5,1437457180,'',1,0,0,0,'',0,0,0,0),(115,0,'',19,'','z***2','应该是正品，价格便宜，值得推荐。。。。。。。。。。。。。。不错。。。。。。。。。。。。。。。。。。。。。。。。。',5,1437445532,'',1,0,0,0,'',0,0,0,0),(116,0,'',19,'','9***诺','没什么异味，挺好的，宝宝很喜欢，物超所值！',5,1437433052,'',1,0,0,0,'',0,0,0,0),(117,0,'',19,'','g***2','网购这么多次，这次让我最满意，发货，物流真是超快，才一天半时间就收到啦，而且杯杯质量真是出乎我的意料，超赞，感觉比实体店买的20多元杯子还要好，五分好评。以后会给店家推荐朋友来购买。',5,1437419740,'',1,0,0,0,'',0,0,0,0),(118,0,'',19,'','q***1','杯子质量挺好，还是有味道的  我用开水泡过一天看先',5,1437405596,'',1,0,0,0,'',0,0,0,0),(119,0,'',19,'','l***4','是正品的，质量好，和实体店一样，价格比实体店便宜太多了，卖家很好，还给补了差价。',5,1437390620,'',1,0,0,0,'',0,0,0,0),(120,0,'',19,'','凡***哭','正好打算买水杯就碰上了这次抢购，很值！质量很好，没有异味，很厚实，做工精细，还有迪士尼防伪标志。很好用，儿子第一次用就会喝了',5,1437374812,'',1,0,0,0,'',0,0,0,0),(121,0,'',21,'','水***0','质量很好，手感很好，宝宝大爱，服务态度超好，发货很快，一如既往，值得推荐！',5,1437532967,'',1,0,0,0,'',0,0,0,0),(122,0,'',21,'','0***r','宝贝七个月，这是我家宝贝第一次自己喝水，自己喝奶。好开心的说，240的奶喝的干干净净还不够。我终于解放双手了，开心死了。奶瓶很可爱，比图片上的偏黄点，没有味道，质量感觉还不错，整体上还算比较满意，送的小碗质量也很好，很可爱，准备把小零食放碗里头给他自己吃啦！',5,1437532135,'',1,0,0,0,'',0,0,0,0),(123,0,'',21,'','小***8','奶瓶很不错，质量很好，造型可爱，关键是奶嘴还有吸管质地很软，自己试了一下咬起来很舒服，O(&cap;_&cap;)O~还送了宝宝的小碗，服务不错，会发短信通知，发货到货都会有短信，就是鸭嘴用起来不大方便很好',5,1437530471,'',1,0,0,0,'',0,0,0,0),(124,0,'',21,'','厦***资','奶瓶质量非常不错，没有什么异味宝宝很喜欢。快递很给力，造型比较卡通宝贝看到就爱不释手，下次还会光顾。客服服务好。',5,1437527975,'',1,0,0,0,'',0,0,0,0),(125,0,'',21,'','无***海','宝宝从生下来到现在一直用恩诺童的奶瓶，没有味道，用起来很放心。还记得囤货的时候看到它的样子，实在太Q了，很可爱！现在宝贝八个月了要练习自己拿奶瓶喝，一如既往选择恩诺童，比那些便宜的奶瓶放心多了！还会来你们家买的，放心！还给了一惊喜，送了一个宝宝餐具，太激动了！！',5,1437524647,'',1,0,0,0,'',0,0,0,0),(126,0,'',21,'','王***2','奶瓶不好，奶嘴老是瘪！奶嘴质量不好，连一个包装都没有，这样的价钱买到这样的质量是在不划算，被坑了！',5,1437520487,'',1,0,0,0,'',0,0,0,0),(127,0,'',21,'','y***y','奶瓶很可爱，设计好看，质量又好，没有什么异味宝宝很喜欢，很喜欢拿着喝奶。因为手柄很容易握着，值得推荐！而且送了多东西，都很实用，同事都叫着又帮忙淘了一个。快递也很给力，大热天的中午还送货。赞一个服务很到家',5,1437515495,'',1,0,0,0,'',0,0,0,0),(128,0,'',21,'','h***8','奶瓶很不错，质量很好，造型可爱，关键是奶嘴还有吸管质地很软，自己试了一下咬起来很舒服，O(&cap;_&cap;)O~还送了宝宝的小碗，服务不错，会发短信通知，发货到货都会有短信，就是鸭嘴用起来不大方便',5,1437509671,'',1,0,0,0,'',0,0,0,0),(129,0,'',21,'','刘***8','挺好的，包装很好，很惊喜送了这么多东西，都很实用，最主要的是宝贝很喜欢用这个杯子喝水，第一次就自己喝了四十毫升呢&hellip;太高兴了，杯子也没什么味道，也不存在漏水的现象哦&hellip;这个价格真的很实惠哦，总之，推荐购买，满意满意，有需要还会再来的&hellip;&hellip;',5,1437503015,'',1,0,0,0,'',0,0,0,0),(130,0,'',21,'','纳***7','奶瓶质量很好，没有异味，手柄拿着很舒服。如果手柄能固定就好了。快递太不像话，收到时外包装的盒子居然是破的，幸好里面的宝贝没有破损。',5,1437495527,'',1,0,0,0,'',0,0,0,0),(131,0,'',21,'','l***2','一分钱一分货，奶瓶真的不错！设计好看，质量又好。虽然一个可以买两个便宜的，但是，觉得小孩的东西，还是买好的。态度好',5,1437487207,'',1,0,0,0,'',0,0,0,0),(132,0,'',21,'','凯***场','质量很好。第二次购买了， 无异味。包装正规 很赞很喜欢 照片有点不清晰 手机拍的热情周到满意',5,1437478055,'',1,0,0,0,'',0,0,0,0),(133,0,'',21,'','王***7','质量很好，宝宝很喜欢，送了很多东西，其中一个宝宝训练餐具很不错，很喜欢，手感也很好，会介绍朋友也要买店家的产品的，服务态度好，发货也快，会多多推荐的',5,1437468071,'',1,0,0,0,'',0,0,0,0),(134,0,'',21,'','t***1','奶瓶质量出乎意料的好，没有一点味道，算是买了个惊喜喔！而且宝宝也很喜欢，看见奶瓶就想要，和奶瓶各种合影姿势~~~以后就认准这家的奶瓶啦！已经推荐给很多宝妈了呢！喜欢喜欢喜欢~~~大赞！',5,1437457255,'',1,0,0,0,'',0,0,0,0),(135,0,'',21,'','鲍***逸','质量很好 没有味道 已经消毒过了 给宝宝用了 宝宝喜欢 客服热心 赠品也很多 非常满意',5,1437445607,'',1,0,0,0,'',0,0,0,0),(136,0,'',21,'','傻***彡','奶瓶很不错，看起来就舒服，宝宝自己拿着刚刚好，质量也不错，没有异味。造型也很卡哇伊，特别是那两个握手的，更是独特。快递很快服务很好，此次购物值了，下次还会再来。',5,1437433127,'',1,0,0,0,'',0,0,0,0),(137,0,'',21,'','李***恒','我一直在用这个牌子，是个很信赖的牌子，很好用，质量不错，款式新颖，宝贝也喜欢，真是物有所值，客服态度也很好，很有耐心，谢谢。',5,1437419815,'',1,0,0,0,'',0,0,0,0),(138,0,'',21,'','傲***7','孩子用它都急哭了，奶瓶实在是不敢恭维，服务态度还不错，但是产品实在是差的倒劲，三四十的奶瓶都比这个好用，本来价格就高，质量还对不起价格，太差太差了，一而再的反映问题，来来回回就那几句&hellip;一点实用价值没有。说不会使用吧，视频我也看了，但每次一喝奶瓶就憋下去，每次喝都要来来回回弄好几次那个奶嘴出气口，孩子都饿的急哭了。再也不买他家东西了，还是大牌子值得信赖，以后只用贝亲，价格还都差不多。我第一次给别人这么多字的评价，因为实在气人。',5,1437405671,'',1,0,0,0,'',0,0,0,0),(139,0,'',21,'','董***乐','宝贝儿挺好的，价格便宜，比实体店便宜一半还要多，绝对的正品，没有异味，礼品超多，橙子客户服务态度也很好，地址弄错了还帮我改了地址。快递也很快。很不错的一次购物，以后会再次光顾的。',5,1437390695,'',1,0,0,0,'',0,0,0,0),(140,0,'',21,'','青***2','屯货中 看着质量不错 颜色漂亮 还送了个奶嘴 满意 5分服务一流 发货快 5分',5,1437374887,'',1,0,0,0,'',0,0,0,0);
/*!40000 ALTER TABLE `ecs_comment` ENABLE KEYS */;
UNLOCK TABLES;

--
-- Table structure for table `ecs_crons`
--

DROP TABLE IF EXISTS `ecs_crons`;
/*!40101 SET @saved_cs_client     = @@character_set_client */;
/*!40101 SET character_set_client = utf8 */;
CREATE TABLE `ecs_crons` (
  `cron_id` tinyint(3) unsigned NOT NULL AUTO_INCREMENT,
  `cron_code` varchar(20) NOT NULL,
  `cron_name` varchar(120) NOT NULL,
  `cron_desc` text,
  `cron_order` tinyint(3) unsigned NOT NULL DEFAULT '0',
  `cron_config` text NOT NULL,
  `thistime` int(10) NOT NULL DEFAULT '0',
  `nextime` int(10) NOT NULL,
  `day` tinyint(2) NOT NULL,
  `week` varchar(1) NOT NULL,
  `hour` varchar(2) NOT NULL,
  `minute` varchar(255) NOT NULL,
  `enable` tinyint(1) NOT NULL DEFAULT '1',
  `run_once` tinyint(1) NOT NULL DEFAULT '0',
  `allow_ip` varchar(100) NOT NULL DEFAULT '',
  `alow_files` varchar(255) NOT NULL,
  PRIMARY KEY (`cron_id`),
  KEY `nextime` (`nextime`),
  KEY `enable` (`enable`),
  KEY `cron_code` (`cron_code`)
) ENGINE=MyISAM AUTO_INCREMENT=3 DEFAULT CHARSET=utf8;
/*!40101 SET character_set_client = @saved_cs_client */;

--
-- Dumping data for table `ecs_crons`
--

LOCK TABLES `ecs_crons` WRITE;
/*!40000 ALTER TABLE `ecs_crons` DISABLE KEYS */;
INSERT INTO `ecs_crons` VALUES (1,'clear_file','定期自动清除缓存','ECSHOP定期自动清除缓存插件',0,'a:0:{}',1404206222,1404144000,0,'','0','',1,1,'',''),(2,'order_del','自动取消未付款订单','ECSHOP自动取消或删除N天前未付款的无效订单',0,'a:2:{i:0;a:3:{s:4:\"name\";s:30:\"order_del_www_ecshop68_com_day\";s:4:\"type\";s:6:\"select\";s:5:\"value\";s:1:\"1\";}i:1;a:3:{s:4:\"name\";s:33:\"order_del_www_ecshop68_com_action\";s:4:\"type\";s:6:\"select\";s:5:\"value\";s:6:\"cancel\";}}',0,1404230400,0,'','0','',1,0,'','');
/*!40000 ALTER TABLE `ecs_crons` ENABLE KEYS */;
UNLOCK TABLES;

--
-- Table structure for table `ecs_delivery_goods`
--

DROP TABLE IF EXISTS `ecs_delivery_goods`;
/*!40101 SET @saved_cs_client     = @@character_set_client */;
/*!40101 SET character_set_client = utf8 */;
CREATE TABLE `ecs_delivery_goods` (
  `rec_id` mediumint(8) unsigned NOT NULL AUTO_INCREMENT,
  `delivery_id` mediumint(8) unsigned NOT NULL DEFAULT '0',
  `goods_id` mediumint(8) unsigned NOT NULL DEFAULT '0',
  `product_id` mediumint(8) unsigned DEFAULT '0',
  `product_sn` varchar(60) DEFAULT NULL,
  `goods_name` varchar(120) DEFAULT NULL,
  `brand_name` varchar(60) DEFAULT NULL,
  `goods_sn` varchar(60) DEFAULT NULL,
  `is_real` tinyint(1) unsigned DEFAULT '0',
  `extension_code` varchar(30) DEFAULT NULL,
  `parent_id` mediumint(8) unsigned DEFAULT '0',
  `send_number` smallint(5) unsigned DEFAULT '0',
  `goods_attr` text,
  PRIMARY KEY (`rec_id`),
  KEY `delivery_id` (`delivery_id`,`goods_id`),
  KEY `goods_id` (`goods_id`)
) ENGINE=MyISAM DEFAULT CHARSET=utf8;
/*!40101 SET character_set_client = @saved_cs_client */;

--
-- Dumping data for table `ecs_delivery_goods`
--

LOCK TABLES `ecs_delivery_goods` WRITE;
/*!40000 ALTER TABLE `ecs_delivery_goods` DISABLE KEYS */;
/*!40000 ALTER TABLE `ecs_delivery_goods` ENABLE KEYS */;
UNLOCK TABLES;

--
-- Table structure for table `ecs_delivery_order`
--

DROP TABLE IF EXISTS `ecs_delivery_order`;
/*!40101 SET @saved_cs_client     = @@character_set_client */;
/*!40101 SET character_set_client = utf8 */;
CREATE TABLE `ecs_delivery_order` (
  `delivery_id` mediumint(8) unsigned NOT NULL AUTO_INCREMENT,
  `delivery_sn` varchar(20) NOT NULL,
  `order_sn` varchar(20) NOT NULL,
  `order_id` mediumint(8) unsigned NOT NULL DEFAULT '0',
  `invoice_no` varchar(50) DEFAULT NULL,
  `add_time` int(10) unsigned DEFAULT '0',
  `shipping_id` tinyint(3) unsigned DEFAULT '0',
  `shipping_name` varchar(120) DEFAULT NULL,
  `user_id` mediumint(8) unsigned DEFAULT '0',
  `action_user` varchar(30) DEFAULT NULL,
  `consignee` varchar(60) DEFAULT NULL,
  `address` varchar(250) DEFAULT NULL,
  `country` smallint(5) unsigned DEFAULT '0',
  `province` smallint(5) unsigned DEFAULT '0',
  `city` smallint(5) unsigned DEFAULT '0',
  `district` smallint(5) unsigned DEFAULT '0',
  `sign_building` varchar(120) DEFAULT NULL,
  `email` varchar(60) DEFAULT NULL,
  `zipcode` varchar(60) DEFAULT NULL,
  `tel` varchar(60) DEFAULT NULL,
  `mobile` varchar(60) DEFAULT NULL,
  `best_time` varchar(120) DEFAULT NULL,
  `postscript` varchar(255) DEFAULT NULL,
  `how_oos` varchar(120) DEFAULT NULL,
  `insure_fee` decimal(10,2) unsigned DEFAULT '0.00',
  `shipping_fee` decimal(10,2) unsigned DEFAULT '0.00',
  `update_time` int(10) unsigned DEFAULT '0',
  `suppliers_id` smallint(5) DEFAULT '0',
  `status` tinyint(1) unsigned NOT NULL DEFAULT '0',
  `agency_id` smallint(5) unsigned DEFAULT '0',
  PRIMARY KEY (`delivery_id`),
  KEY `user_id` (`user_id`),
  KEY `order_id` (`order_id`)
) ENGINE=MyISAM DEFAULT CHARSET=utf8;
/*!40101 SET character_set_client = @saved_cs_client */;

--
-- Dumping data for table `ecs_delivery_order`
--

LOCK TABLES `ecs_delivery_order` WRITE;
/*!40000 ALTER TABLE `ecs_delivery_order` DISABLE KEYS */;
/*!40000 ALTER TABLE `ecs_delivery_order` ENABLE KEYS */;
UNLOCK TABLES;

--
-- Table structure for table `ecs_ecsmart_ad`
--

DROP TABLE IF EXISTS `ecs_ecsmart_ad`;
/*!40101 SET @saved_cs_client     = @@character_set_client */;
/*!40101 SET character_set_client = utf8 */;
CREATE TABLE `ecs_ecsmart_ad` (
  `ad_id` smallint(5) unsigned NOT NULL AUTO_INCREMENT,
  `position_id` smallint(5) unsigned NOT NULL DEFAULT '0',
  `media_type` tinyint(3) unsigned NOT NULL DEFAULT '0',
  `ad_name` varchar(60) NOT NULL DEFAULT '',
  `ad_link` varchar(255) NOT NULL DEFAULT '',
  `ad_code` text NOT NULL,
  `start_time` int(11) NOT NULL DEFAULT '0',
  `end_time` int(11) NOT NULL DEFAULT '0',
  `link_man` varchar(60) NOT NULL DEFAULT '',
  `link_email` varchar(60) NOT NULL DEFAULT '',
  `link_phone` varchar(60) NOT NULL DEFAULT '',
  `click_count` mediumint(8) unsigned NOT NULL DEFAULT '0',
  `enabled` tinyint(3) unsigned NOT NULL DEFAULT '1',
  PRIMARY KEY (`ad_id`),
  KEY `position_id` (`position_id`),
  KEY `enabled` (`enabled`)
) ENGINE=MyISAM AUTO_INCREMENT=24 DEFAULT CHARSET=utf8;
/*!40101 SET character_set_client = @saved_cs_client */;

--
-- Dumping data for table `ecs_ecsmart_ad`
--

LOCK TABLES `ecs_ecsmart_ad` WRITE;
/*!40000 ALTER TABLE `ecs_ecsmart_ad` DISABLE KEYS */;
INSERT INTO `ecs_ecsmart_ad` VALUES (1,1,0,'公告下广告','','1380096734189271435.gif',1378137600,1625846400,'','','',0,1),(2,2,0,'主广告右广告','','1381909547401497966.jpg',1381161600,1479139200,'','','',2,1),(3,3,0,'wap首页主广告1','','1395294388718461791.jpg',1394899200,1492704000,'','','',18,1),(4,3,0,'wap首页主广告2','','1395294394438406359.jpg',1394899200,1492444800,'','','',7,1),(5,3,0,'wap首页主广告3','','1395294400918255199.jpg',1394899200,1492012800,'','','',8,1),(8,4,0,'wap团购幻灯广告1','','1409637618548916132.jpg',1409500800,1476460800,'','','',2,1),(9,4,0,'wap团购幻灯广告2','','1409637629004997110.jpg',1409587200,1476979200,'','','',0,1),(10,4,0,'wap团购幻灯广告3','','1409637640559586761.jpg',1409587200,1507910400,'','','',0,1),(22,7,0,'手机端首页左侧广告2','','1413365311086819184.jpg',1413302400,1479398400,'','','',16,1),(23,10,0,'手机端首页右侧广告3','','1413365329913686295.jpg',1413302400,1480089600,'','','',11,1),(19,6,0,'手机端首页左侧广告1','','1413365229271349222.jpg',1413302400,1415894400,'','','',0,1),(20,8,0,'手机端首页右侧广告1','','1413365268580367530.jpg',1413302400,1415894400,'','','',0,1),(21,9,0,'手机端首页右侧广告2','','1413365287961613738.jpg',1413302400,1415894400,'','','',0,1);
/*!40000 ALTER TABLE `ecs_ecsmart_ad` ENABLE KEYS */;
UNLOCK TABLES;

--
-- Table structure for table `ecs_ecsmart_ad_position`
--

DROP TABLE IF EXISTS `ecs_ecsmart_ad_position`;
/*!40101 SET @saved_cs_client     = @@character_set_client */;
/*!40101 SET character_set_client = utf8 */;
CREATE TABLE `ecs_ecsmart_ad_position` (
  `position_id` tinyint(3) unsigned NOT NULL AUTO_INCREMENT,
  `position_name` varchar(60) NOT NULL DEFAULT '',
  `ad_width` smallint(5) unsigned NOT NULL DEFAULT '0',
  `ad_height` smallint(5) unsigned NOT NULL DEFAULT '0',
  `position_desc` varchar(255) NOT NULL DEFAULT '',
  `position_style` text NOT NULL,
  PRIMARY KEY (`position_id`)
) ENGINE=MyISAM AUTO_INCREMENT=11 DEFAULT CHARSET=utf8;
/*!40101 SET character_set_client = @saved_cs_client */;

--
-- Dumping data for table `ecs_ecsmart_ad_position`
--

LOCK TABLES `ecs_ecsmart_ad_position` WRITE;
/*!40000 ALTER TABLE `ecs_ecsmart_ad_position` DISABLE KEYS */;
INSERT INTO `ecs_ecsmart_ad_position` VALUES (1,'公告下AD',228,70,'','{foreach from=$ads item=ad}\r\n{$ad}\r\n{/foreach}\r\n'),(2,'主广告右广告',213,348,'','{foreach from=$ads item=ad}\r\n{$ad}\r\n{/foreach}\r\n'),(3,'wap首页幻灯广告',600,148,'','{foreach from=$ads item=ad}\r\n{$ad}\r\n{/foreach}'),(4,'wap团购幻灯广告',1,1,'','<table cellpadding=\"0\" cellspacing=\"0\">\r\n{foreach from=$ads item=ad}\r\n<tr><td>{$ad}</td></tr>\r\n{/foreach}\r\n</table>'),(6,'手机端首页左侧广告',1,1,'','{foreach from=$ads item=ad}\r\n{$ad}\r\n{/foreach}'),(7,'手机端首页左侧广告2',1,1,'','{foreach from=$ads item=ad}\r\n{$ad}\r\n{/foreach}\r\n'),(8,'手机端首页右侧广告1',1,1,'','{foreach from=$ads item=ad}\r\n{$ad}\r\n{/foreach}\r\n'),(9,'手机端首页右侧广告2',1,1,'','{foreach from=$ads item=ad}\r\n{$ad}\r\n{/foreach}\r\n'),(10,'手机端首页右侧广告3',1,1,'安安','{foreach from=$ads item=ad}\r\n{$ad}\r\n{/foreach}');
/*!40000 ALTER TABLE `ecs_ecsmart_ad_position` ENABLE KEYS */;
UNLOCK TABLES;

--
-- Table structure for table `ecs_ecsmart_article`
--

DROP TABLE IF EXISTS `ecs_ecsmart_article`;
/*!40101 SET @saved_cs_client     = @@character_set_client */;
/*!40101 SET character_set_client = utf8 */;
CREATE TABLE `ecs_ecsmart_article` (
  `article_id` mediumint(8) unsigned NOT NULL AUTO_INCREMENT,
  `cat_id` smallint(5) NOT NULL DEFAULT '0',
  `title` varchar(150) NOT NULL DEFAULT '',
  `content` longtext NOT NULL,
  `author` varchar(30) NOT NULL DEFAULT '',
  `author_email` varchar(60) NOT NULL DEFAULT '',
  `keywords` varchar(255) NOT NULL DEFAULT '',
  `article_type` tinyint(1) unsigned NOT NULL DEFAULT '2',
  `is_open` tinyint(1) unsigned NOT NULL DEFAULT '1',
  `add_time` int(10) unsigned NOT NULL DEFAULT '0',
  `file_url` varchar(255) NOT NULL DEFAULT '',
  `open_type` tinyint(1) unsigned NOT NULL DEFAULT '0',
  `link` varchar(255) NOT NULL DEFAULT '',
  `description` varchar(255) DEFAULT NULL,
  PRIMARY KEY (`article_id`),
  KEY `cat_id` (`cat_id`)
) ENGINE=MyISAM AUTO_INCREMENT=46 DEFAULT CHARSET=utf8;
/*!40101 SET character_set_client = @saved_cs_client */;

--
-- Dumping data for table `ecs_ecsmart_article`
--

LOCK TABLES `ecs_ecsmart_article` WRITE;
/*!40000 ALTER TABLE `ecs_ecsmart_article` DISABLE KEYS */;
INSERT INTO `ecs_ecsmart_article` VALUES (45,13,'关于我们','<p><img alt=\"\" width=\"150\" height=\"150\" src=\"/mobile/images/upload/Image/9_thumb_G_1241511871555 (1)(1).jpg\" /></p>','fdsfd','3223@adsf.com','323232',1,1,1429048760,'data/article/1429048760071673773.jpg',2,'','323323232'),(44,13,'ggggg','<p>ghfhg</p>','','','',0,1,1426275199,'',0,'http://',''),(43,13,'测试68','<p>&nbsp;外墙的第三次</p>','www','','',0,1,1426188372,'',0,'http://','');
/*!40000 ALTER TABLE `ecs_ecsmart_article` ENABLE KEYS */;
UNLOCK TABLES;

--
-- Table structure for table `ecs_ecsmart_article_cat`
--

DROP TABLE IF EXISTS `ecs_ecsmart_article_cat`;
/*!40101 SET @saved_cs_client     = @@character_set_client */;
/*!40101 SET character_set_client = utf8 */;
CREATE TABLE `ecs_ecsmart_article_cat` (
  `cat_id` smallint(5) NOT NULL AUTO_INCREMENT,
  `cat_name` varchar(255) NOT NULL DEFAULT '',
  `cat_type` tinyint(1) unsigned NOT NULL DEFAULT '1',
  `keywords` varchar(255) NOT NULL DEFAULT '',
  `cat_desc` varchar(255) NOT NULL DEFAULT '',
  `sort_order` tinyint(3) unsigned NOT NULL DEFAULT '50',
  `show_in_nav` tinyint(1) unsigned NOT NULL DEFAULT '0',
  `parent_id` smallint(5) unsigned NOT NULL DEFAULT '0',
  PRIMARY KEY (`cat_id`),
  KEY `cat_type` (`cat_type`),
  KEY `sort_order` (`sort_order`),
  KEY `parent_id` (`parent_id`)
) ENGINE=MyISAM AUTO_INCREMENT=14 DEFAULT CHARSET=utf8;
/*!40101 SET character_set_client = @saved_cs_client */;

--
-- Dumping data for table `ecs_ecsmart_article_cat`
--

LOCK TABLES `ecs_ecsmart_article_cat` WRITE;
/*!40000 ALTER TABLE `ecs_ecsmart_article_cat` DISABLE KEYS */;
INSERT INTO `ecs_ecsmart_article_cat` VALUES (13,'测试文章分类',1,'','',50,0,0);
/*!40000 ALTER TABLE `ecs_ecsmart_article_cat` ENABLE KEYS */;
UNLOCK TABLES;

--
-- Table structure for table `ecs_ecsmart_menu`
--

DROP TABLE IF EXISTS `ecs_ecsmart_menu`;
/*!40101 SET @saved_cs_client     = @@character_set_client */;
/*!40101 SET character_set_client = utf8 */;
CREATE TABLE `ecs_ecsmart_menu` (
  `id` int(11) NOT NULL AUTO_INCREMENT,
  `menu_name` varchar(255) NOT NULL,
  `menu_img` varchar(255) NOT NULL,
  `menu_url` varchar(255) NOT NULL,
  `sort` int(11) NOT NULL,
  PRIMARY KEY (`id`)
) ENGINE=MyISAM AUTO_INCREMENT=9 DEFAULT CHARSET=utf8;
/*!40101 SET character_set_client = @saved_cs_client */;

--
-- Dumping data for table `ecs_ecsmart_menu`
--

LOCK TABLES `ecs_ecsmart_menu` WRITE;
/*!40000 ALTER TABLE `ecs_ecsmart_menu` DISABLE KEYS */;
INSERT INTO `ecs_ecsmart_menu` VALUES (1,'全部商品','images/201509/1443583346313602234.png','catalog.php',1),(2,'店铺街','images/201509/1443583387390620197.png','stores.php',2),(3,'品牌街','images/201509/1443583440034217043.png','brand.php',3),(4,'优惠活动','images/201509/1443583614928184891.png','activity.php',4),(5,'团购','images/201509/1443583645715659024.png','pro_search.php',5),(6,'积分商城','images/201509/1443583688920204922.png','exchange.php',6),(7,'购物车','images/201509/1443583720000137685.png','flow.php',7),(8,'个人中心','images/201509/1443583750888931474.png','user.php',8);
/*!40000 ALTER TABLE `ecs_ecsmart_menu` ENABLE KEYS */;
UNLOCK TABLES;

--
-- Table structure for table `ecs_ecsmart_payment`
--

DROP TABLE IF EXISTS `ecs_ecsmart_payment`;
/*!40101 SET @saved_cs_client     = @@character_set_client */;
/*!40101 SET character_set_client = utf8 */;
CREATE TABLE `ecs_ecsmart_payment` (
  `pay_id` tinyint(3) unsigned NOT NULL AUTO_INCREMENT,
  `pay_code` varchar(20) NOT NULL DEFAULT '',
  `pay_name` varchar(120) NOT NULL DEFAULT '',
  `pay_fee` varchar(10) NOT NULL DEFAULT '0',
  `pay_desc` text NOT NULL,
  `pay_order` tinyint(3) unsigned NOT NULL DEFAULT '0',
  `pay_config` text NOT NULL,
  `enabled` tinyint(1) unsigned NOT NULL DEFAULT '0',
  `is_cod` tinyint(1) unsigned NOT NULL DEFAULT '0',
  `is_online` tinyint(1) unsigned NOT NULL DEFAULT '0',
  PRIMARY KEY (`pay_id`),
  UNIQUE KEY `pay_code` (`pay_code`)
) ENGINE=MyISAM AUTO_INCREMENT=10 DEFAULT CHARSET=utf8;
/*!40101 SET character_set_client = @saved_cs_client */;

--
-- Dumping data for table `ecs_ecsmart_payment`
--

LOCK TABLES `ecs_ecsmart_payment` WRITE;
/*!40000 ALTER TABLE `ecs_ecsmart_payment` DISABLE KEYS */;
INSERT INTO `ecs_ecsmart_payment` VALUES (4,'alipay','支付宝','0','支付宝网站(www.alipay.com) 是国内先进的网上支付平台。<br/>支付宝收款接口：在线即可开通，<font color=\"red\"><b>零预付，免年费</b></font>，单笔阶梯费率，无流量限制。<br/><a href=\"http://cloud.ecshop.com/payment_apply.php?mod=alipay\" target=\"_blank\"><font color=\"red\">立即在线申请</font></a>',0,'a:4:{i:0;a:3:{s:4:\"name\";s:14:\"alipay_account\";s:4:\"type\";s:4:\"text\";s:5:\"value\";s:19:\"qhdtianchao@163.com\";}i:1;a:3:{s:4:\"name\";s:10:\"alipay_key\";s:4:\"type\";s:4:\"text\";s:5:\"value\";s:32:\"ebbhhpeioiqnhahw5wn5z25e4fm71lf0\";}i:2;a:3:{s:4:\"name\";s:14:\"alipay_partner\";s:4:\"type\";s:4:\"text\";s:5:\"value\";s:16:\"2088701644671332\";}i:3;a:3:{s:4:\"name\";s:17:\"alipay_pay_method\";s:4:\"type\";s:6:\"select\";s:5:\"value\";s:1:\"0\";}}',1,0,1),(5,'cod','货到付款','0','开通城市：×××\r\n货到付款区域：×××',0,'a:0:{}',1,1,0),(6,'balance','余额支付','0','使用帐户余额支付。只有会员才能使用，通过设置信用额度，可以透支。',0,'a:0:{}',1,0,1),(7,'bank','银行汇款/转帐','0','银行名称\r\n收款人信息：全称 ××× ；帐号或地址 ××× ；开户行 ×××。\r\n注意事项：办理电汇时，请在电汇单“汇款用途”一栏处注明您的订单号。',0,'a:0:{}',1,0,0),(8,'weixin','微信支付','0','微信支付',0,'a:4:{i:0;a:3:{s:4:\"name\";s:5:\"appId\";s:4:\"type\";s:4:\"text\";s:5:\"value\";s:0:\"\";}i:1;a:3:{s:4:\"name\";s:9:\"appSecret\";s:4:\"type\";s:4:\"text\";s:5:\"value\";s:0:\"\";}i:2;a:3:{s:4:\"name\";s:9:\"partnerId\";s:4:\"type\";s:4:\"text\";s:5:\"value\";s:0:\"\";}i:3;a:3:{s:4:\"name\";s:10:\"partnerKey\";s:4:\"type\";s:4:\"text\";s:5:\"value\";s:0:\"\";}}',1,0,1),(9,'tenpay','<font color=\"#FF0000\">财付通</font>','0','<b>财付通（www.tenpay.com） - 腾讯旗下在线支付平台，通过国家权威安全认证，支持各大银行网上支付，免支付手续费。</b><br /><a href=\"http://cloud.ecshop.com/payment_apply.php?mod=tenpay&par=1202822001\" target=\"_blank\">立即免费申请：单笔费率1%</a><br /><a href=\"http://cloud.ecshop.com/payment_apply.php?mod=tenpay&par=1442037873\" target=\"_blank\">立即购买包量套餐：折算后单笔费率0.6-1%</a>',0,'a:3:{i:0;a:3:{s:4:\"name\";s:14:\"tenpay_account\";s:4:\"type\";s:4:\"text\";s:5:\"value\";s:0:\"\";}i:1;a:3:{s:4:\"name\";s:10:\"tenpay_key\";s:4:\"type\";s:4:\"text\";s:5:\"value\";s:0:\"\";}i:2;a:3:{s:4:\"name\";s:12:\"magic_string\";s:4:\"type\";s:4:\"text\";s:5:\"value\";s:0:\"\";}}',1,0,1);
/*!40000 ALTER TABLE `ecs_ecsmart_payment` ENABLE KEYS */;
UNLOCK TABLES;

--
-- Table structure for table `ecs_ecsmart_shop_config`
--

DROP TABLE IF EXISTS `ecs_ecsmart_shop_config`;
/*!40101 SET @saved_cs_client     = @@character_set_client */;
/*!40101 SET character_set_client = utf8 */;
CREATE TABLE `ecs_ecsmart_shop_config` (
  `id` smallint(5) unsigned NOT NULL AUTO_INCREMENT,
  `parent_id` smallint(5) unsigned NOT NULL DEFAULT '0',
  `code` varchar(30) NOT NULL DEFAULT '',
  `type` varchar(10) NOT NULL DEFAULT '',
  `store_range` varchar(255) NOT NULL DEFAULT '',
  `store_dir` varchar(255) NOT NULL DEFAULT '',
  `value` text NOT NULL,
  `sort_order` tinyint(3) unsigned NOT NULL DEFAULT '1',
  PRIMARY KEY (`id`),
  UNIQUE KEY `code` (`code`),
  KEY `parent_id` (`parent_id`)
) ENGINE=MyISAM AUTO_INCREMENT=909 DEFAULT CHARSET=utf8;
/*!40101 SET character_set_client = @saved_cs_client */;

--
-- Dumping data for table `ecs_ecsmart_shop_config`
--

LOCK TABLES `ecs_ecsmart_shop_config` WRITE;
/*!40000 ALTER TABLE `ecs_ecsmart_shop_config` DISABLE KEYS */;
INSERT INTO `ecs_ecsmart_shop_config` VALUES (1,0,'shop_info','group','','','',1),(2,0,'basic','group','','','',1),(3,0,'display','group','','','',1),(4,0,'shopping_flow','group','','','',1),(6,0,'hidden','hidden','','','',1),(7,0,'goods','group','','','',1),(8,0,'sms','group','','','',1),(9,0,'wap','hidden','','','',1),(101,1,'shop_name','text','','','小京东电商系统',1),(102,1,'shop_title','text','','','小京东电商系统',1),(103,1,'shop_desc','text','','','小京东电商系统',1),(104,1,'shop_keywords','text','','','小京东电商系统',1),(109,1,'qq','text','','','',1),(114,1,'service_email','text','','','',1),(115,1,'service_phone','text','','','',1),(116,1,'shop_closed','select','0,1','','0',1),(117,1,'close_comment','textarea','','','',1),(118,1,'shop_logo','file','','../themes/{$template}/images/','../themes/68ecshopcom_jumei/images/logo.gif',1),(122,1,'shop_reg_closed','select','1,0','','0',1),(201,2,'lang','manual','','','zh_cn',1),(209,2,'rewrite','select','0,1,2','','0',1),(218,2,'stats_code','textarea','','','',1),(220,2,'register_points','text','','','0',1),(227,2,'comment_factor','select','0,1,2,3','','0',1),(228,2,'enable_order_check','select','0,1','','1',1),(232,2,'send_mail_on','select','on,off','','off',1),(236,2,'message_board','select','1,0','','1',1),(239,2,'certificate_id','hidden','','','1943912836',1),(240,2,'token','hidden','','','07364f89d098428bcfd159ab4605002e7d6ac5ab0fd3f69c517bf24a7f4e7cab',1),(241,2,'certi','hidden','','','http://service.shopex.cn/openapi/api.php',1),(301,3,'date_format','hidden','','','Y-m-d',1),(312,3,'top_number','text','','','5',1),(313,3,'history_number','text','','','5',1),(314,3,'comments_number','text','','','5',1),(315,3,'bought_goods','text','','','3',1),(303,3,'currency_format','text','','','￥%s元',1),(317,3,'goods_name_length','text','','','30',1),(318,3,'price_format','select','0,1,2,3,4,5','','5',1),(319,3,'page_size','text','','','10',1),(320,3,'sort_order_type','select','0,1,2','','0',1),(321,3,'sort_order_method','select','0,1','','0',1),(322,3,'show_order_type','select','0,1,2','','1',1),(323,3,'attr_related_number','text','','','5',1),(324,3,'goods_gallery_number','text','','','5',1),(325,3,'article_title_length','text','','','12',1),(326,3,'name_of_region_1','text','','','国家',1),(327,3,'name_of_region_2','text','','','省',1),(328,3,'name_of_region_3','text','','','市',1),(329,3,'name_of_region_4','text','','','区',1),(330,3,'search_keywords','text','','','兰芝,雅漾,雪肌精,雅诗兰黛,DHC,',0),(332,3,'related_goods_number','text','','','6',1),(333,3,'help_open','select','0,1','','1',1),(334,3,'article_page_size','text','','','10',1),(335,3,'page_style','select','0,1','','1',1),(336,3,'recommend_order','select','0,1','','1',1),(337,3,'index_ad','hidden','','','sys',1),(401,4,'can_invoice','select','1,0','','1',1),(402,4,'use_integral','select','1,0','','0',1),(403,4,'use_bonus','select','1,0','','1',1),(404,4,'use_surplus','select','1,0','','1',1),(405,4,'use_how_oos','select','1,0','','1',1),(406,4,'send_confirm_email','select','1,0','','0',1),(407,4,'send_ship_email','select','1,0','','0',1),(408,4,'send_cancel_email','select','1,0','','0',1),(409,4,'send_invalid_email','select','1,0','','0',1),(410,4,'order_pay_note','select','1,0','','1',1),(411,4,'order_unpay_note','select','1,0','','1',1),(412,4,'order_ship_note','select','1,0','','1',1),(413,4,'order_receive_note','select','1,0','','1',1),(414,4,'order_unship_note','select','1,0','','1',1),(415,4,'order_return_note','select','1,0','','1',1),(416,4,'order_invalid_note','select','1,0','','1',1),(417,4,'order_cancel_note','select','1,0','','1',1),(418,4,'invoice_content','textarea','','','个人\r\n单位',1),(419,4,'anonymous_buy','select','1,0','','1',1),(420,4,'min_goods_amount','text','','','0',1),(421,4,'one_step_buy','select','1,0','','0',1),(422,4,'invoice_type','manual','','','a:2:{s:4:\"type\";a:3:{i:0;s:1:\"1\";i:1;s:1:\"2\";i:2;s:0:\"\";}s:4:\"rate\";a:3:{i:0;d:1;i:1;d:1.5;i:2;d:0;}}',1),(423,4,'stock_dec_time','select','1,0','','0',1),(424,4,'cart_confirm','options','1,2,3,4','','1',0),(425,4,'send_service_email','select','1,0','','0',1),(426,4,'show_goods_in_cart','select','1,2,3','','3',1),(427,4,'show_attr_in_cart','select','1,0','','1',1),(506,5,'mail_charset','select','UTF8,GB2312,BIG5','','UTF8',1),(601,6,'integrate_code','hidden','','','ecshop',1),(602,6,'integrate_config','hidden','','','',1),(603,6,'hash_code','hidden','','','31693422540744c0a6b6da635b7a5a93',1),(604,6,'template','hidden','','','68ecshopcom_mobile',1),(605,6,'install_date','hidden','','','1291604919',1),(606,6,'ecs_version','hidden','','','v2.7.3',1),(607,6,'sms_user_name','hidden','','','',1),(608,6,'sms_password','hidden','','','',1),(609,6,'sms_auth_str','hidden','','','',1),(610,6,'sms_domain','hidden','','','',1),(611,6,'sms_count','hidden','','','',1),(612,6,'sms_total_money','hidden','','','',1),(613,6,'sms_balance','hidden','','','',1),(614,6,'sms_last_request','hidden','','','',1),(616,6,'affiliate','hidden','','','a:3:{s:6:\"config\";a:7:{s:6:\"expire\";d:24;s:11:\"expire_unit\";s:4:\"hour\";s:11:\"separate_by\";i:0;s:15:\"level_point_all\";s:2:\"5%\";s:15:\"level_money_all\";s:2:\"1%\";s:18:\"level_register_all\";i:2;s:17:\"level_register_up\";i:60;}s:4:\"item\";a:4:{i:0;a:2:{s:11:\"level_point\";s:3:\"60%\";s:11:\"level_money\";s:3:\"60%\";}i:1;a:2:{s:11:\"level_point\";s:3:\"30%\";s:11:\"level_money\";s:3:\"30%\";}i:2;a:2:{s:11:\"level_point\";s:2:\"7%\";s:11:\"level_money\";s:2:\"7%\";}i:3;a:2:{s:11:\"level_point\";s:2:\"3%\";s:11:\"level_money\";s:2:\"3%\";}}s:2:\"on\";i:1;}',1),(617,6,'captcha','hidden','','','0',1),(618,6,'captcha_width','hidden','','','100',1),(619,6,'captcha_height','hidden','','','20',1),(620,6,'sitemap','hidden','','','a:6:{s:19:\"homepage_changefreq\";s:6:\"hourly\";s:17:\"homepage_priority\";s:3:\"0.9\";s:19:\"category_changefreq\";s:6:\"hourly\";s:17:\"category_priority\";s:3:\"0.8\";s:18:\"content_changefreq\";s:6:\"weekly\";s:16:\"content_priority\";s:3:\"0.7\";}',0),(621,6,'points_rule','hidden','','','',0),(622,6,'flash_theme','hidden','','','redfocus',1),(623,6,'stylename','hidden','','','',1),(701,7,'show_goodssn','select','1,0','','0',1),(702,7,'show_brand','select','1,0','','0',1),(703,7,'show_goodsweight','select','1,0','','0',1),(704,7,'show_goodsnumber','select','1,0','','0',1),(705,7,'show_addtime','select','1,0','','0',1),(706,7,'goodsattr_style','select','1,0','','1',1),(707,7,'show_marketprice','select','1,0','','1',1),(801,8,'sms_shop_mobile','text','','','',1),(802,8,'sms_order_placed','select','1,0','','0',1),(803,8,'sms_order_payed','select','1,0','','0',1),(804,8,'sms_order_shipped','select','1,0','','1',1),(901,9,'wap_config','select','1,0','','1',1),(902,9,'wap_logo','file','','../images/','',1),(903,2,'message_check','select','1,0','','1',1),(905,2,'ent_id','hidden','','','',1),(906,2,'ent_ac','hidden','','','',1),(907,2,'ent_sign','hidden','','','',1),(908,2,'ent_email','hidden','','','',1);
/*!40000 ALTER TABLE `ecs_ecsmart_shop_config` ENABLE KEYS */;
UNLOCK TABLES;

--
-- Table structure for table `ecs_ecsmart_template`
--

DROP TABLE IF EXISTS `ecs_ecsmart_template`;
/*!40101 SET @saved_cs_client     = @@character_set_client */;
/*!40101 SET character_set_client = utf8 */;
CREATE TABLE `ecs_ecsmart_template` (
  `filename` varchar(30) NOT NULL DEFAULT '',
  `region` varchar(40) NOT NULL DEFAULT '',
  `library` varchar(40) NOT NULL DEFAULT '',
  `sort_order` tinyint(1) unsigned NOT NULL DEFAULT '0',
  `id` smallint(5) unsigned NOT NULL DEFAULT '0',
  `number` tinyint(1) unsigned NOT NULL DEFAULT '5',
  `type` tinyint(1) unsigned NOT NULL DEFAULT '0',
  `theme` varchar(60) NOT NULL DEFAULT '',
  `remarks` varchar(30) NOT NULL DEFAULT '',
  KEY `filename` (`filename`,`region`),
  KEY `theme` (`theme`),
  KEY `remarks` (`remarks`)
) ENGINE=MyISAM DEFAULT CHARSET=utf8;
/*!40101 SET character_set_client = @saved_cs_client */;

--
-- Dumping data for table `ecs_ecsmart_template`
--

LOCK TABLES `ecs_ecsmart_template` WRITE;
/*!40000 ALTER TABLE `ecs_ecsmart_template` DISABLE KEYS */;
INSERT INTO `ecs_ecsmart_template` VALUES ('index','手机端首页广告2-1','/library/ad_position.lbi',0,6,1,4,'68ecshopcom_mobile',''),('index','手机端首页广告1-3','/library/ad_position.lbi',0,10,1,4,'68ecshopcom_mobile',''),('index','手机端首页广告1-2','/library/ad_position.lbi',0,6,1,4,'68ecshopcom_mobile',''),('index','手机端首页广告1-1','/library/ad_position.lbi',0,8,1,4,'68ecshopcom_mobile',''),('index','商品分类','/library/cat_goods.lbi',0,2,6,1,'68ecshopcom_mobile',''),('index','商品分类','/library/cat_goods.lbi',1,1,6,1,'68ecshopcom_mobile',''),('index','','/library/brands.lbi',0,0,3,0,'68ecshopcom_mobile',''),('index','','/library/auction.lbi',0,0,3,0,'68ecshopcom_mobile',''),('index','','/library/group_buy.lbi',0,0,3,0,'68ecshopcom_mobile',''),('index','首页推荐模块','/library/recommend_promotion.lbi',0,0,6,0,'68ecshopcom_mobile',''),('index','首页推荐模块','/library/recommend_hot.lbi',3,0,6,0,'68ecshopcom_mobile',''),('index','首页推荐模块','/library/recommend_new.lbi',2,0,6,0,'68ecshopcom_mobile',''),('index','首页推荐模块','/library/recommend_best.lbi',1,0,6,0,'68ecshopcom_mobile','');
/*!40000 ALTER TABLE `ecs_ecsmart_template` ENABLE KEYS */;
UNLOCK TABLES;

--
-- Table structure for table `ecs_email`
--

DROP TABLE IF EXISTS `ecs_email`;
/*!40101 SET @saved_cs_client     = @@character_set_client */;
/*!40101 SET character_set_client = utf8 */;
CREATE TABLE `ecs_email` (
  `id` int(11) NOT NULL AUTO_INCREMENT,
  `email` varchar(255) NOT NULL,
  `hash` varchar(255) NOT NULL,
  `add_time` int(11) NOT NULL,
  `user_id` int(11) NOT NULL,
  PRIMARY KEY (`id`)
) ENGINE=MyISAM AUTO_INCREMENT=12 DEFAULT CHARSET=utf8;
/*!40101 SET character_set_client = @saved_cs_client */;

--
-- Dumping data for table `ecs_email`
--

LOCK TABLES `ecs_email` WRITE;
/*!40000 ALTER TABLE `ecs_email` DISABLE KEYS */;
INSERT INTO `ecs_email` VALUES (2,'28517990380@qq.com','iym8b3fuyod6efwy',1421898583,0),(3,'285139038@qq.com','uvmbtch4s1ovf3nv',1421898639,0),(4,'2851723438@qq.com','lpi6gtzcm65fq431',1421898923,0),(5,'28519038@qq.com','3sl2hi27tmcatbgz',1421899027,0),(6,'285038@qq.com','qwr82fxdixkwpkac',1421899189,0),(7,'285038@qq.com','gdf90k7fe4s6mg5h',1421899262,0),(8,'2851798@qq.com','ilz9ucspnl7y5zr9',1421899443,0),(9,'2851798@qq.com','366d3sr5wcpypnvf',1421899458,0),(10,'28517038@qq.com','c89coq80dv4omdkb',1421899563,0),(11,'28517938@qq.com','3yrvva9njser62wz',1421899598,0);
/*!40000 ALTER TABLE `ecs_email` ENABLE KEYS */;
UNLOCK TABLES;

--
-- Table structure for table `ecs_email_list`
--

DROP TABLE IF EXISTS `ecs_email_list`;
/*!40101 SET @saved_cs_client     = @@character_set_client */;
/*!40101 SET character_set_client = utf8 */;
CREATE TABLE `ecs_email_list` (
  `id` mediumint(8) NOT NULL AUTO_INCREMENT,
  `email` varchar(60) NOT NULL,
  `stat` tinyint(1) NOT NULL DEFAULT '0',
  `hash` varchar(10) NOT NULL,
  PRIMARY KEY (`id`)
) ENGINE=MyISAM DEFAULT CHARSET=utf8;
/*!40101 SET character_set_client = @saved_cs_client */;

--
-- Dumping data for table `ecs_email_list`
--

LOCK TABLES `ecs_email_list` WRITE;
/*!40000 ALTER TABLE `ecs_email_list` DISABLE KEYS */;
/*!40000 ALTER TABLE `ecs_email_list` ENABLE KEYS */;
UNLOCK TABLES;

--
-- Table structure for table `ecs_email_sendlist`
--

DROP TABLE IF EXISTS `ecs_email_sendlist`;
/*!40101 SET @saved_cs_client     = @@character_set_client */;
/*!40101 SET character_set_client = utf8 */;
CREATE TABLE `ecs_email_sendlist` (
  `id` mediumint(8) NOT NULL AUTO_INCREMENT,
  `email` varchar(100) NOT NULL,
  `template_id` mediumint(8) NOT NULL,
  `email_content` text NOT NULL,
  `error` tinyint(1) NOT NULL DEFAULT '0',
  `pri` tinyint(10) NOT NULL,
  `last_send` int(10) NOT NULL,
  `supplier_id` mediumint(8) NOT NULL DEFAULT '0' COMMENT '店铺id',
  PRIMARY KEY (`id`)
) ENGINE=MyISAM AUTO_INCREMENT=6 DEFAULT CHARSET=utf8;
/*!40101 SET character_set_client = @saved_cs_client */;

--
-- Dumping data for table `ecs_email_sendlist`
--

LOCK TABLES `ecs_email_sendlist` WRITE;
/*!40000 ALTER TABLE `ecs_email_sendlist` DISABLE KEYS */;
INSERT INTO `ecs_email_sendlist` VALUES (1,'anan@68ecshop.com',6,'亲爱的anan您好！\n\n恭喜您获得了1个红包，金额为10.00\n68ecshop2015-07-23',0,1,1437615423,0),(2,'285188787@qq.com',6,'亲爱的68ecshopyy您好！\n\n恭喜您获得了1个红包，金额为10.00\n68ecshop2015-07-23',0,1,1437615423,0),(3,'3490134@qq.com',6,'亲爱的yiren您好！\n\n恭喜您获得了1个红包，金额为10.00\n68ecshop2015-07-23',0,1,1437615423,0),(4,'anan@68ecshop.com',6,'亲爱的68ecshop您好！\n\n恭喜您获得了1个红包，金额为10.00\n68ecshop2015-08-21',0,1,1440143952,0),(5,'285188787@qq.com',6,'亲爱的68ecshopyy您好！\n\n恭喜您获得了1个红包，金额为10.00\n68ecshop2015-08-21',0,1,1440143952,0);
/*!40000 ALTER TABLE `ecs_email_sendlist` ENABLE KEYS */;
UNLOCK TABLES;

--
-- Table structure for table `ecs_error_log`
--

DROP TABLE IF EXISTS `ecs_error_log`;
/*!40101 SET @saved_cs_client     = @@character_set_client */;
/*!40101 SET character_set_client = utf8 */;
CREATE TABLE `ecs_error_log` (
  `id` int(10) NOT NULL AUTO_INCREMENT,
  `info` varchar(255) NOT NULL,
  `file` varchar(100) NOT NULL,
  `time` int(10) NOT NULL,
  PRIMARY KEY (`id`),
  KEY `time` (`time`)
) ENGINE=MyISAM DEFAULT CHARSET=utf8;
/*!40101 SET character_set_client = @saved_cs_client */;

--
-- Dumping data for table `ecs_error_log`
--

LOCK TABLES `ecs_error_log` WRITE;
/*!40000 ALTER TABLE `ecs_error_log` DISABLE KEYS */;
/*!40000 ALTER TABLE `ecs_error_log` ENABLE KEYS */;
UNLOCK TABLES;

--
-- Table structure for table `ecs_exchange_goods`
--

DROP TABLE IF EXISTS `ecs_exchange_goods`;
/*!40101 SET @saved_cs_client     = @@character_set_client */;
/*!40101 SET character_set_client = utf8 */;
CREATE TABLE `ecs_exchange_goods` (
  `goods_id` mediumint(8) unsigned NOT NULL DEFAULT '0',
  `exchange_integral` int(10) unsigned NOT NULL DEFAULT '0',
  `is_exchange` tinyint(1) unsigned NOT NULL DEFAULT '0',
  `is_hot` tinyint(1) unsigned NOT NULL DEFAULT '0',
  PRIMARY KEY (`goods_id`)
) ENGINE=MyISAM DEFAULT CHARSET=utf8;
/*!40101 SET character_set_client = @saved_cs_client */;

--
-- Dumping data for table `ecs_exchange_goods`
--

LOCK TABLES `ecs_exchange_goods` WRITE;
/*!40000 ALTER TABLE `ecs_exchange_goods` DISABLE KEYS */;
INSERT INTO `ecs_exchange_goods` VALUES (97,14990,1,0),(100,180000,1,1),(81,1990,1,1),(102,1560,1,1),(110,999,1,1),(56,3999,1,0),(29,1299,1,0),(86,1099,1,0),(31,500,1,0),(55,499,1,0),(52,499,1,0),(62,999,1,0),(91,1699,1,0),(79,799,1,0),(101,1500,1,0),(92,700,1,0),(85,2600,1,0),(30,699,1,0),(94,2000,1,0),(105,1200,1,0);
/*!40000 ALTER TABLE `ecs_exchange_goods` ENABLE KEYS */;
UNLOCK TABLES;

--
-- Table structure for table `ecs_favourable_activity`
--

DROP TABLE IF EXISTS `ecs_favourable_activity`;
/*!40101 SET @saved_cs_client     = @@character_set_client */;
/*!40101 SET character_set_client = utf8 */;
CREATE TABLE `ecs_favourable_activity` (
  `act_id` smallint(5) unsigned NOT NULL AUTO_INCREMENT,
  `act_name` varchar(255) NOT NULL,
  `start_time` int(10) unsigned NOT NULL,
  `end_time` int(10) unsigned NOT NULL,
  `user_rank` varchar(255) NOT NULL,
  `act_range` tinyint(3) unsigned NOT NULL,
  `act_range_ext` varchar(255) NOT NULL,
  `min_amount` decimal(10,2) unsigned NOT NULL,
  `max_amount` decimal(10,2) unsigned NOT NULL,
  `act_type` tinyint(3) unsigned NOT NULL,
  `act_type_ext` decimal(10,2) unsigned NOT NULL,
  `gift` text NOT NULL,
  `sort_order` tinyint(3) unsigned NOT NULL DEFAULT '50',
  `supplier_id` mediumint(8) unsigned NOT NULL DEFAULT '0' COMMENT '店铺id',
  `logo` varchar(255) NOT NULL COMMENT '活动代表图',
  PRIMARY KEY (`act_id`),
  KEY `act_name` (`act_name`)
) ENGINE=MyISAM AUTO_INCREMENT=6 DEFAULT CHARSET=utf8;
/*!40101 SET character_set_client = @saved_cs_client */;

--
-- Dumping data for table `ecs_favourable_activity`
--

LOCK TABLES `ecs_favourable_activity` WRITE;
/*!40000 ALTER TABLE `ecs_favourable_activity` DISABLE KEYS */;
INSERT INTO `ecs_favourable_activity` VALUES (1,'[自营商品]热卖手机满10000减2000',1437552000,1501401600,'0,1,2,3,4',1,'144',10000.00,0.00,1,2000.00,'a:0:{}',50,0,'/data/favourable_action_pic/supplier0/original0_1_580x260.jpg'),(2,'[自营商品]热卖手机满2000送手机配件',1437552000,1501401600,'0,1,2,3,4',1,'144',2000.00,5999.00,0,1.00,'a:4:{i:0;a:3:{s:2:\"id\";s:3:\"185\";s:4:\"name\";s:76:\"赛鲸 常青藤懒人手机支架 床上床头支架 万向调节 太空蓝\";s:5:\"price\";s:1:\"0\";}i:1;a:3:{s:2:\"id\";s:3:\"183\";s:4:\"name\";s:122:\"幻响（i-mu）百变羊 创意指环扣 手机支架 双指环 360度旋转 防止手机滑落 金属材质 强力粘胶\";s:5:\"price\";s:1:\"0\";}i:2;a:3:{s:2:\"id\";s:3:\"191\";s:4:\"name\";s:108:\"雪奈儿 金属边框手机壳套保护壳新款 适用于苹果iPhone6/Plus 4.7英寸 利剑i6土豪金5.5\";s:5:\"price\";s:1:\"0\";}i:3;a:3:{s:2:\"id\";s:3:\"197\";s:4:\"name\";s:77:\"一丁（EADING） EA-CZB 一丁魔盒超级智能插座 手机APP控制 B款\";s:5:\"price\";s:1:\"0\";}}',50,0,'/data/favourable_action_pic/supplier0/original0_2_580x260.jpg'),(3,'[自营商品]热卖手机满6000打9折,嗨翻全场',1437552000,1501401600,'0,1,2,3,4',1,'144',6000.00,9999.00,2,90.00,'a:0:{}',50,0,'/data/favourable_action_pic/supplier0/original0_3_580x260.jpg'),(4,'[天天果园]全场满500元减100元',1437552000,1469865600,'0,1,2,3,4',0,'',500.00,0.00,1,100.00,'a:0:{}',50,1,'/data/favourable_action_pic/supplier1/original1_4_580x260.jpg'),(5,'加价购',1435651200,1498809600,'0,1,2,3,4',0,'',100.00,0.00,0,0.00,'a:1:{i:0;a:3:{s:2:\"id\";s:2:\"26\";s:4:\"name\";s:60:\"韩国进口X-5花生夹心巧克力棒盒装（24根）864g\";s:5:\"price\";s:2:\"10\";}}',50,0,'/data/favourable_action_pic/supplier0/original0_5_580x260.jpg');
/*!40000 ALTER TABLE `ecs_favourable_activity` ENABLE KEYS */;
UNLOCK TABLES;

--
-- Table structure for table `ecs_feedback`
--

DROP TABLE IF EXISTS `ecs_feedback`;
/*!40101 SET @saved_cs_client     = @@character_set_client */;
/*!40101 SET character_set_client = utf8 */;
CREATE TABLE `ecs_feedback` (
  `msg_id` mediumint(8) unsigned NOT NULL AUTO_INCREMENT,
  `parent_id` mediumint(8) unsigned NOT NULL DEFAULT '0',
  `user_id` mediumint(8) unsigned NOT NULL DEFAULT '0',
  `user_name` varchar(60) NOT NULL DEFAULT '',
  `user_email` varchar(60) NOT NULL DEFAULT '',
  `msg_title` varchar(200) NOT NULL DEFAULT '',
  `msg_type` tinyint(1) unsigned NOT NULL DEFAULT '0',
  `msg_status` tinyint(1) unsigned NOT NULL DEFAULT '0',
  `msg_content` text NOT NULL,
  `msg_time` int(10) unsigned NOT NULL DEFAULT '0',
  `message_img` varchar(255) NOT NULL DEFAULT '0',
  `order_id` int(11) unsigned NOT NULL DEFAULT '0',
  `msg_area` tinyint(1) unsigned NOT NULL DEFAULT '0',
  PRIMARY KEY (`msg_id`),
  KEY `user_id` (`user_id`)
) ENGINE=MyISAM DEFAULT CHARSET=utf8;
/*!40101 SET character_set_client = @saved_cs_client */;

--
-- Dumping data for table `ecs_feedback`
--

LOCK TABLES `ecs_feedback` WRITE;
/*!40000 ALTER TABLE `ecs_feedback` DISABLE KEYS */;
/*!40000 ALTER TABLE `ecs_feedback` ENABLE KEYS */;
UNLOCK TABLES;

--
-- Table structure for table `ecs_friend_link`
--

DROP TABLE IF EXISTS `ecs_friend_link`;
/*!40101 SET @saved_cs_client     = @@character_set_client */;
/*!40101 SET character_set_client = utf8 */;
CREATE TABLE `ecs_friend_link` (
  `link_id` smallint(5) unsigned NOT NULL AUTO_INCREMENT,
  `link_name` varchar(255) NOT NULL DEFAULT '',
  `link_url` varchar(255) NOT NULL DEFAULT '',
  `link_logo` varchar(255) NOT NULL DEFAULT '',
  `show_order` tinyint(3) unsigned NOT NULL DEFAULT '50',
  `link_cat` tinyint(2) NOT NULL,
  PRIMARY KEY (`link_id`),
  KEY `show_order` (`show_order`)
) ENGINE=MyISAM AUTO_INCREMENT=6 DEFAULT CHARSET=utf8;
/*!40101 SET character_set_client = @saved_cs_client */;

--
-- Dumping data for table `ecs_friend_link`
--

LOCK TABLES `ecs_friend_link` WRITE;
/*!40000 ALTER TABLE `ecs_friend_link` DISABLE KEYS */;
INSERT INTO `ecs_friend_link` VALUES (1,'中国人民共和国最高人民法院','http://www.baidu.com','',50,1),(2,'淄博先知互联教育咨询有限公司','http://www.xianzhihulian.com','',50,1),(3,'先知学院','http://www.xianzhixueyuan.com','',50,2),(4,'先知教育','http://www.itmba.cc','',50,2),(5,'中招国际','http://www.163.com','data/afficheimg/1461655095709948897.png',50,3);
/*!40000 ALTER TABLE `ecs_friend_link` ENABLE KEYS */;
UNLOCK TABLES;

--
-- Table structure for table `ecs_goods`
--

DROP TABLE IF EXISTS `ecs_goods`;
/*!40101 SET @saved_cs_client     = @@character_set_client */;
/*!40101 SET character_set_client = utf8 */;
CREATE TABLE `ecs_goods` (
  `goods_id` mediumint(8) unsigned NOT NULL AUTO_INCREMENT,
  `cat_id` smallint(5) unsigned NOT NULL DEFAULT '0',
  `goods_sn` varchar(60) NOT NULL DEFAULT '',
  `goods_name` varchar(120) NOT NULL DEFAULT '',
  `goods_name_style` varchar(60) NOT NULL DEFAULT '+',
  `click_count` int(10) unsigned NOT NULL DEFAULT '0',
  `brand_id` smallint(5) unsigned NOT NULL DEFAULT '0',
  `provider_name` varchar(100) NOT NULL DEFAULT '',
  `goods_number` smallint(5) unsigned NOT NULL DEFAULT '0',
  `goods_weight` decimal(10,3) unsigned NOT NULL DEFAULT '0.000',
  `market_price` decimal(10,2) unsigned NOT NULL DEFAULT '0.00',
  `shop_price` decimal(10,2) unsigned NOT NULL DEFAULT '0.00',
  `promote_price` decimal(10,2) unsigned NOT NULL DEFAULT '0.00',
  `promote_start_date` int(11) unsigned NOT NULL DEFAULT '0',
  `promote_end_date` int(11) unsigned NOT NULL DEFAULT '0',
  `is_buy` int(11) NOT NULL,
  `buymax` int(11) NOT NULL,
  `buymax_start_date` int(11) NOT NULL,
  `buymax_end_date` int(11) NOT NULL,
  `warn_number` tinyint(3) unsigned NOT NULL DEFAULT '1',
  `keywords` varchar(255) NOT NULL DEFAULT '',
  `goods_brief` varchar(255) NOT NULL DEFAULT '',
  `goods_desc` text NOT NULL,
  `goods_thumb2` varchar(255) NOT NULL,
  `goods_thumb` varchar(255) NOT NULL DEFAULT '',
  `goods_img2` varchar(255) NOT NULL,
  `goods_img` varchar(255) NOT NULL DEFAULT '',
  `original_img2` varchar(255) NOT NULL,
  `original_img` varchar(255) NOT NULL DEFAULT '',
  `is_real` tinyint(3) unsigned NOT NULL DEFAULT '1',
  `extension_code` varchar(30) NOT NULL DEFAULT '',
  `is_on_sale` tinyint(1) unsigned NOT NULL DEFAULT '1',
  `is_alone_sale` tinyint(1) unsigned NOT NULL DEFAULT '1',
  `is_shipping` tinyint(1) unsigned NOT NULL DEFAULT '0',
  `integral` int(10) unsigned NOT NULL DEFAULT '0',
  `add_time` int(10) unsigned NOT NULL DEFAULT '0',
  `sort_order` smallint(4) unsigned NOT NULL DEFAULT '100',
  `is_delete` tinyint(1) unsigned NOT NULL DEFAULT '0',
  `is_best` tinyint(1) unsigned NOT NULL DEFAULT '0',
  `is_new` tinyint(1) unsigned NOT NULL DEFAULT '0',
  `is_hot` tinyint(1) unsigned NOT NULL DEFAULT '0',
  `is_promote` tinyint(1) unsigned NOT NULL DEFAULT '0',
  `zhekou` decimal(3,1) NOT NULL DEFAULT '10.0',
  `bonus_type_id` tinyint(3) unsigned NOT NULL DEFAULT '0',
  `last_update` int(10) unsigned NOT NULL DEFAULT '0',
  `goods_type` smallint(5) unsigned NOT NULL DEFAULT '0',
  `seller_note` varchar(255) NOT NULL DEFAULT '',
  `give_integral` int(11) NOT NULL DEFAULT '-1',
  `rank_integral` int(11) NOT NULL DEFAULT '-1',
  `suppliers_id` smallint(5) unsigned DEFAULT NULL,
  `supplier_id` mediumint(8) unsigned NOT NULL DEFAULT '0',
  `supplier_status` tinyint(1) NOT NULL DEFAULT '0',
  `supplier_status_txt` text NOT NULL,
  `is_check` tinyint(1) unsigned DEFAULT NULL,
  `is_catindex` tinyint(1) unsigned NOT NULL,
  `cost_price` decimal(10,2) NOT NULL DEFAULT '0.00',
  `valid_date` int(11) DEFAULT NULL,
  `is_virtual` int(11) NOT NULL DEFAULT '0',
  PRIMARY KEY (`goods_id`),
  KEY `goods_sn` (`goods_sn`),
  KEY `cat_id` (`cat_id`),
  KEY `last_update` (`last_update`),
  KEY `brand_id` (`brand_id`),
  KEY `goods_weight` (`goods_weight`),
  KEY `promote_end_date` (`promote_end_date`),
  KEY `promote_start_date` (`promote_start_date`),
  KEY `goods_number` (`goods_number`),
  KEY `sort_order` (`sort_order`),
  KEY `is_catindex` (`is_catindex`)
) ENGINE=MyISAM AUTO_INCREMENT=233 DEFAULT CHARSET=utf8;
/*!40101 SET character_set_client = @saved_cs_client */;

--
-- Dumping data for table `ecs_goods`
--

LOCK TABLES `ecs_goods` WRITE;
/*!40000 ALTER TABLE `ecs_goods` DISABLE KEYS */;
INSERT INTO `ecs_goods` VALUES (1,1,'ECS000000','佳沛新西兰绿奇异果36个（原装）进口Zespri猕猴桃 新鲜水果准妈妈爱吃','+',133,0,'',1000,0.000,180.00,148.00,0.00,0,0,0,0,0,0,5,'猕猴桃,水果,奇异果','正品佳沛，口感清爽沁凉，果肉滑嫩多汁。','<h6 style=\"margin: 0px; padding: 0px; color: rgb(51, 51, 51); white-space: normal;\"><span style=\"font-family:Microsoft YaHei;font-size:medium;\">温馨提示</span></h6><h6><p style=\"font-weight: normal;\"><span style=\"color:#333333;white-space: normal;\"><span style=\"font-family:Microsoft YaHei;font-size:medium;\">新西兰绿奇异果软硬适中，为了保证奇异果的新鲜口感，请冷藏保存并尽快食用。</span></span></p><p><span style=\"font-weight: normal; white-space: normal;\"><span style=\"font-family:Microsoft YaHei;font-size:medium;color:#ff0000;\"><strong>净重：单重</strong></span></span><span style=\"font-family:Microsoft YaHei;font-size:medium;color:#ff0000;\"><span style=\"white-space: normal;\">90-100g</span></span><span style=\"color: rgb(255, 0, 0); font-family: &#39;Microsoft YaHei&#39;;font-size:medium; white-space: normal;\">。</span></p><p style=\"font-weight: normal;\"><span style=\"font-family: &#39;Microsoft YaHei&#39;;font-size:medium; color: rgb(255, 0, 0);\"><strong>友情提示：配送范围不包括乡镇村组等地哦~</strong></span></p></h6><p><img src=\"http://www.xjd.test/includes/ueditor/php/../../../bdimages/upload1/20150722/1437529633608340.jpg\" style=\"float:none;\" title=\"5440e1f5N3c5e5031.jpg\"/></p><p><img src=\"http://www.xjd.test/includes/ueditor/php/../../../bdimages/upload1/20150722/1437529633192696.jpg\" style=\"float:none;\" title=\"5440e1f7N46929db2.jpg\"/></p><p><img src=\"http://www.xjd.test/includes/ueditor/php/../../../bdimages/upload1/20150722/1437529633756929.jpg\" style=\"float:none;\" title=\"5440e1f8Ncdd0bf7d.jpg\"/></p><p><img src=\"http://www.xjd.test/includes/ueditor/php/../../../bdimages/upload1/20150722/1437529634167135.jpg\" style=\"float:none;\" title=\"5440e1faNa060702d.jpg\"/></p><p><br/></p>','','images/201507/thumb_img/1_thumb_G_1437501058250.jpg','','images/201507/goods_img/1_G_1437501058868.jpg','','images/201507/source_img/1_G_1437501058907.jpg',1,'',1,1,0,0,1437500884,100,0,0,1,0,0,10.0,0,1437504545,0,'',-1,-1,0,1,1,'',0,1,0.00,0,0),(2,1,'ECS000002','佳沛新西兰阳光金奇异果原装33个 zepris猕猴桃进口金果新鲜水果准妈妈','+',5,0,'',1000,0.000,260.00,218.00,0.00,0,0,0,0,0,0,5,'猕猴桃,水果,奇异果','正品佳沛，口感清爽沁凉，果肉滑嫩多汁。','<h6 style=\"margin: 0px; padding: 0px; color: rgb(51, 51, 51); white-space: normal;\"><span style=\"font-family:Microsoft YaHei;font-size:medium;\">温馨提示</span></h6><h6><p style=\"font-weight: normal;\"><span style=\"color:#333333;white-space: normal;\"><span style=\"font-family:Microsoft YaHei;font-size:medium;\">新西兰绿奇异果软硬适中，为了保证奇异果的新鲜口感，请冷藏保存并尽快食用。</span></span></p><p><span style=\"font-weight: normal; white-space: normal;\"><span style=\"font-family:Microsoft YaHei;font-size:medium;color:#ff0000;\"><strong>净重：单重</strong></span></span><span style=\"font-family:Microsoft YaHei;font-size:medium;color:#ff0000;\"><span style=\"white-space: normal;\">90-100g</span></span><span style=\"color: rgb(255, 0, 0); font-family: &#39;Microsoft YaHei&#39;;font-size:medium; white-space: normal;\">。</span></p><p style=\"font-weight: normal;\"><span style=\"font-family: &#39;Microsoft YaHei&#39;;font-size:medium; color: rgb(255, 0, 0);\"><strong>友情提示：配送范围不包括乡镇村组等地哦~</strong></span></p></h6><p><img src=\"http://www.xjd.test/includes/ueditor/php/../../../bdimages/upload1/20150722/1437529633608340.jpg\" style=\"float:none;\" title=\"5440e1f5N3c5e5031.jpg\"/></p><p><img src=\"http://www.xjd.test/includes/ueditor/php/../../../bdimages/upload1/20150722/1437529633192696.jpg\" style=\"float:none;\" title=\"5440e1f7N46929db2.jpg\"/></p><p><img src=\"http://www.xjd.test/includes/ueditor/php/../../../bdimages/upload1/20150722/1437529633756929.jpg\" style=\"float:none;\" title=\"5440e1f8Ncdd0bf7d.jpg\"/></p><p><img src=\"http://www.xjd.test/includes/ueditor/php/../../../bdimages/upload1/20150722/1437529634167135.jpg\" style=\"float:none;\" title=\"5440e1faNa060702d.jpg\"/></p><p><br/></p>','','images/201507/thumb_img/2_thumb_G_1437501414613.jpg','','images/201507/goods_img/2_G_1437501414252.jpg','','images/201507/source_img/2_G_1437501414131.jpg',1,'',1,1,0,0,1437501414,100,0,0,1,0,0,10.0,0,1437585233,0,'',-1,-1,0,1,1,'',0,1,0.00,0,0),(3,1,'ECS000003','美国西北车厘子 1斤装 进口水果新鲜樱桃水果','+',16,0,'',1000,0.000,32.00,29.00,26.00,1437465600,1451462400,1,2,1437465600,1446105600,5,'猕猴桃,水果,奇异果','万人好评，空运直达，限时抢购，打破底价！每个ID限购2份','<h6 style=\"margin: 0px; padding: 0px; color: rgb(51, 51, 51); white-space: normal;\"><span style=\"font-family:Microsoft YaHei;font-size:medium;\">温馨提示</span></h6><h6><p style=\"font-weight: normal;\"><span style=\"color:#333333;white-space: normal;\"><span style=\"font-family:Microsoft YaHei;font-size:medium;\">新西兰绿奇异果软硬适中，为了保证奇异果的新鲜口感，请冷藏保存并尽快食用。</span></span></p><p><span style=\"font-weight: normal; white-space: normal;\"><span style=\"font-family:Microsoft YaHei;font-size:medium;color:#ff0000;\"><strong>净重：单重</strong></span></span><span style=\"font-family:Microsoft YaHei;font-size:medium;color:#ff0000;\"><span style=\"white-space: normal;\">90-100g</span></span><span style=\"color: rgb(255, 0, 0); font-family: &#39;Microsoft YaHei&#39;;font-size:medium; white-space: normal;\">。</span></p><p style=\"font-weight: normal;\"><span style=\"font-family: &#39;Microsoft YaHei&#39;;font-size:medium; color: rgb(255, 0, 0);\"><strong>友情提示：配送范围不包括乡镇村组等地哦~</strong></span></p></h6><p><img src=\"http://www.xjd.test/includes/ueditor/php/../../../bdimages/upload1/20150722/1437529633608340.jpg\" style=\"float:none;\" title=\"5440e1f5N3c5e5031.jpg\"/></p><p><img src=\"http://www.xjd.test/includes/ueditor/php/../../../bdimages/upload1/20150722/1437529633192696.jpg\" style=\"float:none;\" title=\"5440e1f7N46929db2.jpg\"/></p><p><img src=\"http://www.xjd.test/includes/ueditor/php/../../../bdimages/upload1/20150722/1437529633756929.jpg\" style=\"float:none;\" title=\"5440e1f8Ncdd0bf7d.jpg\"/></p><p><img src=\"http://www.xjd.test/includes/ueditor/php/../../../bdimages/upload1/20150722/1437529634167135.jpg\" style=\"float:none;\" title=\"5440e1faNa060702d.jpg\"/></p><p><br/></p>','','images/201507/thumb_img/3_thumb_G_1437501601556.jpg','','images/201507/goods_img/3_G_1437501601211.jpg','','images/201507/source_img/3_G_1437501601739.jpg',1,'',1,1,0,0,1437501601,100,0,1,0,0,1,9.0,0,1437585221,0,'',-1,-1,0,1,1,'',0,1,0.00,0,0),(4,1,'ECS000004','加拿大樱桃 2斤装 车厘子 樱桃 进口水果 新鲜水果','+',4,0,'',1000,0.000,155.00,128.00,118.00,1437465600,1451462400,1,2,1437465600,1451462400,5,'猕猴桃,水果,奇异果','甜脆多汁 新鲜上市 果径26-28mm','<h6 style=\"margin: 0px; padding: 0px; color: rgb(51, 51, 51); white-space: normal;\"><span style=\"font-family:Microsoft YaHei;font-size:medium;\">温馨提示</span></h6><h6><p style=\"font-weight: normal;\"><span style=\"color:#333333;white-space: normal;\"><span style=\"font-family:Microsoft YaHei;font-size:medium;\">新西兰绿奇异果软硬适中，为了保证奇异果的新鲜口感，请冷藏保存并尽快食用。</span></span></p><p><span style=\"font-weight: normal; white-space: normal;\"><span style=\"font-family:Microsoft YaHei;font-size:medium;color:#ff0000;\"><strong>净重：单重</strong></span></span><span style=\"font-family:Microsoft YaHei;font-size:medium;color:#ff0000;\"><span style=\"white-space: normal;\">90-100g</span></span><span style=\"color: rgb(255, 0, 0); font-family: &#39;Microsoft YaHei&#39;;font-size:medium; white-space: normal;\">。</span></p><p style=\"font-weight: normal;\"><span style=\"font-family: &#39;Microsoft YaHei&#39;;font-size:medium; color: rgb(255, 0, 0);\"><strong>友情提示：配送范围不包括乡镇村组等地哦~</strong></span></p></h6><p><img src=\"http://www.xjd.test/includes/ueditor/php/../../../bdimages/upload1/20150722/1437529633608340.jpg\" style=\"float:none;\" title=\"5440e1f5N3c5e5031.jpg\"/></p><p><img src=\"http://www.xjd.test/includes/ueditor/php/../../../bdimages/upload1/20150722/1437529633192696.jpg\" style=\"float:none;\" title=\"5440e1f7N46929db2.jpg\"/></p><p><img src=\"http://www.xjd.test/includes/ueditor/php/../../../bdimages/upload1/20150722/1437529633756929.jpg\" style=\"float:none;\" title=\"5440e1f8Ncdd0bf7d.jpg\"/></p><p><img src=\"http://www.xjd.test/includes/ueditor/php/../../../bdimages/upload1/20150722/1437529634167135.jpg\" style=\"float:none;\" title=\"5440e1faNa060702d.jpg\"/></p><p><br/></p>','','images/201507/thumb_img/4_thumb_G_1437501961154.jpg','','images/201507/goods_img/4_G_1437501961556.jpg','','images/201507/source_img/4_G_1437501961477.jpg',1,'',1,1,0,0,1437501961,100,0,1,1,0,1,9.2,0,1437585220,0,'',-1,-1,0,1,1,'',0,1,0.00,0,0),(5,1,'ECS000005','半壳扇贝 扇贝肉 1000g/新鲜扇贝冷冻烧烤海鲜','+',3,0,'',1000,0.000,65.00,58.00,0.00,0,0,0,0,0,0,5,'猕猴桃,水果,奇异果','海水熟冻 不推荐清蒸 蟹黄饱满 2只实惠装','<h6 style=\"margin: 0px; padding: 0px; color: rgb(51, 51, 51); white-space: normal;\"><span style=\"font-family:Microsoft YaHei;font-size:medium;\">温馨提示</span></h6><h6><p style=\"font-weight: normal;\"><span style=\"color:#333333;white-space: normal;\"><span style=\"font-family:Microsoft YaHei;font-size:medium;\">新西兰绿奇异果软硬适中，为了保证奇异果的新鲜口感，请冷藏保存并尽快食用。</span></span></p><p><span style=\"font-weight: normal; white-space: normal;\"><span style=\"font-family:Microsoft YaHei;font-size:medium;color:#ff0000;\"><strong>净重：单重</strong></span></span><span style=\"font-family:Microsoft YaHei;font-size:medium;color:#ff0000;\"><span style=\"white-space: normal;\">90-100g</span></span><span style=\"color: rgb(255, 0, 0); font-family: &#39;Microsoft YaHei&#39;;font-size:medium; white-space: normal;\">。</span></p><p style=\"font-weight: normal;\"><span style=\"font-family: &#39;Microsoft YaHei&#39;;font-size:medium; color: rgb(255, 0, 0);\"><strong>友情提示：配送范围不包括乡镇村组等地哦~</strong></span></p></h6><p><img src=\"http://www.xjd.test/includes/ueditor/php/../../../bdimages/upload1/20150722/1437529633608340.jpg\" style=\"float:none;\" title=\"5440e1f5N3c5e5031.jpg\"/></p><p><img src=\"http://www.xjd.test/includes/ueditor/php/../../../bdimages/upload1/20150722/1437529633192696.jpg\" style=\"float:none;\" title=\"5440e1f7N46929db2.jpg\"/></p><p><img src=\"http://www.xjd.test/includes/ueditor/php/../../../bdimages/upload1/20150722/1437529633756929.jpg\" style=\"float:none;\" title=\"5440e1f8Ncdd0bf7d.jpg\"/></p><p><img src=\"http://www.xjd.test/includes/ueditor/php/../../../bdimages/upload1/20150722/1437529634167135.jpg\" style=\"float:none;\" title=\"5440e1faNa060702d.jpg\"/></p><p><br/></p>','','images/201507/thumb_img/5_thumb_G_1437502904492.jpg','','images/201507/goods_img/5_G_1437502904731.jpg','','images/201507/source_img/5_G_1437502904411.jpg',1,'',1,1,0,0,1437502904,100,0,0,0,0,0,10.0,0,1437503164,0,'',-1,-1,0,1,1,'',0,1,0.00,0,0),(6,1,'ECS000006','【宅鲜配】半壳扇贝 扇贝肉 1000g/新鲜扇贝冷冻烧烤海鲜 ','+',2,0,'',1000,0.000,65.00,58.00,0.00,0,0,0,0,0,0,5,'猕猴桃,水果,奇异果','海水熟冻 不推荐清蒸 蟹黄饱满 2只实惠装','<h6 style=\"margin: 0px; padding: 0px; color: rgb(51, 51, 51); white-space: normal;\"><span style=\"font-family:Microsoft YaHei;font-size:medium;\">温馨提示</span></h6><h6><p style=\"font-weight: normal;\"><span style=\"color:#333333;white-space: normal;\"><span style=\"font-family:Microsoft YaHei;font-size:medium;\">新西兰绿奇异果软硬适中，为了保证奇异果的新鲜口感，请冷藏保存并尽快食用。</span></span></p><p><span style=\"font-weight: normal; white-space: normal;\"><span style=\"font-family:Microsoft YaHei;font-size:medium;color:#ff0000;\"><strong>净重：单重</strong></span></span><span style=\"font-family:Microsoft YaHei;font-size:medium;color:#ff0000;\"><span style=\"white-space: normal;\">90-100g</span></span><span style=\"color: rgb(255, 0, 0); font-family: &#39;Microsoft YaHei&#39;;font-size:medium; white-space: normal;\">。</span></p><p style=\"font-weight: normal;\"><span style=\"font-family: &#39;Microsoft YaHei&#39;;font-size:medium; color: rgb(255, 0, 0);\"><strong>友情提示：配送范围不包括乡镇村组等地哦~</strong></span></p></h6><p><img src=\"http://www.xjd.test/includes/ueditor/php/../../../bdimages/upload1/20150722/1437529633608340.jpg\" style=\"float:none;\" title=\"5440e1f5N3c5e5031.jpg\"/></p><p><img src=\"http://www.xjd.test/includes/ueditor/php/../../../bdimages/upload1/20150722/1437529633192696.jpg\" style=\"float:none;\" title=\"5440e1f7N46929db2.jpg\"/></p><p><img src=\"http://www.xjd.test/includes/ueditor/php/../../../bdimages/upload1/20150722/1437529633756929.jpg\" style=\"float:none;\" title=\"5440e1f8Ncdd0bf7d.jpg\"/></p><p><img src=\"http://www.xjd.test/includes/ueditor/php/../../../bdimages/upload1/20150722/1437529634167135.jpg\" style=\"float:none;\" title=\"5440e1faNa060702d.jpg\"/></p><p><br/></p>','','images/201507/thumb_img/6_thumb_G_1437503036629.jpg','','images/201507/goods_img/6_G_1437503036618.jpg','','images/201507/source_img/6_G_1437503036620.jpg',1,'',1,1,0,0,1437503036,100,0,0,0,0,0,10.0,0,1437504604,0,'',-1,-1,0,1,1,'',0,1,0.00,0,0),(7,1,'ECS000007','新西兰红玫瑰苹果queen4个（约180g/个）','+',0,0,'',1000,0.000,42.00,35.00,0.00,0,0,0,0,0,0,5,'猕猴桃,水果,奇异果','海水熟冻 不推荐清蒸 蟹黄饱满 2只实惠装','<h6 style=\"margin: 0px; padding: 0px; color: rgb(51, 51, 51); white-space: normal;\"><span style=\"font-family:Microsoft YaHei;font-size:medium;\">温馨提示</span></h6><h6><p style=\"font-weight: normal;\"><span style=\"color:#333333;white-space: normal;\"><span style=\"font-family:Microsoft YaHei;font-size:medium;\">新西兰绿奇异果软硬适中，为了保证奇异果的新鲜口感，请冷藏保存并尽快食用。</span></span></p><p><span style=\"font-weight: normal; white-space: normal;\"><span style=\"font-family:Microsoft YaHei;font-size:medium;color:#ff0000;\"><strong>净重：单重</strong></span></span><span style=\"font-family:Microsoft YaHei;font-size:medium;color:#ff0000;\"><span style=\"white-space: normal;\">90-100g</span></span><span style=\"color: rgb(255, 0, 0); font-family: &#39;Microsoft YaHei&#39;;font-size:medium; white-space: normal;\">。</span></p><p style=\"font-weight: normal;\"><span style=\"font-family: &#39;Microsoft YaHei&#39;;font-size:medium; color: rgb(255, 0, 0);\"><strong>友情提示：配送范围不包括乡镇村组等地哦~</strong></span></p></h6><p><img src=\"http://www.xjd.test/includes/ueditor/php/../../../bdimages/upload1/20150722/1437529633608340.jpg\" style=\"float:none;\" title=\"5440e1f5N3c5e5031.jpg\"/></p><p><img src=\"http://www.xjd.test/includes/ueditor/php/../../../bdimages/upload1/20150722/1437529633192696.jpg\" style=\"float:none;\" title=\"5440e1f7N46929db2.jpg\"/></p><p><img src=\"http://www.xjd.test/includes/ueditor/php/../../../bdimages/upload1/20150722/1437529633756929.jpg\" style=\"float:none;\" title=\"5440e1f8Ncdd0bf7d.jpg\"/></p><p><img src=\"http://www.xjd.test/includes/ueditor/php/../../../bdimages/upload1/20150722/1437529634167135.jpg\" style=\"float:none;\" title=\"5440e1faNa060702d.jpg\"/></p><p><br/></p>','','images/201507/thumb_img/7_thumb_G_1437503112503.jpg','','images/201507/goods_img/7_G_1437503112834.jpg','','images/201507/source_img/7_G_1437503112314.jpg',1,'',1,1,0,0,1437503112,100,0,0,0,0,0,10.0,0,1437585304,0,'',-1,-1,0,1,1,'',0,1,0.00,0,0),(8,8,'ECS000008','小金蛋童鞋女童皮鞋 可爱卡通装饰 甜美公主范 优质纯牛皮','+',10,0,'',1,0.000,94.80,79.00,0.00,0,0,0,0,0,0,1,'','','<p>品牌：小金蛋</p><p>颜色分类：军绿色,天蓝色,巧克力色,81510白色,81510粉色,81510桃色</p><p>货号：XJD15C81510</p><p>鞋码：21码/内长约13.5cm,22码/内长约14.0cm,23码/内长约14.5cm,24码/内长约15.0cm,25码/内长约15.5cm,26码/内长约16.0cm,27码/内长约16.6cm,28码/内长约17.3cm,29码/内长约18.0cm,30码/内长约18.7cm,31码/内长约19.4cm,32码/内长约20.1cm,33码/内长约20.8cm,34码/内长约21.5cm,35码/内长约22.0cm,36码/内长约22.5cm,37码/内长约23.0cm</p><p>适用季节：春秋</p><p>闭合方式：魔术贴</p><p>鞋头款式：圆头</p><p>皮质材料：牛皮</p><p>鞋底材质：牛筋</p><p>流行元素：图腾</p><p>材质工艺：软面皮</p><p>适用性别：女</p><p>配皮材质：牛皮</p><img src=https://assets.alicdn.com/kissy/1.0.0/build/imglazyload/spaceball.gif><img src=https://img.alicdn.com/imgextra/i2/920902456/TB2O.8mdVXXXXbUXpXXXXXXXXXX-920902456.jpg><img src=https://img.alicdn.com/imgextra/i4/920902456/TB2ispjXpXXXXb2XFXXXXXXXXXX-920902456.jpg><img src=https://img.alicdn.com/imgextra/i3/920902456/TB2JsNBdVXXXXcfXXXXXXXXXXXX-920902456.jpg><img src=https://img.alicdn.com/imgextra/i3/920902456/TB2jddcdVXXXXaWXXXXXXXXXXXX-920902456.jpg><img src=https://img.alicdn.com/imgextra/i2/920902456/TB2CzqCdpXXXXbvXpXXXXXXXXXX-920902456.jpg><img src=https://img.alicdn.com/imgextra/i1/920902456/TB2aoeIdpXXXXaWXpXXXXXXXXXX-920902456.jpg><img src=https://img.alicdn.com/imgextra/i4/920902456/TB2JA1PdpXXXXXkXpXXXXXXXXXX-920902456.jpg><img src=https://img.alicdn.com/imgextra/i4/920902456/TB2Je9YdpXXXXbhXXXXXXXXXXXX-920902456.jpg><img src=https://img.alicdn.com/imgextra/i4/920902456/TB2F1qLdpXXXXaiXpXXXXXXXXXX-920902456.jpg><img src=https://img.alicdn.com/imgextra/i4/920902456/TB2Q3SJdpXXXXaUXpXXXXXXXXXX-920902456.jpg><img src=https://img.alicdn.com/imgextra/i2/920902456/TB2kFe1dpXXXXaNXXXXXXXXXXXX-920902456.jpg><img src=https://img.alicdn.com/imgextra/i4/920902456/TB2KlCRdpXXXXcLXXXXXXXXXXXX-920902456.jpg><img src=https://img.alicdn.com/imgextra/i1/920902456/TB2aqeZdpXXXXbjXXXXXXXXXXXX-920902456.jpg><img src=https://img.alicdn.com/imgextra/i4/920902456/TB2A7aCdpXXXXcrXpXXXXXXXXXX-920902456.jpg><img src=https://img.alicdn.com/imgextra/i2/920902456/TB23e9KdpXXXXXYXpXXXXXXXXXX-920902456.jpg>','','images/201507/thumb_img/8_thumb_G_1437505162875.jpg','','images/201507/goods_img/8_G_1437505162354.jpg','','images/201507/source_img/8_G_1437505162314.jpg',1,'',1,1,0,0,1437503116,100,1,1,0,0,0,10.0,0,1437508052,0,'',-1,-1,0,2,1,'',0,0,0.00,0,0),(10,1,'ECS000010','越南红心火龙果5斤装 红肉火龙果 新鲜进口水果','+',1,0,'',1000,0.000,42.00,35.00,0.00,0,0,0,0,0,0,5,'猕猴桃,水果,奇异果','海水熟冻 不推荐清蒸 蟹黄饱满 2只实惠装','<h6 style=\"margin: 0px; padding: 0px; color: rgb(51, 51, 51); white-space: normal;\"><span style=\"font-family:Microsoft YaHei;font-size:medium;\">温馨提示</span></h6><h6><p style=\"font-weight: normal;\"><span style=\"color:#333333;white-space: normal;\"><span style=\"font-family:Microsoft YaHei;font-size:medium;\">新西兰绿奇异果软硬适中，为了保证奇异果的新鲜口感，请冷藏保存并尽快食用。</span></span></p><p><span style=\"font-weight: normal; white-space: normal;\"><span style=\"font-family:Microsoft YaHei;font-size:medium;color:#ff0000;\"><strong>净重：单重</strong></span></span><span style=\"font-family:Microsoft YaHei;font-size:medium;color:#ff0000;\"><span style=\"white-space: normal;\">90-100g</span></span><span style=\"color: rgb(255, 0, 0); font-family: &#39;Microsoft YaHei&#39;;font-size:medium; white-space: normal;\">。</span></p><p style=\"font-weight: normal;\"><span style=\"font-family: &#39;Microsoft YaHei&#39;;font-size:medium; color: rgb(255, 0, 0);\"><strong>友情提示：配送范围不包括乡镇村组等地哦~</strong></span></p></h6><p><img src=\"http://www.xjd.test/includes/ueditor/php/../../../bdimages/upload1/20150722/1437529633608340.jpg\" style=\"float:none;\" title=\"5440e1f5N3c5e5031.jpg\"/></p><p><img src=\"http://www.xjd.test/includes/ueditor/php/../../../bdimages/upload1/20150722/1437529633192696.jpg\" style=\"float:none;\" title=\"5440e1f7N46929db2.jpg\"/></p><p><img src=\"http://www.xjd.test/includes/ueditor/php/../../../bdimages/upload1/20150722/1437529633756929.jpg\" style=\"float:none;\" title=\"5440e1f8Ncdd0bf7d.jpg\"/></p><p><img src=\"http://www.xjd.test/includes/ueditor/php/../../../bdimages/upload1/20150722/1437529634167135.jpg\" style=\"float:none;\" title=\"5440e1faNa060702d.jpg\"/></p><p><br/></p>','','images/201507/thumb_img/10_thumb_G_1437503428257.jpg','','images/201507/goods_img/10_G_1437503428540.jpg','','images/201507/source_img/10_G_1437503428389.jpg',1,'',1,1,0,0,1437503428,100,0,0,0,0,0,10.0,0,1437585318,0,'',-1,-1,0,1,1,'',0,1,0.00,0,0),(9,8,'ECS000009','小金蛋女童皮鞋儿童公主鞋韩版单鞋休闲女童鞋翅膀鞋2015新款秋款','+',1,0,'',1,0.000,79.00,0.00,0.00,0,0,0,0,0,0,1,'','','<p>品牌：小金蛋</p><p>颜色分类：军绿色,天蓝色,巧克力色,85粉色,85红色,85金色</p><p>货号：XJD15C85</p><p>鞋码：21码/15.5cm,22码/16cm,23码/16.5cm,24码/17cm,25码/17.5cm,26码/内长约16.0cm,27码/内长约16.6cm,28码/内长约17.3cm,29码/内长约18.0cm,30码/内长约18.7cm,31码/内长约19.4cm,32码/内长约20.1cm,33码/内长约20.8cm,34码/内长约21.5cm,35码/内长约22.0cm,36码/内长约22.5cm,37码/内长约23.0cm</p><p>适用季节：春秋</p><p>闭合方式：魔术贴</p><p>鞋头款式：圆头</p><p>皮质材料：PU</p><p>鞋底材质：橡胶</p><p>流行元素：金属</p><p>材质工艺：漆光皮</p><p>适用性别：女</p><p>配皮材质：PU</p><img src=https://assets.alicdn.com/kissy/1.0.0/build/imglazyload/spaceball.gif><img src=https://img.alicdn.com/imgextra/i2/920902456/TB2O.8mdVXXXXbUXpXXXXXXXXXX-920902456.jpg><img src=https://img.alicdn.com/imgextra/i4/920902456/TB2ispjXpXXXXb2XFXXXXXXXXXX-920902456.jpg><img src=https://img.alicdn.com/imgextra/i3/920902456/TB2JsNBdVXXXXcfXXXXXXXXXXXX-920902456.jpg><img src=https://img.alicdn.com/imgextra/i3/920902456/TB2jddcdVXXXXaWXXXXXXXXXXXX-920902456.jpg><img src=https://img.alicdn.com/imgextra/i3/920902456/TB2zmtCdFXXXXakXpXXXXXXXXXX-920902456.jpg><img src=https://img.alicdn.com/imgextra/i3/920902456/TB2oOtMdFXXXXbKXXXXXXXXXXXX-920902456.jpg><img src=https://img.alicdn.com/imgextra/i1/920902456/TB2mT8YdFXXXXXmXXXXXXXXXXXX-920902456.jpg><img src=https://img.alicdn.com/imgextra/i2/920902456/TB2sFpMdFXXXXb9XXXXXXXXXXXX-920902456.jpg><img src=https://img.alicdn.com/imgextra/i1/920902456/TB2u7RAdFXXXXaVXpXXXXXXXXXX-920902456.jpg><img src=https://img.alicdn.com/imgextra/i3/920902456/TB2OkBIdFXXXXcQXXXXXXXXXXXX-920902456.jpg><img src=https://img.alicdn.com/imgextra/i4/920902456/TB22ztGdFXXXXXkXpXXXXXXXXXX-920902456.jpg><img src=https://img.alicdn.com/imgextra/i1/920902456/TB2c6VZdFXXXXXgXXXXXXXXXXXX-920902456.jpg><img src=https://img.alicdn.com/imgextra/i3/920902456/TB2jYXEdFXXXXXLXpXXXXXXXXXX-920902456.jpg><img src=https://img.alicdn.com/imgextra/i1/920902456/TB2Z34vdFXXXXbYXpXXXXXXXXXX-920902456.jpg><img src=https://img.alicdn.com/imgextra/i1/920902456/TB2xH4vdFXXXXb.XpXXXXXXXXXX-920902456.jpg><img src=https://img.alicdn.com/imgextra/i1/920902456/TB2fw8RdFXXXXa0XXXXXXXXXXXX-920902456.jpg><img src=https://img.alicdn.com/imgextra/i1/920902456/TB2UTVNdFXXXXbKXXXXXXXXXXXX-920902456.jpg><img src=https://img.alicdn.com/imgextra/i2/920902456/TB2UCuhdVXXXXczXXXXXXXXXXXX-920902456.jpg><img src=https://img.alicdn.com/imgextra/i3/920902456/TB2Jh0BdFXXXXavXpXXXXXXXXXX-920902456.jpg><img src=https://img.alicdn.com/imgextra/i2/920902456/TB2C_BCdFXXXXapXpXXXXXXXXXX-920902456.jpg><img src=https://img.alicdn.com/imgextra/i1/920902456/TB2U2hJdFXXXXcTXXXXXXXXXXXX-920902456.jpg><img src=https://img.alicdn.com/imgextra/i2/920902456/TB2d1VvdFXXXXbZXpXXXXXXXXXX-920902456.jpg><img src=https://img.alicdn.com/imgextra/i4/920902456/TB2mDNzdFXXXXaSXpXXXXXXXXXX-920902456.jpg>','','images/201507/thumb_img/9_thumb_G_1437505965177.jpg','','images/201507/goods_img/9_G_1437505965537.jpg','','images/201507/source_img/9_G_1437505965607.jpg',1,'',1,1,0,0,1437503270,100,1,1,1,0,0,10.0,0,1437508052,0,'',-1,-1,0,2,1,'',0,0,0.00,0,0),(11,1,'ECS000011','七果果 越南白心火龙果1斤【3斤起拍，只多不少】 毁包赔 进口新鲜水果 堪比红心火龙果','+',4,0,'',1000,0.000,36.00,30.00,0.00,0,0,0,0,0,0,5,'猕猴桃,水果,奇异果','海水熟冻 不推荐清蒸 蟹黄饱满 2只实惠装','<h6 style=\"margin: 0px; padding: 0px; color: rgb(51, 51, 51); white-space: normal;\"><span style=\"font-family:Microsoft YaHei;font-size:medium;\">温馨提示</span></h6><h6><p style=\"font-weight: normal;\"><span style=\"color:#333333;white-space: normal;\"><span style=\"font-family:Microsoft YaHei;font-size:medium;\">新西兰绿奇异果软硬适中，为了保证奇异果的新鲜口感，请冷藏保存并尽快食用。</span></span></p><p><span style=\"font-weight: normal; white-space: normal;\"><span style=\"font-family:Microsoft YaHei;font-size:medium;color:#ff0000;\"><strong>净重：单重</strong></span></span><span style=\"font-family:Microsoft YaHei;font-size:medium;color:#ff0000;\"><span style=\"white-space: normal;\">90-100g</span></span><span style=\"color: rgb(255, 0, 0); font-family: &#39;Microsoft YaHei&#39;;font-size:medium; white-space: normal;\">。</span></p><p style=\"font-weight: normal;\"><span style=\"font-family: &#39;Microsoft YaHei&#39;;font-size:medium; color: rgb(255, 0, 0);\"><strong>友情提示：配送范围不包括乡镇村组等地哦~</strong></span></p></h6><p><img src=\"http://www.xjd.test/includes/ueditor/php/../../../bdimages/upload1/20150722/1437529633608340.jpg\" style=\"float:none;\" title=\"5440e1f5N3c5e5031.jpg\"/></p><p><img src=\"http://www.xjd.test/includes/ueditor/php/../../../bdimages/upload1/20150722/1437529633192696.jpg\" style=\"float:none;\" title=\"5440e1f7N46929db2.jpg\"/></p><p><img src=\"http://www.xjd.test/includes/ueditor/php/../../../bdimages/upload1/20150722/1437529633756929.jpg\" style=\"float:none;\" title=\"5440e1f8Ncdd0bf7d.jpg\"/></p><p><img src=\"http://www.xjd.test/includes/ueditor/php/../../../bdimages/upload1/20150722/1437529634167135.jpg\" style=\"float:none;\" title=\"5440e1faNa060702d.jpg\"/></p><p><br/></p>','','images/201507/thumb_img/11_thumb_G_1437503527861.jpg','','images/201507/goods_img/11_G_1437503527085.jpg','','images/201507/source_img/11_G_1437503527240.jpg',1,'',1,1,0,0,1437503527,100,0,1,1,0,0,10.0,0,1437585210,0,'',-1,-1,0,1,1,'',0,0,0.00,0,0),(12,8,'ECS000012','大童装女童夏装套装2015夏季新款儿童短袖女孩运动两件套宝宝短裤','+',4,0,'',1,0.000,82.80,69.00,0.00,0,0,0,0,0,0,1,'','','<p>品牌：优蜜屋</p><p>安全等级：B类</p><p>材质：棉</p><p>货号：YMW-15221</p><p>适用性别：女</p><p>颜色分类：酒红,蓝色,黑色</p><p>参考身高：100cm【建议身高 90-100cm宝宝 】,110cm【建议身高 100-110cm宝宝】,120cm【建议身高 110-120cm宝宝 】,130cm【建议身高120-130cm宝宝】,140cm【建议身高130-140cm孩子 】,150cm【建议身高 140-150cm孩子】,160cm【建议身高 150-155cm孩子 】</p><p>模特实拍：实拍有模特</p><p>是否带帽子：无</p><p>组合形式：短袖+裤子</p><p>面料：其他</p><p>厚薄：薄款</p><p>适用季节：夏季</p><p>风格：韩版</p><p>衣门襟：套头</p><p>图案：条纹</p><p>件数：2件</p><img src=https://assets.alicdn.com/kissy/1.0.0/build/imglazyload/spaceball.gif><img src=https://img.alicdn.com/imgextra/i1/1738627269/TB2OfrncFXXXXbGXpXXXXXXXXXX_!!1738627269.jpg><img src=https://img.alicdn.com/imgextra/i1/1738627269/TB28mfrcFXXXXbXXpXXXXXXXXXX_!!1738627269.jpg><img src=https://img.alicdn.com/imgextra/i3/1738627269/TB2pVZBcFXXXXciXXXXXXXXXXXX_!!1738627269.jpg><img src=https://img.alicdn.com/imgextra/i1/1738627269/TB2OFhucFXXXXbxXpXXXXXXXXXX_!!1738627269.jpg><img src=https://img.alicdn.com/imgextra/i2/1738627269/TB2ahkGcFXXXXbmXXXXXXXXXXXX_!!1738627269.jpg><img src=https://img.alicdn.com/imgextra/i3/1738627269/TB2RR8tcFXXXXbAXpXXXXXXXXXX_!!1738627269.jpg><img src=https://img.alicdn.com/imgextra/i3/1738627269/TB2M9m2cFXXXXa9XXXXXXXXXXXX_!!1738627269.jpg><img src=https://img.alicdn.com/imgextra/i1/1738627269/TB2HrRwcFXXXXaiXpXXXXXXXXXX_!!1738627269.jpg><img src=https://img.alicdn.com/imgextra/i1/1738627269/TB2BMxvcFXXXXa5XpXXXXXXXXXX_!!1738627269.jpg><img src=https://img.alicdn.com/imgextra/i1/1738627269/TB2KA4tcFXXXXbVXpXXXXXXXXXX_!!1738627269.jpg><img src=https://img.alicdn.com/imgextra/i4/1738627269/TB2mm0tcFXXXXbtXpXXXXXXXXXX_!!1738627269.jpg><img src=https://img.alicdn.com/imgextra/i1/1738627269/TB2vaFAcFXXXXbwXXXXXXXXXXXX_!!1738627269.jpg><img src=https://img.alicdn.com/imgextra/i3/1738627269/TB2qMBycFXXXXcyXXXXXXXXXXXX_!!1738627269.jpg><img src=https://img.alicdn.com/imgextra/i3/1738627269/TB2OcXycFXXXXcFXXXXXXXXXXXX_!!1738627269.jpg><img src=https://img.alicdn.com/imgextra/i3/1738627269/TB2tvBwcFXXXXX.XpXXXXXXXXXX_!!1738627269.jpg><img src=https://img.alicdn.com/imgextra/i2/1738627269/TB2fRJtcFXXXXbzXpXXXXXXXXXX_!!1738627269.jpg><img src=https://img.alicdn.com/imgextra/i2/1738627269/TB2O2RDcFXXXXXSXXXXXXXXXXXX_!!1738627269.jpg><img src=https://img.alicdn.com/imgextra/i3/1738627269/TB2D7hwcFXXXXXKXpXXXXXXXXXX_!!1738627269.jpg><img src=https://img.alicdn.com/imgextra/i2/1738627269/TB2PaDfcFXXXXb6XpXXXXXXXXXX-1738627269.jpg><img src=https://img.alicdn.com/imgextra/i4/1738627269/TB2OmztcFXXXXX_XXXXXXXXXXXX-1738627269.jpg><img src=https://img.alicdn.com/imgextra/i2/1738627269/TB2CvYzcFXXXXXvXXXXXXXXXXXX-1738627269.jpg><img src=https://img.alicdn.com/imgextra/i4/1738627269/TB2c3_jcFXXXXXCXpXXXXXXXXXX-1738627269.jpg><img src=https://img.alicdn.com/imgextra/i2/1738627269/TB2rs6zcFXXXXXrXXXXXXXXXXXX-1738627269.jpg><img src=https://img.alicdn.com/imgextra/i3/1738627269/TB2SI2zcFXXXXXAXXXXXXXXXXXX-1738627269.jpg>','','images/201507/thumb_img/12_thumb_G_1437505924891.jpg','','images/201507/goods_img/12_G_1437505924274.jpg','','images/201507/source_img/12_G_1437505924299.jpg',1,'',1,1,0,0,1437503557,100,1,1,1,0,0,10.0,0,1437508052,0,'',-1,-1,0,2,1,'',0,0,0.00,0,0),(13,1,'ECS000013','诚绿丰 越南进口红肉火龙果 新鲜水果红心火龙果 江浙沪皖包邮 1斤装','+',1,0,'',1000,0.000,22.00,18.00,0.00,0,0,0,0,0,0,5,'猕猴桃,水果,奇异果','海水熟冻 不推荐清蒸 蟹黄饱满 2只实惠装','<h6 style=\"margin: 0px; padding: 0px; color: rgb(51, 51, 51); white-space: normal;\"><span style=\"font-family:Microsoft YaHei;font-size:medium;\">温馨提示</span></h6><h6><p style=\"font-weight: normal;\"><span style=\"color:#333333;white-space: normal;\"><span style=\"font-family:Microsoft YaHei;font-size:medium;\">新西兰绿奇异果软硬适中，为了保证奇异果的新鲜口感，请冷藏保存并尽快食用。</span></span></p><p><span style=\"font-weight: normal; white-space: normal;\"><span style=\"font-family:Microsoft YaHei;font-size:medium;color:#ff0000;\"><strong>净重：单重</strong></span></span><span style=\"font-family:Microsoft YaHei;font-size:medium;color:#ff0000;\"><span style=\"white-space: normal;\">90-100g</span></span><span style=\"color: rgb(255, 0, 0); font-family: &#39;Microsoft YaHei&#39;;font-size:medium; white-space: normal;\">。</span></p><p style=\"font-weight: normal;\"><span style=\"font-family: &#39;Microsoft YaHei&#39;;font-size:medium; color: rgb(255, 0, 0);\"><strong>友情提示：配送范围不包括乡镇村组等地哦~</strong></span></p></h6><p><img src=\"http://www.xjd.test/includes/ueditor/php/../../../bdimages/upload1/20150722/1437529633608340.jpg\" style=\"float:none;\" title=\"5440e1f5N3c5e5031.jpg\"/></p><p><img src=\"http://www.xjd.test/includes/ueditor/php/../../../bdimages/upload1/20150722/1437529633192696.jpg\" style=\"float:none;\" title=\"5440e1f7N46929db2.jpg\"/></p><p><img src=\"http://www.xjd.test/includes/ueditor/php/../../../bdimages/upload1/20150722/1437529633756929.jpg\" style=\"float:none;\" title=\"5440e1f8Ncdd0bf7d.jpg\"/></p><p><img src=\"http://www.xjd.test/includes/ueditor/php/../../../bdimages/upload1/20150722/1437529634167135.jpg\" style=\"float:none;\" title=\"5440e1faNa060702d.jpg\"/></p><p><br/></p>','','images/201507/thumb_img/13_thumb_G_1437503573325.jpg','','images/201507/goods_img/13_G_1437503573225.jpg','','images/201507/source_img/13_G_1437503573728.jpg',1,'',1,1,0,0,1437503573,100,0,1,0,0,0,10.0,0,1437504790,0,'',-1,-1,0,1,1,'',0,0,0.00,0,0),(14,1,'ECS000014','哥伦比亚金燕窝果 新鲜进口水果 麒麟果 黄色白心火龙果 4只','+',1,0,'',999,0.000,500.00,479.00,0.00,0,0,0,0,0,0,5,'猕猴桃,水果,奇异果','海水熟冻 不推荐清蒸 蟹黄饱满 2只实惠装','<h6 style=\"margin: 0px; padding: 0px; color: rgb(51, 51, 51); white-space: normal;\"><span style=\"font-family:Microsoft YaHei;font-size:medium;\">温馨提示</span></h6><h6><p style=\"font-weight: normal;\"><span style=\"color:#333333;white-space: normal;\"><span style=\"font-family:Microsoft YaHei;font-size:medium;\">新西兰绿奇异果软硬适中，为了保证奇异果的新鲜口感，请冷藏保存并尽快食用。</span></span></p><p><span style=\"font-weight: normal; white-space: normal;\"><span style=\"font-family:Microsoft YaHei;font-size:medium;color:#ff0000;\"><strong>净重：单重</strong></span></span><span style=\"font-family:Microsoft YaHei;font-size:medium;color:#ff0000;\"><span style=\"white-space: normal;\">90-100g</span></span><span style=\"color: rgb(255, 0, 0); font-family: &#39;Microsoft YaHei&#39;;font-size:medium; white-space: normal;\">。</span></p><p style=\"font-weight: normal;\"><span style=\"font-family: &#39;Microsoft YaHei&#39;;font-size:medium; color: rgb(255, 0, 0);\"><strong>友情提示：配送范围不包括乡镇村组等地哦~</strong></span></p></h6><p><img src=\"http://www.xjd.test/includes/ueditor/php/../../../bdimages/upload1/20150722/1437529633608340.jpg\" style=\"float:none;\" title=\"5440e1f5N3c5e5031.jpg\"/></p><p><img src=\"http://www.xjd.test/includes/ueditor/php/../../../bdimages/upload1/20150722/1437529633192696.jpg\" style=\"float:none;\" title=\"5440e1f7N46929db2.jpg\"/></p><p><img src=\"http://www.xjd.test/includes/ueditor/php/../../../bdimages/upload1/20150722/1437529633756929.jpg\" style=\"float:none;\" title=\"5440e1f8Ncdd0bf7d.jpg\"/></p><p><img src=\"http://www.xjd.test/includes/ueditor/php/../../../bdimages/upload1/20150722/1437529634167135.jpg\" style=\"float:none;\" title=\"5440e1faNa060702d.jpg\"/></p><p><br/></p>','','images/201507/thumb_img/14_thumb_G_1437503630878.jpg','','images/201507/goods_img/14_G_1437503630620.jpg','','images/201507/source_img/14_G_1437503630259.jpg',1,'',1,1,0,0,1437503630,100,0,1,1,0,0,10.0,0,1437585203,0,'',-1,-1,0,1,1,'',0,0,0.00,0,0),(15,8,'ECS000015','童装女童2015新款夏装韩版潮儿童衣服中大童短袖短裤休闲套装夏季','+',1,0,'',1,0.000,166.79,139.00,0.00,0,0,0,0,0,0,1,'','','<p>品牌：爱尔兔</p><p>材质：棉</p><p>货号：AT110</p><p>适用性别：女</p><p>颜色分类：白色,粉色,绿色</p><p>参考身高：110cm,120cm,130cm,140cm,150cm,160cm</p><p>模特实拍：实拍有模特</p><p>适用场景：生日</p><p>按关系送礼：孩子</p><p>是否带帽子：无</p><p>组合形式：短袖+裤子</p><p>面料：棉混纺布</p><p>厚薄：薄款</p><p>适用季节：夏季</p><p>风格：韩版</p><p>衣门襟：套头</p><p>图案：碎花</p><p>件数：2件</p><img src=https://assets.alicdn.com/kissy/1.0.0/build/imglazyload/spaceball.gif><p>2015夏季女童时尚短袖短裤套装上衣采用100%棉优质面料裤子采用优质亚麻面料【面料已质检】舒适透气 环保时尚我们对产品的质量有绝对的信心，爱尔兔承诺&ldquo;如您收到货感觉不满意或者大小不合适，我们给您包邮退换货&rdquo; 让您购物无忧！</p><img src=https://img.alicdn.com/imgextra/i2/1600308669/TB2_5A4cXXXXXX.XXXXXXXXXXXX_!!1600308669.jpg><img src=https://img.alicdn.com/imgextra/i1/1600308669/TB2TBsRcXXXXXcdXpXXXXXXXXXX_!!1600308669.jpg><img src=https://img.alicdn.com/imgextra/i4/1600308669/TB2CQwWcXXXXXX0XpXXXXXXXXXX_!!1600308669.jpg><img src=https://img.alicdn.com/imgextra/i2/1600308669/TB24M57cpXXXXcVXpXXXXXXXXXX_!!1600308669.jpg><img src=https://img.alicdn.com/imgextra/i4/1600308669/TB27dQ4cXXXXXabXXXXXXXXXXXX_!!1600308669.jpg><img src=https://img.alicdn.com/imgextra/i1/1600308669/TB2ce3ZcXXXXXXqXpXXXXXXXXXX_!!1600308669.jpg><img src=https://img.alicdn.com/imgextra/i3/1600308669/TB23mZ3cXXXXXakXXXXXXXXXXXX_!!1600308669.jpg><img src=https://img.alicdn.com/imgextra/i3/1600308669/TB2C7E0cXXXXXb7XXXXXXXXXXXX_!!1600308669.jpg><img src=https://img.alicdn.com/imgextra/i2/1600308669/TB27b7ZcXXXXXc2XXXXXXXXXXXX_!!1600308669.jpg><img src=https://img.alicdn.com/imgextra/i3/1600308669/TB2klg2cXXXXXayXXXXXXXXXXXX_!!1600308669.jpg><img src=https://img.alicdn.com/imgextra/i3/1600308669/TB2Cqg0cXXXXXcuXXXXXXXXXXXX_!!1600308669.jpg><img src=https://img.alicdn.com/imgextra/i4/1600308669/TB2glU4cXXXXXX3XXXXXXXXXXXX_!!1600308669.jpg><img src=https://img.alicdn.com/imgextra/i1/1600308669/TB29kw2cXXXXXaVXXXXXXXXXXXX_!!1600308669.jpg><img src=https://img.alicdn.com/imgextra/i2/1600308669/TB2KOw5cXXXXXXcXXXXXXXXXXXX_!!1600308669.jpg><img src=https://img.alicdn.com/imgextra/i4/1600308669/TB2rG.4cXXXXXaeXXXXXXXXXXXX_!!1600308669.jpg><img src=https://img.alicdn.com/imgextra/i4/1600308669/TB2wEw1cXXXXXbeXXXXXXXXXXXX_!!1600308669.jpg><img src=https://img.alicdn.com/imgextra/i2/1600308669/TB2ovw2cXXXXXa5XXXXXXXXXXXX_!!1600308669.jpg><img src=https://img.alicdn.com/imgextra/i2/1600308669/TB2MfMTcXXXXXbCXpXXXXXXXXXX_!!1600308669.jpg><img src=https://img.alicdn.com/imgextra/i1/1600308669/TB2TzxacFXXXXXIXXXXXXXXXXXX_!!1600308669.jpg><img src=https://img.alicdn.com/imgextra/i4/1600308669/TB2AIw8cpXXXXcWXXXXXXXXXXXX_!!1600308669.jpg><img src=https://img.alicdn.com/imgextra/i3/1600308669/TB24Rw7cpXXXXc1XXXXXXXXXXXX_!!1600308669.jpg><img src=https://img.alicdn.com/imgextra/i1/1600308669/TB2y3o_cpXXXXbKXXXXXXXXXXXX_!!1600308669.jpg><img src=https://img.alicdn.com/imgextra/i4/1600308669/TB2UByPcXXXXXb8XXXXXXXXXXXX_!!1600308669.jpg>','','images/201507/thumb_img/15_thumb_G_1437506048990.jpg','','images/201507/goods_img/15_G_1437506048684.jpg','','images/201507/source_img/15_G_1437506048093.jpg',1,'',1,1,0,0,1437503656,100,1,1,1,1,0,10.0,0,1437508052,0,'',-1,-1,0,2,1,'',0,0,0.00,0,0),(16,1,'ECS000016','畅享礼盒 奇异果火龙果佳节送礼进口新鲜水果','+',1,0,'',1000,0.000,200.00,168.00,0.00,0,0,0,0,0,0,5,'猕猴桃,水果,奇异果','海水熟冻 不推荐清蒸 蟹黄饱满 2只实惠装','<h6 style=\"margin: 0px; padding: 0px; color: rgb(51, 51, 51); white-space: normal;\"><span style=\"font-family:Microsoft YaHei;font-size:medium;\">温馨提示</span></h6><h6><p style=\"font-weight: normal;\"><span style=\"color:#333333;white-space: normal;\"><span style=\"font-family:Microsoft YaHei;font-size:medium;\">新西兰绿奇异果软硬适中，为了保证奇异果的新鲜口感，请冷藏保存并尽快食用。</span></span></p><p><span style=\"font-weight: normal; white-space: normal;\"><span style=\"font-family:Microsoft YaHei;font-size:medium;color:#ff0000;\"><strong>净重：单重</strong></span></span><span style=\"font-family:Microsoft YaHei;font-size:medium;color:#ff0000;\"><span style=\"white-space: normal;\">90-100g</span></span><span style=\"color: rgb(255, 0, 0); font-family: &#39;Microsoft YaHei&#39;;font-size:medium; white-space: normal;\">。</span></p><p style=\"font-weight: normal;\"><span style=\"font-family: &#39;Microsoft YaHei&#39;;font-size:medium; color: rgb(255, 0, 0);\"><strong>友情提示：配送范围不包括乡镇村组等地哦~</strong></span></p></h6><p><img src=\"http://www.xjd.test/includes/ueditor/php/../../../bdimages/upload1/20150722/1437529633608340.jpg\" style=\"float:none;\" title=\"5440e1f5N3c5e5031.jpg\"/></p><p><img src=\"http://www.xjd.test/includes/ueditor/php/../../../bdimages/upload1/20150722/1437529633192696.jpg\" style=\"float:none;\" title=\"5440e1f7N46929db2.jpg\"/></p><p><img src=\"http://www.xjd.test/includes/ueditor/php/../../../bdimages/upload1/20150722/1437529633756929.jpg\" style=\"float:none;\" title=\"5440e1f8Ncdd0bf7d.jpg\"/></p><p><img src=\"http://www.xjd.test/includes/ueditor/php/../../../bdimages/upload1/20150722/1437529634167135.jpg\" style=\"float:none;\" title=\"5440e1faNa060702d.jpg\"/></p><p><br/></p>','','images/201507/thumb_img/16_thumb_G_1437503698428.jpg','','images/201507/goods_img/16_G_1437503698751.jpg','','images/201507/source_img/16_G_1437503698786.jpg',1,'',1,1,0,0,1437503698,100,0,1,1,0,0,10.0,0,1437585207,0,'',-1,-1,0,1,1,'',0,0,0.00,0,0),(17,8,'ECS000017','2015新款女童夏季连衣裙中大童女孩时尚短袖纱裙儿童韩版公主裙子','+',3,0,'',1,0.000,345.59,288.00,0.00,0,0,0,0,0,0,1,'','','<p>品牌：粉艾</p><p>材质：其他</p><p>颜色分类：粉色,杏色</p><p>货号：5211刺绣连衣裙</p><p>参考身高：120cm,130cm,140cm,150cm,160cm,170cm</p><p>款式：短袖</p><p>裙型：A字裙</p><p>适用季节：夏季</p><p>适用性别：女</p><p>面料：棉混纺布</p><p>风格：韩版</p><p>图案：纯色</p><img src=https://img.alicdn.com/imgextra/i1/2455117155/TB2ujaScFXXXXaFXpXXXXXXXXXX_!!2455117155.jpg><img src=https://img.alicdn.com/imgextra/i1/2455117155/TB23b5RcFXXXXbMXpXXXXXXXXXX_!!2455117155.jpg><img src=https://img.alicdn.com/imgextra/i4/2455117155/TB2Dc90cFXXXXayXXXXXXXXXXXX_!!2455117155.jpg><img src=https://img.alicdn.com/imgextra/i3/2455117155/TB2jqm0cFXXXXaMXXXXXXXXXXXX_!!2455117155.jpg><img src=https://img.alicdn.com/imgextra/i4/2455117155/TB2moSUcFXXXXXyXpXXXXXXXXXX_!!2455117155.jpg><img src=https://img.alicdn.com/imgextra/i1/2455117155/TB2UAaTcFXXXXXYXpXXXXXXXXXX_!!2455117155.jpg><img src=https://img.alicdn.com/imgextra/i4/2455117155/TB2FtqYcFXXXXb1XXXXXXXXXXXX_!!2455117155.jpg><img src=https://img.alicdn.com/imgextra/i1/2455117155/TB2iCmTcFXXXXaaXpXXXXXXXXXX_!!2455117155.jpg><img src=https://img.alicdn.com/imgextra/i3/2455117155/TB2ntKScFXXXXaKXpXXXXXXXXXX_!!2455117155.jpg><img src=https://img.alicdn.com/imgextra/i3/2455117155/TB2775YcFXXXXbEXXXXXXXXXXXX_!!2455117155.jpg><img src=https://img.alicdn.com/imgextra/i1/2455117155/TB21CeUcFXXXXXkXpXXXXXXXXXX_!!2455117155.jpg><img src=https://img.alicdn.com/imgextra/i4/2455117155/TB2q4KRcFXXXXboXpXXXXXXXXXX_!!2455117155.jpg><img src=https://img.alicdn.com/imgextra/i3/2455117155/TB2pu5WcFXXXXchXXXXXXXXXXXX_!!2455117155.jpg><img src=https://img.alicdn.com/imgextra/i3/2455117155/TB2vYeWcFXXXXcKXXXXXXXXXXXX_!!2455117155.jpg><img src=https://img.alicdn.com/imgextra/i3/2455117155/TB2u0OTcFXXXXX3XpXXXXXXXXXX_!!2455117155.jpg><img src=https://img.alicdn.com/imgextra/i3/2455117155/TB2i6mVcFXXXXctXXXXXXXXXXXX_!!2455117155.jpg><img src=https://img.alicdn.com/imgextra/i3/2455117155/TB2I85TcFXXXXX.XpXXXXXXXXXX_!!2455117155.jpg><img src=https://img.alicdn.com/imgextra/i3/2455117155/TB2EN1RcFXXXXbPXpXXXXXXXXXX_!!2455117155.jpg><img src=https://img.alicdn.com/imgextra/i3/2455117155/TB2StaRcFXXXXbZXpXXXXXXXXXX_!!2455117155.jpg><img src=https://img.alicdn.com/imgextra/i1/2455117155/TB2JdORcFXXXXbAXpXXXXXXXXXX_!!2455117155.jpg><img src=https://img.alicdn.com/imgextra/i3/2455117155/TB2JyuRcFXXXXbtXpXXXXXXXXXX_!!2455117155.jpg><img src=https://img.alicdn.com/imgextra/i1/2455117155/TB2sxC0cFXXXXavXXXXXXXXXXXX_!!2455117155.jpg><img src=https://img.alicdn.com/imgextra/i3/2455117155/TB2WAiScFXXXXa2XpXXXXXXXXXX_!!2455117155.jpg><img src=https://img.alicdn.com/imgextra/i2/2455117155/TB2lbeVcFXXXXc7XXXXXXXXXXXX_!!2455117155.jpg><img src=https://img.alicdn.com/imgextra/i3/2455117155/TB2Cu9YcFXXXXbSXXXXXXXXXXXX_!!2455117155.jpg><img src=https://img.alicdn.com/imgextra/i4/2455117155/TB2F21VcFXXXXcZXXXXXXXXXXXX_!!2455117155.jpg><img src=https://img.alicdn.com/imgextra/i1/2455117155/TB20l1RcFXXXXbwXpXXXXXXXXXX_!!2455117155.jpg><img src=https://img.alicdn.com/imgextra/i4/2455117155/TB2s9CScFXXXXaBXpXXXXXXXXXX_!!2455117155.jpg><img src=https://img.alicdn.com/imgextra/i4/2455117155/TB25iGRcFXXXXbTXpXXXXXXXXXX_!!2455117155.jpg><img src=https://img.alicdn.com/imgextra/i4/2455117155/TB2SC9ZcFXXXXaUXXXXXXXXXXXX_!!2455117155.jpg><img src=https://img.alicdn.com/imgextra/i3/2455117155/TB2f6OZcFXXXXa6XXXXXXXXXXXX_!!2455117155.jpg><img src=https://img.alicdn.com/imgextra/i3/2455117155/TB2hXiRcFXXXXcqXpXXXXXXXXXX_!!2455117155.jpg><img src=https://img.alicdn.com/imgextra/i1/2455117155/TB2Pua2cFXXXXXKXXXXXXXXXXXX_!!2455117155.jpg><img src=https://img.alicdn.com/imgextra/i4/2455117155/TB2jfyVcFXXXXc4XXXXXXXXXXXX_!!2455117155.jpg><img src=https://img.alicdn.com/imgextra/i1/2455117155/TB2xraWcFXXXXcAXXXXXXXXXXXX_!!2455117155.jpg>','','images/201507/thumb_img/17_thumb_G_1437506177970.jpg','','images/201507/goods_img/17_G_1437506177438.jpg','','images/201507/source_img/17_G_1437506177290.jpg',1,'',1,1,0,0,1437503724,100,1,1,1,1,0,10.0,0,1437508052,0,'',-1,-1,0,2,1,'',0,0,0.00,0,0),(18,8,'ECS000018','奥特曼迪加咸蛋超人童装套男夏装2015夏中大童短袖t恤儿童款套装','+',4,0,'',1,0.000,154.79,129.00,0.00,0,0,0,0,0,0,1,'','','<p>品牌：HIP BOY</p><p>安全等级：B类</p><p>材质：棉</p><p>货号：15303</p><p>适用性别：男</p><p>颜色分类：白色</p><p>参考身高：90码建议身高穿85厘米至95厘米,100码建议身高穿95厘米至105厘米,110码建议身高穿105厘米至115厘米,120码建议身高穿115厘米至125厘米,130码建议身高穿125厘米至135厘米</p><p>模特实拍：实拍有模特</p><p>适用场景：爱意表达</p><p>按关系送礼：长辈</p><p>是否带帽子：无</p><p>组合形式：短袖+裤子</p><p>面料：纯棉(95%及以上)</p><p>厚薄：常规</p><p>适用季节：夏季</p><p>风格：运动</p><p>衣门襟：套头</p><p>图案：卡通动漫</p><p>件数：2件</p><img src=https://img.alicdn.com/imgextra/i1/2032965860/TB28z_odFXXXXa1XXXXXXXXXXXX-2032965860.jpg><img src=https://img.alicdn.com/imgextra/i2/2032965860/TB2H.eJcVXXXXc.XXXXXXXXXXXX-2032965860.jpg><img src=https://img.alicdn.com/imgextra/i1/2032965860/TB2SFGEcVXXXXbLXpXXXXXXXXXX-2032965860.jpg><img src=https://img.alicdn.com/imgextra/i4/2032965860/TB240GZcVXXXXXwXXXXXXXXXXXX-2032965860.jpg><img src=https://img.alicdn.com/imgextra/i4/2032965860/TB2p_1QcVXXXXbbXXXXXXXXXXXX-2032965860.jpg><img src=https://img.alicdn.com/imgextra/i4/2032965860/TB2.aiUcVXXXXauXXXXXXXXXXXX-2032965860.jpg><img src=https://img.alicdn.com/imgextra/i1/2032965860/TB2z2eLcVXXXXcVXXXXXXXXXXXX-2032965860.jpg><img src=https://img.alicdn.com/imgextra/i4/2032965860/TB2WXODcVXXXXbWXpXXXXXXXXXX-2032965860.jpg><img src=https://img.alicdn.com/imgextra/i2/2032965860/TB2GPWFcVXXXXaRXpXXXXXXXXXX-2032965860.jpg><img src=https://img.alicdn.com/imgextra/i3/2032965860/TB2JmGIcVXXXXXaXpXXXXXXXXXX-2032965860.jpg><img src=https://img.alicdn.com/imgextra/i4/2032965860/TB2N7GVcVXXXXacXXXXXXXXXXXX-2032965860.jpg><img src=https://img.alicdn.com/imgextra/i3/2032965860/TB2TRCQcVXXXXbnXXXXXXXXXXXX-2032965860.jpg><img src=https://img.alicdn.com/imgextra/i1/2032965860/TB2iejscVXXXXcVXpXXXXXXXXXX-2032965860.jpg>','','images/201507/thumb_img/18_thumb_G_1437506351545.jpg','','images/201507/goods_img/18_G_1437506351530.jpg','','images/201507/source_img/18_G_1437506351505.jpg',1,'',1,1,0,0,1437503839,100,1,1,1,1,0,10.0,0,1437508052,0,'',-1,-1,0,2,1,'',0,0,0.00,0,0),(19,8,'ECS000019','宝宝水杯儿童吸管杯迪士尼幼儿喝水杯子带手柄防漏学饮杯婴儿水壶','+',1,0,'',1,0.000,43.19,36.00,0.00,0,0,0,0,0,0,1,'','','<p>功能：吸管杯</p><p>货号：DZ-8028</p><p>颜色分类：蓝色(米奇360ml),粉色(公主360ml),玫红(米妮360ml),黄色(维尼360ml),粉色(公主240ml),粉色(米妮240ml),蓝色(米奇240ml),蓝色(米奇210ml),粉色(米妮210ml),米妮粉(360ml),维尼黄(360ml),米奇蓝(360ml),黄色(维尼210ml)</p><p>品牌：Disney/迪士尼</p><p>货号：DZ-8028</p><p>是否带柄：带柄</p><p>适用年龄：6个月以上</p><p>容量：其他</p><p>材质：聚丙烯(pp)</p><img src=https://assets.alicdn.com/kissy/1.0.0/build/imglazyload/spaceball.gif><img src=https://assets.alicdn.com/sys/wangwang/smiley/48x48/84.gif><p>活动通知为了感谢亲们的大力支持，特推出多款超值套餐！赶紧点击下图购买吧！手机购物的亲，如果无法点击购买，请咨询在线客服，谢谢！</p><img src=https://assets.alicdn.com/sys/wangwang/smiley/48x48/93.gif><img src=https://img.alicdn.com/imgextra/i1/853295102/TB22NlRdVXXXXbGXpXXXXXXXXXX_!!853295102.jpg><img src=https://img.alicdn.com/imgextra/i4/853295102/TB2o5xcdVXXXXaFXpXXXXXXXXXX_!!853295102.jpg><img src=https://img.alicdn.com/imgextra/i3/853295102/TB2_fAGdpXXXXa9XpXXXXXXXXXX_!!853295102.jpg><img src=https://img.alicdn.com/imgextra/i2/853295102/TB25GRTdVXXXXbyXpXXXXXXXXXX_!!853295102.jpg><img src=https://img.alicdn.com/imgextra/i1/853295102/TB2FqU1dpXXXXabXXXXXXXXXXXX_!!853295102.jpg><img src=https://img.alicdn.com/imgextra/i4/853295102/TB26GQSdpXXXXbFXXXXXXXXXXXX_!!853295102.jpg><img src=https://img.alicdn.com/imgextra/i1/853295102/TB2P1RXdFXXXXaSXXXXXXXXXXXX_!!853295102.jpg><img src=https://img.alicdn.com/imgextra/i2/853295102/TB2W0P1dFXXXXcrXXXXXXXXXXXX_!!853295102.jpg><img src=https://img.alicdn.com/imgextra/i3/853295102/TB2mM6jdXXXXXXWXXXXXXXXXXXX_!!853295102.jpg><img src=https://img.alicdn.com/imgextra/i4/853295102/TB2RqpCdFXXXXXNXpXXXXXXXXXX_!!853295102.jpg><img src=https://img.alicdn.com/imgextra/i1/853295102/TB2XkzrcVXXXXX7XpXXXXXXXXXX_!!853295102.jpg><img src=https://img.alicdn.com/imgextra/i3/853295102/TB2OCRFbVXXXXahXpXXXXXXXXXX_!!853295102.jpg><img src=https://img.alicdn.com/imgextra/i3/853295102/TB2F33kdXXXXXcyXXXXXXXXXXXX_!!853295102.jpg><img src=https://img.alicdn.com/imgextra/i4/853295102/TB2DfJpdFXXXXctXpXXXXXXXXXX_!!853295102.jpg><img src=https://img.alicdn.com/imgextra/i4/853295102/TB2.NO5dXXXXXcpXXXXXXXXXXXX_!!853295102.jpg><img src=https://img.alicdn.com/imgextra/i1/853295102/TB2TuDhdXXXXXXRXXXXXXXXXXXX_!!853295102.jpg><img src=https://img.alicdn.com/imgextra/i2/853295102/TB2H.6adXXXXXa_XXXXXXXXXXXX_!!853295102.jpg><img src=https://img.alicdn.com/imgextra/i4/853295102/TB2rE_fdXXXXXaoXXXXXXXXXXXX_!!853295102.jpg><img src=https://img.alicdn.com/imgextra/i2/853295102/TB2xVSVdXXXXXbvXpXXXXXXXXXX_!!853295102.jpg><img src=https://img.alicdn.com/imgextra/i1/853295102/TB2wgmYdXXXXXaiXpXXXXXXXXXX_!!853295102.jpg><img src=https://img.alicdn.com/imgextra/i3/853295102/TB2O1y6dXXXXXciXXXXXXXXXXXX_!!853295102.jpg><img src=https://img.alicdn.com/imgextra/i1/853295102/TB2dybkdXXXXXXmXXXXXXXXXXXX_!!853295102.jpg><img src=https://img.alicdn.com/imgextra/i1/853295102/TB2BnO9dXXXXXbsXXXXXXXXXXXX_!!853295102.jpg><img src=https://img.alicdn.com/imgextra/i4/853295102/TB21svedXXXXXaaXXXXXXXXXXXX_!!853295102.jpg><img src=https://img.alicdn.com/imgextra/i4/853295102/TB20_C0dXXXXXXwXpXXXXXXXXXX_!!853295102.jpg><img src=https://img.alicdn.com/imgextra/i3/853295102/TB2JkRDcXXXXXXHXpXXXXXXXXXX_!!853295102.jpg><img src=https://img.alicdn.com/imgextra/i1/853295102/TB2emAKcVXXXXaXXXXXXXXXXXXX_!!853295102.jpg><img src=https://img.alicdn.com/imgextra/i1/853295102/TB22C4MdFXXXXauXXXXXXXXXXXX_!!853295102.jpg><img src=https://img.alicdn.com/imgextra/i4/853295102/TB245sAcpXXXXXWXpXXXXXXXXXX_!!853295102.jpg><img src=https://img.alicdn.com/imgextra/i3/853295102/TB2JWoMbFXXXXbmXpXXXXXXXXXX_!!853295102.jpg><img src=https://img.alicdn.com/imgextra/i1/853295102/TB2ARkObFXXXXX8XpXXXXXXXXXX_!!853295102.jpg><img src=https://img.alicdn.com/imgextra/i2/853295102/TB2xNQ2bFXXXXXiXXXXXXXXXXXX_!!853295102.jpg><img src=https://img.alicdn.com/imgextra/i2/853295102/TB26CcQbFXXXXXwXpXXXXXXXXXX_!!853295102.jpg><img src=https://img.alicdn.com/imgextra/i3/853295102/TB2iuARbFXXXXX8XpXXXXXXXXXX_!!853295102.jpg><img src=https://img.alicdn.com/imgextra/i2/853295102/TB2pn3VbFXXXXbcXXXXXXXXXXXX_!!853295102.jpg><img src=https://img.alicdn.com/imgextra/i1/853295102/TB2nU70bFXXXXXTXXXXXXXXXXXX_!!853295102.jpg><img src=https://img.alicdn.com/imgextra/i1/853295102/TB2WjkZbFXXXXajXXXXXXXXXXXX_!!853295102.jpg><img src=https://img.alicdn.com/imgextra/i1/853295102/TB2gWcQbFXXXXX0XpXXXXXXXXXX_!!853295102.jpg><img src=https://img.alicdn.com/imgextra/i1/853295102/TB2bYo2bFXXXXXrXXXXXXXXXXXX_!!853295102.jpg><img src=https://img.alicdn.com/imgextra/i3/853295102/TB2tKcKbFXXXXcoXpXXXXXXXXXX_!!853295102.jpg><img src=https://img.alicdn.com/imgextra/i2/853295102/TB2FcZUbFXXXXbNXXXXXXXXXXXX_!!853295102.jpg><img src=https://img.alicdn.com/imgextra/i1/853295102/TB2n.cJbFXXXXcjXpXXXXXXXXXX_!!853295102.jpg><img src=https://img.alicdn.com/imgextra/i3/853295102/TB2Ib7KbFXXXXcoXpXXXXXXXXXX_!!853295102.jpg><img src=https://img.alicdn.com/imgextra/i4/853295102/TB2IGgRbFXXXXXgXpXXXXXXXXXX_!!853295102.jpg><img src=https://img.alicdn.com/imgextra/i1/853295102/TB2H9sIbFXXXXaFXpXXXXXXXXXX_!!853295102.jpg><img src=https://img.alicdn.com/imgextra/i3/853295102/TB2MWI1bFXXXXX0XXXXXXXXXXXX_!!853295102.jpg><img src=https://img.alicdn.com/imgextra/i2/853295102/TB2X33MbFXXXXaFXpXXXXXXXXXX_!!853295102.jpg><img src=https://img.alicdn.com/imgextra/i4/853295102/TB2fI3UbFXXXXb2XXXXXXXXXXXX_!!853295102.gif><img src=https://img.alicdn.com/imgextra/i3/853295102/TB24wnNcXXXXXb0XpXXXXXXXXXX_!!853295102.jpg><img src=https://img.alicdn.com/imgextra/i4/853295102/TB2RGYUcXXXXXbgXXXXXXXXXXXX_!!853295102.jpg><img src=https://img.alicdn.com/imgextra/i4/853295102/TB2eg6YcXXXXXXPXXXXXXXXXXXX_!!853295102.jpg><img src=https://img.alicdn.com/imgextra/i3/853295102/TB2cYZ4cFXXXXaSXXXXXXXXXXXX_!!853295102.jpg><img src=https://img.alicdn.com/imgextra/i2/853295102/TB2hwwQcFXXXXabXpXXXXXXXXXX_!!853295102.jpg><img src=https://img.alicdn.com/imgextra/i4/853295102/TB2HtnTcXXXXXbCXXXXXXXXXXXX_!!853295102.jpg><img src=https://img.alicdn.com/imgextra/i2/853295102/TB2uOTOcXXXXXaMXpXXXXXXXXXX_!!853295102.jpg><img src=https://img.alicdn.com/imgextra/i1/853295102/TB2ud20cXXXXXXqXXXXXXXXXXXX_!!853295102.gif><img src=https://img.alicdn.com/imgextra/i4/853295102/TB2xjjPcXXXXXX2XpXXXXXXXXXX_!!853295102.jpg><img src=https://img.alicdn.com/imgextra/i4/853295102/TB2OvnScXXXXXcXXXXXXXXXXXXX_!!853295102.jpg><img src=https://img.alicdn.com/imgextra/i3/853295102/TB2A._PcXXXXXXpXpXXXXXXXXXX_!!853295102.jpg><img src=https://img.alicdn.com/imgextra/i1/853295102/TB2v8zRcXXXXXcIXXXXXXXXXXXX_!!853295102.jpg><img src=https://img.alicdn.com/imgextra/i4/853295102/TB2gRzYcXXXXXX6XXXXXXXXXXXX_!!853295102.jpg><img src=https://img.alicdn.com/imgextra/i4/853295102/TB2OFLTcXXXXXbUXXXXXXXXXXXX_!!853295102.jpg><img src=https://img.alicdn.com/imgextra/i1/853295102/TB21OfZcXXXXXXDXXXXXXXXXXXX_!!853295102.jpg><p>欢迎您的光临欢迎您的光临欢迎您的光临欢迎您的光临欢迎您的光临欢迎您的光临欢迎您的光临欢迎您的光临欢迎您的光临欢迎您的光临</p>','','images/201507/thumb_img/_thumb_P_1437504090569.jpg','','images/201507/goods_img/_P_1437504090539.jpg','','images/201507/source_img/_P_1437504090926.jpg',1,'',1,1,0,0,1437504076,100,1,1,1,1,0,10.0,0,1437508052,0,'',-1,-1,0,2,1,'',0,0,0.00,0,0),(20,1,'ECS000020','佳沛新西兰阳光金奇异果12个/进口猕猴桃/新鲜水果','+',2,0,'',1000,0.000,95.00,88.00,0.00,0,0,0,0,0,0,5,'猕猴桃,水果,奇异果','海水熟冻 不推荐清蒸 蟹黄饱满 2只实惠装','<h6 style=\"margin: 0px; padding: 0px; color: rgb(51, 51, 51); white-space: normal;\"><span style=\"font-family:Microsoft YaHei;font-size:medium;\">温馨提示</span></h6><h6><p style=\"font-weight: normal;\"><span style=\"color:#333333;white-space: normal;\"><span style=\"font-family:Microsoft YaHei;font-size:medium;\">新西兰绿奇异果软硬适中，为了保证奇异果的新鲜口感，请冷藏保存并尽快食用。</span></span></p><p><span style=\"font-weight: normal; white-space: normal;\"><span style=\"font-family:Microsoft YaHei;font-size:medium;color:#ff0000;\"><strong>净重：单重</strong></span></span><span style=\"font-family:Microsoft YaHei;font-size:medium;color:#ff0000;\"><span style=\"white-space: normal;\">90-100g</span></span><span style=\"color: rgb(255, 0, 0); font-family: &#39;Microsoft YaHei&#39;;font-size:medium; white-space: normal;\">。</span></p><p style=\"font-weight: normal;\"><span style=\"font-family: &#39;Microsoft YaHei&#39;;font-size:medium; color: rgb(255, 0, 0);\"><strong>友情提示：配送范围不包括乡镇村组等地哦~</strong></span></p></h6><p><img src=\"http://www.xjd.test/includes/ueditor/php/../../../bdimages/upload1/20150722/1437529633608340.jpg\" style=\"float:none;\" title=\"5440e1f5N3c5e5031.jpg\"/></p><p><img src=\"http://www.xjd.test/includes/ueditor/php/../../../bdimages/upload1/20150722/1437529633192696.jpg\" style=\"float:none;\" title=\"5440e1f7N46929db2.jpg\"/></p><p><img src=\"http://www.xjd.test/includes/ueditor/php/../../../bdimages/upload1/20150722/1437529633756929.jpg\" style=\"float:none;\" title=\"5440e1f8Ncdd0bf7d.jpg\"/></p><p><img src=\"http://www.xjd.test/includes/ueditor/php/../../../bdimages/upload1/20150722/1437529634167135.jpg\" style=\"float:none;\" title=\"5440e1faNa060702d.jpg\"/></p><p><br/></p>','','images/201507/thumb_img/20_thumb_G_1437504111409.jpg','','images/201507/goods_img/20_G_1437504111851.jpg','','images/201507/source_img/20_G_1437504111222.jpg',1,'',1,1,0,0,1437504111,100,0,1,1,0,0,10.0,0,1437585200,0,'',-1,-1,0,1,1,'',0,0,0.00,0,0),(21,8,'ECS000021','恩诺童新生儿奶瓶宝宝宽口径ppsu婴儿奶瓶带手柄防摔吸管硅胶奶嘴','+',0,0,'',1,0.000,237.60,198.00,0.00,0,0,0,0,0,0,1,'','','<p>颜色分类：【标配】200ML（3~6个月）,【标配】300ML（6个月以上）,【经济套餐】200ML另配L号奶嘴,【经济套餐】300ML另配M号奶嘴,【省心套餐】200ML另配L/V号奶嘴,【省心套餐】300ML另配M/V号奶嘴</p><p>品牌：Anantara/恩诺童</p><p>系列：美豆系列</p><p>容量：200mL</p><p>奶瓶是否带柄：带柄</p><p>材质：PPSU</p><p>商品条形码：6955932655665</p><p>口径大小：宽口径</p><p>形状：弧形</p><img src=https://assets.alicdn.com/kissy/1.0.0/build/imglazyload/spaceball.gif><img src=https://img.alicdn.com/imgextra/i3/1673142304/TB2LZSwdFXXXXc9XXXXXXXXXXXX_!!1673142304.jpg><img src=https://img.alicdn.com/imgextra/i3/1673142304/TB2ybAbdpXXXXaGXpXXXXXXXXXX_!!1673142304.jpg><img src=https://img.alicdn.com/imgextra/i3/1673142304/TB2v5ZddpXXXXahXpXXXXXXXXXX_!!1673142304.jpg><img src=https://img.alicdn.com/imgextra/i1/1673142304/TB2g67jdpXXXXbPXXXXXXXXXXXX_!!1673142304.jpg><img src=https://img.alicdn.com/imgextra/i4/1673142304/TB2q.UadpXXXXaqXpXXXXXXXXXX_!!1673142304.jpg><img src=https://img.alicdn.com/imgextra/i1/1673142304/TB2qkIkdpXXXXckXXXXXXXXXXXX_!!1673142304.jpg><img src=https://img.alicdn.com/imgextra/i3/1673142304/TB21oqlcVXXXXb5XXXXXXXXXXXX-1673142304.jpg><img src=https://img.alicdn.com/imgextra/i4/1673142304/TB2AESAcVXXXXXgXXXXXXXXXXXX-1673142304.jpg><img src=https://img.alicdn.com/imgextra/i4/1673142304/TB22_3EcXXXXXcbXXXXXXXXXXXX_!!1673142304.jpg><img src=https://img.alicdn.com/imgextra/i1/1673142304/TB2FqEBcXXXXXaaXpXXXXXXXXXX_!!1673142304.jpg><img src=https://img.alicdn.com/imgextra/i3/1673142304/TB2hoUncpXXXXXiXpXXXXXXXXXX_!!1673142304.jpg><img src=https://img.alicdn.com/imgextra/i3/1673142304/TB2Ut.mcpXXXXavXpXXXXXXXXXX_!!1673142304.jpg><img src=https://img.alicdn.com/imgextra/i2/1673142304/TB22PZBcXXXXXc9XXXXXXXXXXXX_!!1673142304.jpg><img src=https://img.alicdn.com/imgextra/i4/1673142304/TB2Wna1cVXXXXXAXXXXXXXXXXXX_!!1673142304.jpg><img src=https://img.alicdn.com/imgextra/i4/1673142304/TB21jozcXXXXXbiXpXXXXXXXXXX_!!1673142304.jpg><img src=https://img.alicdn.com/imgextra/i3/1673142304/TB29AoCcXXXXXXdXpXXXXXXXXXX_!!1673142304.jpg><img src=https://img.alicdn.com/imgextra/i3/1673142304/TB2n3EJcXXXXXXxXXXXXXXXXXXX_!!1673142304.jpg><img src=https://img.alicdn.com/imgextra/i4/1673142304/TB26iZzcXXXXXbrXpXXXXXXXXXX_!!1673142304.jpg><img src=https://img.alicdn.com/imgextra/i1/1673142304/TB2Ab7GcXXXXXa.XXXXXXXXXXXX_!!1673142304.jpg><img src=https://img.alicdn.com/imgextra/i2/1673142304/TB2KOmmaXXXXXafXXXXXXXXXXXX_!!1673142304.jpg><img src=https://img.alicdn.com/imgextra/i1/1673142304/TB2IJyfaXXXXXblXpXXXXXXXXXX_!!1673142304.jpg><img src=https://img.alicdn.com/imgextra/i2/1673142304/TB2kPumaXXXXXXWXXXXXXXXXXXX_!!1673142304.jpg><img src=https://img.alicdn.com/imgextra/i4/1673142304/TB201ymaXXXXXXYXXXXXXXXXXXX_!!1673142304.jpg><img src=https://img.alicdn.com/imgextra/i3/1673142304/TB2NCSacVXXXXXvXpXXXXXXXXXX-1673142304.jpg><img src=https://img.alicdn.com/imgextra/i4/1673142304/TB26s9ycVXXXXXTXXXXXXXXXXXX-1673142304.jpg>','','images/201507/thumb_img/_thumb_P_1437504166725.jpg','','images/201507/goods_img/_P_1437504166452.jpg','','images/201507/source_img/_P_1437504166051.jpg',1,'',1,1,0,0,1437504146,100,1,1,0,1,0,10.0,0,1437508052,0,'',-1,-1,0,2,1,'',0,0,0.00,0,0),(22,1,'ECS000022','美国空运车厘子 新鲜水果进口大樱桃 2斤装','+',0,0,'',1000,0.000,190.00,168.00,0.00,0,0,0,0,0,0,5,'猕猴桃,水果,奇异果','海水熟冻 不推荐清蒸 蟹黄饱满 2只实惠装','<h6 style=\"margin: 0px; padding: 0px; color: rgb(51, 51, 51); white-space: normal;\"><span style=\"font-family:Microsoft YaHei;font-size:medium;\">温馨提示</span></h6><h6><p style=\"font-weight: normal;\"><span style=\"color:#333333;white-space: normal;\"><span style=\"font-family:Microsoft YaHei;font-size:medium;\">新西兰绿奇异果软硬适中，为了保证奇异果的新鲜口感，请冷藏保存并尽快食用。</span></span></p><p><span style=\"font-weight: normal; white-space: normal;\"><span style=\"font-family:Microsoft YaHei;font-size:medium;color:#ff0000;\"><strong>净重：单重</strong></span></span><span style=\"font-family:Microsoft YaHei;font-size:medium;color:#ff0000;\"><span style=\"white-space: normal;\">90-100g</span></span><span style=\"color: rgb(255, 0, 0); font-family: &#39;Microsoft YaHei&#39;;font-size:medium; white-space: normal;\">。</span></p><p style=\"font-weight: normal;\"><span style=\"font-family: &#39;Microsoft YaHei&#39;;font-size:medium; color: rgb(255, 0, 0);\"><strong>友情提示：配送范围不包括乡镇村组等地哦~</strong></span></p></h6><p><img src=\"http://www.xjd.test/includes/ueditor/php/../../../bdimages/upload1/20150722/1437529633608340.jpg\" style=\"float:none;\" title=\"5440e1f5N3c5e5031.jpg\"/></p><p><img src=\"http://www.xjd.test/includes/ueditor/php/../../../bdimages/upload1/20150722/1437529633192696.jpg\" style=\"float:none;\" title=\"5440e1f7N46929db2.jpg\"/></p><p><img src=\"http://www.xjd.test/includes/ueditor/php/../../../bdimages/upload1/20150722/1437529633756929.jpg\" style=\"float:none;\" title=\"5440e1f8Ncdd0bf7d.jpg\"/></p><p><img src=\"http://www.xjd.test/includes/ueditor/php/../../../bdimages/upload1/20150722/1437529634167135.jpg\" style=\"float:none;\" title=\"5440e1faNa060702d.jpg\"/></p><p><br/></p>','','images/201507/thumb_img/22_thumb_G_1437504174862.jpg','','images/201507/goods_img/22_G_1437504174161.jpg','','images/201507/source_img/22_G_1437504174383.jpg',1,'',1,1,0,0,1437504174,100,0,1,0,0,0,10.0,0,1437504788,0,'',-1,-1,0,1,1,'',0,0,0.00,0,0),(23,1,'ECS000023','进口 新鲜水果 车厘子1000g','+',2,0,'',1000,0.000,220.00,198.00,0.00,0,0,0,0,0,0,5,'猕猴桃,水果,奇异果','海水熟冻 不推荐清蒸 蟹黄饱满 2只实惠装','<h6 style=\"margin: 0px; padding: 0px; color: rgb(51, 51, 51); white-space: normal;\"><span style=\"font-family:Microsoft YaHei;font-size:medium;\">温馨提示</span></h6><h6><p style=\"font-weight: normal;\"><span style=\"color:#333333;white-space: normal;\"><span style=\"font-family:Microsoft YaHei;font-size:medium;\">新西兰绿奇异果软硬适中，为了保证奇异果的新鲜口感，请冷藏保存并尽快食用。</span></span></p><p><span style=\"font-weight: normal; white-space: normal;\"><span style=\"font-family:Microsoft YaHei;font-size:medium;color:#ff0000;\"><strong>净重：单重</strong></span></span><span style=\"font-family:Microsoft YaHei;font-size:medium;color:#ff0000;\"><span style=\"white-space: normal;\">90-100g</span></span><span style=\"color: rgb(255, 0, 0); font-family: &#39;Microsoft YaHei&#39;;font-size:medium; white-space: normal;\">。</span></p><p style=\"font-weight: normal;\"><span style=\"font-family: &#39;Microsoft YaHei&#39;;font-size:medium; color: rgb(255, 0, 0);\"><strong>友情提示：配送范围不包括乡镇村组等地哦~</strong></span></p></h6><p><img src=\"http://www.xjd.test/includes/ueditor/php/../../../bdimages/upload1/20150722/1437529633608340.jpg\" style=\"float:none;\" title=\"5440e1f5N3c5e5031.jpg\"/></p><p><img src=\"http://www.xjd.test/includes/ueditor/php/../../../bdimages/upload1/20150722/1437529633192696.jpg\" style=\"float:none;\" title=\"5440e1f7N46929db2.jpg\"/></p><p><img src=\"http://www.xjd.test/includes/ueditor/php/../../../bdimages/upload1/20150722/1437529633756929.jpg\" style=\"float:none;\" title=\"5440e1f8Ncdd0bf7d.jpg\"/></p><p><img src=\"http://www.xjd.test/includes/ueditor/php/../../../bdimages/upload1/20150722/1437529634167135.jpg\" style=\"float:none;\" title=\"5440e1faNa060702d.jpg\"/></p><p><br/></p>','','images/201507/thumb_img/23_thumb_G_1437504225111.jpg','','images/201507/goods_img/23_G_1437504225952.jpg','','images/201507/source_img/23_G_1437504225032.jpg',1,'',1,1,0,0,1437504225,100,0,1,1,0,0,10.0,0,1437585197,0,'',-1,-1,0,1,1,'',0,0,0.00,0,0),(24,1,'ECS000024','悦胜 挪威超新鲜三文鱼 三文鱼中段刺身进口海鲜 广东2份包邮 三文鱼新鲜 500g','+',2,0,'',1000,0.000,95.00,78.00,0.00,0,0,0,0,0,0,5,'猕猴桃,水果,奇异果','海水熟冻 不推荐清蒸 蟹黄饱满 2只实惠装','<h6 style=\"margin: 0px; padding: 0px; color: rgb(51, 51, 51); white-space: normal;\"><span style=\"font-family:Microsoft YaHei;font-size:medium;\">温馨提示</span></h6><h6><p style=\"font-weight: normal;\"><span style=\"color:#333333;white-space: normal;\"><span style=\"font-family:Microsoft YaHei;font-size:medium;\">新西兰绿奇异果软硬适中，为了保证奇异果的新鲜口感，请冷藏保存并尽快食用。</span></span></p><p><span style=\"font-weight: normal; white-space: normal;\"><span style=\"font-family:Microsoft YaHei;font-size:medium;color:#ff0000;\"><strong>净重：单重</strong></span></span><span style=\"font-family:Microsoft YaHei;font-size:medium;color:#ff0000;\"><span style=\"white-space: normal;\">90-100g</span></span><span style=\"color: rgb(255, 0, 0); font-family: &#39;Microsoft YaHei&#39;;font-size:medium; white-space: normal;\">。</span></p><p style=\"font-weight: normal;\"><span style=\"font-family: &#39;Microsoft YaHei&#39;;font-size:medium; color: rgb(255, 0, 0);\"><strong>友情提示：配送范围不包括乡镇村组等地哦~</strong></span></p></h6><p><img src=\"http://www.xjd.test/includes/ueditor/php/../../../bdimages/upload1/20150722/1437529633608340.jpg\" style=\"float:none;\" title=\"5440e1f5N3c5e5031.jpg\"/></p><p><img src=\"http://www.xjd.test/includes/ueditor/php/../../../bdimages/upload1/20150722/1437529633192696.jpg\" style=\"float:none;\" title=\"5440e1f7N46929db2.jpg\"/></p><p><img src=\"http://www.xjd.test/includes/ueditor/php/../../../bdimages/upload1/20150722/1437529633756929.jpg\" style=\"float:none;\" title=\"5440e1f8Ncdd0bf7d.jpg\"/></p><p><img src=\"http://www.xjd.test/includes/ueditor/php/../../../bdimages/upload1/20150722/1437529634167135.jpg\" style=\"float:none;\" title=\"5440e1faNa060702d.jpg\"/></p><p><br/></p>','','images/201507/thumb_img/24_thumb_G_1437504375288.jpg','','images/201507/goods_img/24_G_1437504375419.jpg','','images/201507/source_img/24_G_1437504375381.jpg',1,'',1,1,0,0,1437504375,100,0,0,0,0,0,10.0,0,1437536384,0,'',-1,-1,0,1,1,'',0,1,0.00,0,0),(25,1,'ECS000025','蟹黄包180g 火锅丸子澳门豆捞食材蟹籽包 蟹子丸 海鲜水产 鱼丸蟹类制品','+',5,0,'',1000,0.000,22.00,19.00,0.00,0,0,0,0,0,0,5,'猕猴桃,水果,奇异果','海水熟冻 不推荐清蒸 蟹黄饱满 2只实惠装','<h6 style=\"margin: 0px; padding: 0px; color: rgb(51, 51, 51); white-space: normal;\"><span style=\"font-family:Microsoft YaHei;font-size:medium;\">温馨提示</span></h6><h6><p style=\"font-weight: normal;\"><span style=\"color:#333333;white-space: normal;\"><span style=\"font-family:Microsoft YaHei;font-size:medium;\">新西兰绿奇异果软硬适中，为了保证奇异果的新鲜口感，请冷藏保存并尽快食用。</span></span></p><p><span style=\"font-weight: normal; white-space: normal;\"><span style=\"font-family:Microsoft YaHei;font-size:medium;color:#ff0000;\"><strong>净重：单重</strong></span></span><span style=\"font-family:Microsoft YaHei;font-size:medium;color:#ff0000;\"><span style=\"white-space: normal;\">90-100g</span></span><span style=\"color: rgb(255, 0, 0); font-family: &#39;Microsoft YaHei&#39;;font-size:medium; white-space: normal;\">。</span></p><p style=\"font-weight: normal;\"><span style=\"font-family: &#39;Microsoft YaHei&#39;;font-size:medium; color: rgb(255, 0, 0);\"><strong>友情提示：配送范围不包括乡镇村组等地哦~</strong></span></p></h6><p><img src=\"http://www.xjd.test/includes/ueditor/php/../../../bdimages/upload1/20150722/1437529633608340.jpg\" style=\"float:none;\" title=\"5440e1f5N3c5e5031.jpg\"/></p><p><img src=\"http://www.xjd.test/includes/ueditor/php/../../../bdimages/upload1/20150722/1437529633192696.jpg\" style=\"float:none;\" title=\"5440e1f7N46929db2.jpg\"/></p><p><img src=\"http://www.xjd.test/includes/ueditor/php/../../../bdimages/upload1/20150722/1437529633756929.jpg\" style=\"float:none;\" title=\"5440e1f8Ncdd0bf7d.jpg\"/></p><p><img src=\"http://www.xjd.test/includes/ueditor/php/../../../bdimages/upload1/20150722/1437529634167135.jpg\" style=\"float:none;\" title=\"5440e1faNa060702d.jpg\"/></p><p><br/></p>','','images/201507/thumb_img/25_thumb_G_1437504443197.jpg','','images/201507/goods_img/25_G_1437504443800.jpg','','images/201507/source_img/25_G_1437504443731.jpg',1,'',1,1,0,0,1437504443,100,0,0,0,0,0,10.0,0,1437536356,0,'',-1,-1,0,1,1,'',0,1,0.00,0,0),(26,1,'ECS000026','韩国进口X-5花生夹心巧克力棒盒装（24根）864g','+',3,89,'',2001,0.000,95.00,79.00,0.00,0,0,0,0,0,0,5,'巧克力,零食,甜品,甜点','零食大牌远不止一种味道，购满6件立免1件','<p><img src=\"http://www.xjd.test/includes/ueditor/php/../../../bdimages/upload1/20150722/1437534693373515.jpg\" style=\"float:none;\" title=\"54ced12fN9ae6edd5.jpg\"/></p><p><img src=\"http://www.xjd.test/includes/ueditor/php/../../../bdimages/upload1/20150722/1437534693284224.jpg\" style=\"float:none;\" title=\"553db148N0383b5dd.jpg\"/></p><p><img src=\"http://www.xjd.test/includes/ueditor/php/../../../bdimages/upload1/20150722/1437534694380142.jpg\" style=\"float:none;\" title=\"5588f325Nbc38a815.jpg\"/></p><p><br/></p>','','images/201507/thumb_img/26_thumb_G_1437505984631.jpg','','images/201507/goods_img/26_G_1437505984267.jpg','','images/201507/source_img/26_G_1437505984122.jpg',1,'',1,1,0,0,1437505956,100,0,0,1,0,0,10.0,0,1437585258,0,'',-1,-1,0,0,0,'',0,1,0.00,0,0),(28,1,'ECS000028','进口费列罗巧克力礼盒DIY心形27粒【顺丰包邮】【代写贺卡】七夕礼物生日创意礼品','+',1,34,'',2000,0.000,144.00,120.00,0.00,0,0,0,0,0,0,5,'','温情盛夏，浪漫好礼助爱甜蜜！可指定日期发货，顺丰航空配送','<p><img src=\"http://www.xjd.test/includes/ueditor/php/../../../bdimages/upload1/20150722/1437534994479374.jpg\" style=\"float:none;\" title=\"54ced12fN9ae6edd5.jpg\"/></p><p><img src=\"http://www.xjd.test/includes/ueditor/php/../../../bdimages/upload1/20150722/1437534995122748.jpg\" style=\"float:none;\" title=\"553db148N0383b5dd.jpg\"/></p><p><img src=\"http://www.xjd.test/includes/ueditor/php/../../../bdimages/upload1/20150722/1437534996965374.jpg\" style=\"float:none;\" title=\"5588f325Nbc38a815.jpg\"/></p><p><br/></p>','','images/201507/thumb_img/28_thumb_G_1437506346326.jpg','','images/201507/goods_img/28_G_1437506346777.jpg','','images/201507/source_img/28_G_1437506346377.jpg',1,'',1,1,0,1,1437506140,100,0,0,1,1,0,10.0,0,1437522388,0,'',-1,-1,0,0,0,'',0,1,0.00,0,0),(27,1,'ECS000027','Ferrero/费列罗 意大利进口威化榛果巧克力30粒礼盒装 生日礼物送女友情人节','+',6,38,'',2000,0.000,95.00,79.00,0.00,0,0,0,0,0,0,5,'巧克力,零食,甜品,甜点','层层甄选 臻心臻意 爱的见证 巧克力让爱历久弥新 送佳人女友礼品','<p><img src=\"http://www.xjd.test/includes/ueditor/php/../../../bdimages/upload1/20150722/1437534693373515.jpg\" style=\"float:none;\" title=\"54ced12fN9ae6edd5.jpg\"/></p><p><img src=\"http://www.xjd.test/includes/ueditor/php/../../../bdimages/upload1/20150722/1437534693284224.jpg\" style=\"float:none;\" title=\"553db148N0383b5dd.jpg\"/></p><p><img src=\"http://www.xjd.test/includes/ueditor/php/../../../bdimages/upload1/20150722/1437534694380142.jpg\" style=\"float:none;\" title=\"5588f325Nbc38a815.jpg\"/></p><p><br/></p>','','images/201507/thumb_img/27_thumb_G_1437506372309.jpg','','images/201507/goods_img/27_G_1437506372893.jpg','','images/201507/source_img/27_G_1437506372835.jpg',1,'',1,1,0,0,1437506096,100,0,0,1,0,0,10.0,0,1437585257,0,'',-1,-1,0,0,0,'',0,1,0.00,0,0),(29,1,'ECS000029','意大利费列罗巧克力食品进口零食礼盒576粒整箱装结婚喜糖','+',6,47,'',1999,0.000,456.00,380.00,320.00,1435651200,1448784000,1,2,1437379200,1448784000,5,'巧克力,零食,甜品,甜点','层层甄选 臻心臻意 爱的见证 巧克力让爱历久弥新 送佳人女友礼品','<p><img src=\"http://www.xjd.test/includes/ueditor/php/../../../bdimages/upload1/20150722/1437534693373515.jpg\" style=\"float:none;\" title=\"54ced12fN9ae6edd5.jpg\"/></p><p><img src=\"http://www.xjd.test/includes/ueditor/php/../../../bdimages/upload1/20150722/1437534693284224.jpg\" style=\"float:none;\" title=\"553db148N0383b5dd.jpg\"/></p><p><img src=\"http://www.xjd.test/includes/ueditor/php/../../../bdimages/upload1/20150722/1437534694380142.jpg\" style=\"float:none;\" title=\"5588f325Nbc38a815.jpg\"/></p><p><br/></p>','','images/201507/thumb_img/29_thumb_G_1437506331258.jpg','','images/201507/goods_img/29_G_1437506331520.jpg','','images/201507/source_img/29_G_1437506331121.jpg',1,'',1,1,0,3,1437506293,100,0,1,1,1,1,8.4,0,1437585286,0,'',-1,-1,0,0,0,'',0,1,0.00,0,0),(30,1,'ECS000030','日本进口 KRACIE（KRACIE）牌玫瑰香味糖果32g','+',16,49,'',1999,0.000,14.39,12.00,9.90,1435651200,1448784000,1,2,1437379200,1448784000,5,'巧克力,零食,甜品,甜点','层层甄选 臻心臻意 爱的见证 巧克力让爱历久弥新 送佳人女友礼品','<p><img src=\"http://www.xjd.test/includes/ueditor/php/../../../bdimages/upload1/20150722/1437534693373515.jpg\" style=\"float:none;\" title=\"54ced12fN9ae6edd5.jpg\"/></p><p><img src=\"http://www.xjd.test/includes/ueditor/php/../../../bdimages/upload1/20150722/1437534693284224.jpg\" style=\"float:none;\" title=\"553db148N0383b5dd.jpg\"/></p><p><img src=\"http://www.xjd.test/includes/ueditor/php/../../../bdimages/upload1/20150722/1437534694380142.jpg\" style=\"float:none;\" title=\"5588f325Nbc38a815.jpg\"/></p><p><br/></p>','','images/201507/thumb_img/30_thumb_G_1437506667557.jpg','','images/201507/goods_img/30_G_1437506667848.jpg','','images/201507/source_img/30_G_1437506667383.jpg',1,'',1,1,0,0,1437506467,100,0,1,1,1,1,8.3,0,1437585280,0,'',-1,-1,0,0,0,'',0,1,0.00,0,0),(31,1,'ECS000031','台湾进口 百年老店糖之坊夏威夷果牛轧糖奶糖（蔓越莓味）120克','+',13,100,'',2001,0.000,42.00,35.00,29.00,1435651200,1448784000,1,2,1437379200,1448784000,5,'巧克力,零食,甜品,甜点','层层甄选 臻心臻意 爱的见证 巧克力让爱历久弥新 送佳人女友礼品','<p><img src=\"http://www.xjd.test/includes/ueditor/php/../../../bdimages/upload1/20150722/1437534693373515.jpg\" style=\"float:none;\" title=\"54ced12fN9ae6edd5.jpg\"/></p><p><img src=\"http://www.xjd.test/includes/ueditor/php/../../../bdimages/upload1/20150722/1437534693284224.jpg\" style=\"float:none;\" title=\"553db148N0383b5dd.jpg\"/></p><p><img src=\"http://www.xjd.test/includes/ueditor/php/../../../bdimages/upload1/20150722/1437534694380142.jpg\" style=\"float:none;\" title=\"5588f325Nbc38a815.jpg\"/></p><p><br/></p>','','images/201507/thumb_img/31_thumb_G_1437506821290.jpg','','images/201507/goods_img/31_G_1437506821921.jpg','','images/201507/source_img/31_G_1437506821201.jpg',1,'',1,1,0,0,1437506811,100,0,0,1,0,1,8.3,0,1437585253,0,'',-1,-1,0,0,0,'',0,0,0.00,0,0),(32,1,'ECS000032','Lindt瑞士莲黑巧克力特醇排装德国进口 70%可可黑巧克力10块组合 特惠分享装','+',16,51,'',2000,0.000,350.00,299.00,260.00,1435651200,1448784000,1,2,1437379200,1448784000,5,'巧克力,零食,甜品,甜点','层层甄选 臻心臻意 爱的见证 巧克力让爱历久弥新 送佳人女友礼品','<p><img src=\"http://www.xjd.test/includes/ueditor/php/../../../bdimages/upload1/20150722/1437534693373515.jpg\" style=\"float:none;\" title=\"54ced12fN9ae6edd5.jpg\"/></p><p><img src=\"http://www.xjd.test/includes/ueditor/php/../../../bdimages/upload1/20150722/1437534693284224.jpg\" style=\"float:none;\" title=\"553db148N0383b5dd.jpg\"/></p><p><img src=\"http://www.xjd.test/includes/ueditor/php/../../../bdimages/upload1/20150722/1437534694380142.jpg\" style=\"float:none;\" title=\"5588f325Nbc38a815.jpg\"/></p><p><br/></p>','','images/201507/thumb_img/32_thumb_G_1437506920994.jpg','','images/201507/goods_img/32_G_1437506920632.jpg','','images/201507/source_img/32_G_1437506920698.jpg',1,'',1,1,0,2,1437506893,100,0,0,1,0,1,8.7,0,1437585254,0,'',-1,-1,0,0,0,'',0,0,0.00,0,0),(33,2,'ECS000033','夏装新款修身假两件无袖绣花蕾丝连衣裙','+',4,53,'',100,0.000,334.80,279.00,0.00,0,0,0,0,0,0,1,'','','','','images/201507/thumb_img/33_thumb_G_1437507221390.jpg','','images/201507/goods_img/33_G_1437507221424.jpg','','images/201507/source_img/33_G_1437507221736.jpg',1,'',1,1,0,0,1437507221,100,0,1,1,0,0,10.0,0,1437522390,0,'',-1,-1,0,5,1,'',0,0,0.00,0,0),(34,2,'ECS000034','夏装甜美爱心提花蕾丝连衣裙女 宽松欧根纱背心裙','+',11,60,'',379,0.000,441.59,368.00,299.00,1435651200,1474444800,0,0,0,0,1,'','','','','images/201507/thumb_img/34_thumb_G_1437507487587.jpg','','images/201507/goods_img/34_G_1437507487319.jpg','','images/201507/source_img/34_G_1437507487060.jpg',1,'',1,1,0,0,1437507487,100,0,1,1,0,1,8.1,0,1437523875,2,'',-1,-1,0,5,1,'',0,0,0.00,0,0),(35,8,'ECS000035','米妮哈鲁童装2015夏装新款女童韩版蕾丝连衣裙碎花公主裙','+',4,103,'',43451,0.000,178.79,149.00,0.00,0,0,0,0,0,0,1,'','','','','images/201507/thumb_img/35_thumb_G_1437508751067.jpg','','images/201507/goods_img/35_G_1437508751807.jpg','','images/201507/source_img/35_G_1437508751871.jpg',1,'',1,1,0,0,1437508226,100,0,1,1,1,0,10.0,0,1437519817,0,'',-1,-1,0,2,1,'',0,0,0.00,0,0),(36,2,'ECS000036','荷叶边欧根纱刺绣短袖镂空蕾丝连衣裙 夏韩系小香风短裙A字连衣裙','+',1,54,'',426,0.000,237.60,198.00,0.00,0,0,0,0,0,0,1,'','','','','images/201507/thumb_img/36_thumb_G_1437508564664.jpg','','images/201507/goods_img/36_G_1437508564984.jpg','','images/201507/source_img/36_G_1437508564994.jpg',1,'',1,1,0,0,1437508564,100,0,1,1,0,0,10.0,0,1437523875,2,'',-1,-1,0,5,1,'',0,0,0.00,0,0),(37,8,'ECS000037','笛莎（DEESHA）新品女童儿童装纯洁清新气质','+',1,12,'',541,0.000,321.59,268.00,0.00,0,0,0,0,0,0,1,'','','','','images/201507/thumb_img/37_thumb_G_1437508806047.jpg','','images/201507/goods_img/37_G_1437508806794.jpg','','images/201507/source_img/37_G_1437508806825.jpg',1,'',1,1,0,0,1437508806,100,0,1,1,1,0,10.0,0,1437519782,0,'',-1,-1,0,2,1,'',0,0,0.00,0,0),(38,2,'ECS000038','高端2015夏装新款修身淑坊女女装蕾丝短袖复古森女连衣裙装','+',10,61,'',1587,0.000,213.60,178.00,0.00,0,0,0,0,0,0,1,'','','','','images/201507/thumb_img/38_thumb_G_1437514275132.jpg','','images/201507/goods_img/38_G_1437514275476.jpg','','images/201507/source_img/38_G_1437514275372.jpg',1,'',1,1,0,0,1437508918,100,0,1,1,0,0,10.0,0,1437523873,2,'',-1,-1,0,5,1,'',0,1,0.00,0,0),(39,8,'ECS000039','斯乃纳至悦精品中童鞋 女童皮鞋高跟蝴蝶结公主鞋','+',1,63,'',7551,0.000,478.79,399.00,0.00,0,0,0,0,0,0,1,'','','','','images/201507/thumb_img/39_thumb_G_1437515362083.jpg','','images/201507/goods_img/39_G_1437515362656.jpg','','images/201507/source_img/39_G_1437515362313.jpg',1,'',1,1,0,0,1437515362,100,0,1,1,1,0,10.0,0,1437519724,0,'',-1,-1,0,2,1,'',0,0,0.00,0,0),(40,2,'ECS000040','伊芙丽秋装新款翻领小西装女 2015新款 西装外套女春秋','+',1,61,'',199,0.000,358.80,299.00,0.00,0,0,0,0,0,0,1,'','','','','images/201507/thumb_img/40_thumb_G_1437515363345.jpg','','images/201507/goods_img/40_G_1437515363363.jpg','','images/201507/source_img/40_G_1437515363880.jpg',1,'',1,1,0,0,1437515363,100,0,1,0,0,0,10.0,0,1437523869,2,'',-1,-1,0,5,1,'',0,1,0.00,0,0),(41,8,'ECS000041','小金蛋女宝宝皮鞋夏真皮女童秋鞋公主鞋','+',0,80,'',1867,0.000,118.80,99.00,0.00,0,0,0,0,0,0,1,'','','','','images/201507/thumb_img/41_thumb_G_1437515470354.jpg','','images/201507/goods_img/41_G_1437515470233.jpg','','images/201507/source_img/41_G_1437515470929.jpg',1,'',1,1,0,0,1437515470,100,0,1,1,1,0,10.0,0,1437519711,0,'',-1,-1,0,2,1,'',0,0,0.00,0,0),(42,2,'ECS000042','2015新款修身开衫短款七分袖小西装女薄网纱披肩防晒衫小外套女夏','+',5,58,'',289,0.000,310.80,259.00,0.00,0,0,0,0,0,0,1,'','','','','images/201507/thumb_img/42_thumb_G_1437515742056.jpg','','images/201507/goods_img/42_G_1437515742014.jpg','','images/201507/source_img/42_G_1437515742091.jpg',1,'',1,1,0,0,1437515742,100,0,1,1,0,0,10.0,0,1437523856,2,'',-1,-1,0,5,1,'',0,1,0.00,0,0),(43,8,'ECS000043','恩诺童新生儿奶瓶宝宝宽口径ppsu婴儿奶瓶','+',2,0,'',676,0.000,70.80,59.00,0.00,0,0,0,0,0,0,1,'','','','','images/201507/thumb_img/43_thumb_G_1437515785217.jpg','','images/201507/goods_img/43_G_1437515785811.jpg','','images/201507/source_img/43_G_1437515785109.jpg',1,'',1,1,0,0,1437515785,100,0,1,1,1,0,10.0,0,1437585303,0,'',-1,-1,0,2,1,'',0,0,0.00,0,0),(44,8,'ECS000044','第七公社 一家三口亲子装夏装2015卡通人物','+',0,97,'',7888,0.000,82.80,69.00,0.00,0,0,0,0,0,0,1,'','','','','images/201507/thumb_img/44_thumb_G_1437515947214.jpg','','images/201507/goods_img/44_G_1437515947776.jpg','','images/201507/source_img/44_G_1437515947964.jpg',1,'',1,1,0,0,1437515947,100,0,1,1,0,0,10.0,0,1437519681,2,'',-1,-1,0,2,1,'',0,0,0.00,0,0),(45,2,'ECS000045','2015夏装韩版修身白色小西装女薄外套','+',1,55,'',298,0.000,478.79,399.00,0.00,0,0,0,0,0,0,1,'','','','','images/201507/thumb_img/45_thumb_G_1437516035103.jpg','','images/201507/goods_img/45_G_1437516035242.jpg','','images/201507/source_img/45_G_1437516035343.jpg',1,'',1,1,0,0,1437516035,100,0,1,1,0,0,10.0,0,1437522380,2,'',-1,-1,0,5,1,'',0,1,0.00,0,0),(46,2,'ECS000046','2015夏季小西装女外套夏装薄款韩版修身短款小西服','+',3,54,'',288,0.000,255.60,213.00,0.00,0,0,0,0,0,0,1,'','','','','images/201507/thumb_img/46_thumb_G_1437516342367.jpg','','images/201507/goods_img/46_G_1437516342595.jpg','','images/201507/source_img/46_G_1437516342754.jpg',1,'',1,1,0,0,1437516342,100,0,1,1,0,0,10.0,0,1437522374,2,'',-1,-1,0,5,1,'',0,1,0.00,0,0),(47,8,'ECS000047','大男童春秋马甲童装 男童西装纯棉','+',3,96,'',109,0.000,142.79,119.00,0.00,0,0,0,0,0,0,1,'','','','','images/201507/thumb_img/47_thumb_G_1437516432274.jpg','','images/201507/goods_img/47_G_1437516432237.jpg','','images/201507/source_img/47_G_1437516432308.jpg',1,'',1,1,0,0,1437516432,100,0,1,0,0,0,10.0,0,1437519864,2,'',-1,-1,0,2,1,'',0,0,0.00,0,0),(48,8,'ECS000048','安踏品牌童装男童短袖POLO衫运动服','+',2,7,'',1545,0.000,130.79,109.00,0.00,0,0,0,0,0,0,1,'','','','','images/201507/thumb_img/48_thumb_G_1437516602245.jpg','','images/201507/goods_img/48_G_1437516602068.jpg','','images/201507/source_img/48_G_1437516602808.jpg',1,'',1,1,0,0,1437516602,100,0,1,0,0,0,10.0,0,1437519863,2,'',-1,-1,0,2,1,'',0,0,0.00,0,0),(49,8,'ECS000049','安琦诺 夏装新品孕妇装 韩版休闲外出服喂奶衣套装','+',4,103,'',4000,0.000,153.60,128.00,0.00,0,0,0,0,0,0,1,'','','','','images/201507/thumb_img/49_thumb_G_1437517210470.jpg','','images/201507/goods_img/49_G_1437517210279.jpg','','images/201507/source_img/49_G_1437517210352.jpg',1,'',1,1,0,0,1437517210,100,0,0,1,0,0,10.0,0,1437585268,2,'',-1,-1,0,2,1,'',0,0,0.00,0,0),(50,1,'ECS000050','坚果炒货零食特产扁桃仁235gx2袋','+',6,46,'',65535,0.000,63.48,52.90,0.00,0,0,0,0,0,0,1,'','','<p><img title=\"54ced12fN9ae6edd5.jpg\" style=\"FLOAT: none\" src=\"http://www.xjd.test/includes/ueditor/php/../../../images/image/12721437549254.jpg\"/></p><p><img title=\"553db148N0383b5dd.jpg\" style=\"FLOAT: none\" src=\"http://www.xjd.test/includes/ueditor/php/../../../images/image/27821437549254.jpg\"/></p><p><img title=\"5588f325Nbc38a815.jpg\" style=\"FLOAT: none\" src=\"http://www.xjd.test/includes/ueditor/php/../../../images/image/53751437549254.jpg\"/></p><p><br/></p><p></p>','','images/201507/thumb_img/50_thumb_G_1437520471871.jpg','','images/201507/goods_img/50_G_1437520471417.jpg','','images/201507/source_img/50_G_1437520471409.jpg',1,'',1,1,0,0,1437519256,100,0,0,0,0,0,10.0,0,1437585250,0,'',-1,-1,0,0,0,'',0,0,0.00,0,0),(51,2,'ECS000051','高端2015夏装新款修身淑坊女女装蕾丝短袖复女连衣裙装','+',16,60,'',188,0.000,238.79,199.00,0.00,0,0,0,0,0,0,1,'','','','','images/201507/thumb_img/51_thumb_G_1437519866381.jpg','','images/201507/goods_img/51_G_1437519866130.jpg','','images/201507/source_img/51_G_1437519866922.jpg',1,'',1,1,0,1,1437519674,100,0,0,1,0,0,10.0,0,1437583683,2,'',-1,-1,0,0,0,'',0,1,0.00,0,0),(52,1,'ECS000052','昆仑玉红枣 和田香枣二级500g 新疆特产 免洗零食 和田大枣子','+',4,48,'',65535,0.000,28.00,0.00,0.00,0,0,0,0,0,0,1,'','','<p><img title=\"54ced12fN9ae6edd5.jpg\" style=\"FLOAT: none\" src=\"http://www.xjd.test/includes/ueditor/php/../../../images/image/51691437549225.jpg\"/></p><p><img title=\"553db148N0383b5dd.jpg\" style=\"FLOAT: none\" src=\"http://www.xjd.test/includes/ueditor/php/../../../images/image/47531437549225.jpg\"/></p><p><img title=\"5588f325Nbc38a815.jpg\" style=\"FLOAT: none\" src=\"http://www.xjd.test/includes/ueditor/php/../../../images/image/36321437549225.jpg\"/></p><p><br/></p><p></p>','','images/201507/thumb_img/52_thumb_G_1437520436446.jpg','','images/201507/goods_img/52_G_1437520436411.jpg','','images/201507/source_img/52_G_1437520436338.jpg',1,'',1,1,0,0,1437519847,100,0,0,1,0,0,10.0,0,1437585250,0,'',-1,-1,0,0,0,'',0,0,0.00,0,0),(53,1,'ECS000053','南非进口西柚8个约300-330g/个红心柚子新鲜红宝石柚子','+',2,45,'',2000,0.000,46.80,39.00,0.00,0,0,0,0,0,0,1,'','','<p><img title=\"54ced12fN9ae6edd5.jpg\" style=\"FLOAT: none\" src=\"http://www.xjd.test/includes/ueditor/php/../../../images/image/6091437549171.jpg\"/></p><p><img title=\"553db148N0383b5dd.jpg\" style=\"FLOAT: none\" src=\"http://www.xjd.test/includes/ueditor/php/../../../images/image/49071437549171.jpg\"/></p><p><img title=\"5588f325Nbc38a815.jpg\" style=\"FLOAT: none\" src=\"http://www.xjd.test/includes/ueditor/php/../../../images/image/39021437549171.jpg\"/></p><p><br/></p><p></p>','','images/201507/thumb_img/53_thumb_G_1437520392491.jpg','','images/201507/goods_img/53_G_1437520392202.jpg','','images/201507/source_img/53_G_1437520392562.jpg',1,'',1,1,0,0,1437519930,100,0,0,1,0,0,10.0,0,1437520662,0,'',-1,-1,0,0,0,'',0,0,0.00,0,0),(54,1,'ECS000054','墨西哥牛油果9个 牛油果 鳄梨 牛油果水果 21-24号发','+',4,0,'',2000,0.000,96.00,80.00,0.00,0,0,0,0,0,0,5,'','','<p><img title=\"54ced12fN9ae6edd5.jpg\" style=\"FLOAT: none\" src=\"http://www.xjd.test/includes/ueditor/php/../../../images/image/71651437549132.jpg\"/></p><p><img title=\"553db148N0383b5dd.jpg\" style=\"FLOAT: none\" src=\"http://www.xjd.test/includes/ueditor/php/../../../images/image/54251437549133.jpg\"/></p><p><img title=\"5588f325Nbc38a815.jpg\" style=\"FLOAT: none\" src=\"http://www.xjd.test/includes/ueditor/php/../../../images/image/75721437549133.jpg\"/></p><p><br/></p><p></p>','','images/201507/thumb_img/54_thumb_G_1437520360548.jpg','','images/201507/goods_img/54_G_1437520360362.jpg','','images/201507/source_img/54_G_1437520360538.jpg',1,'',1,1,0,0,1437520142,100,0,0,1,0,0,10.0,0,1437520496,0,'',-1,-1,0,0,0,'',0,0,0.00,0,0),(55,1,'ECS000055','嘉云糖 300g玻璃罐装 水果硬糖 喜糖 德国进口','+',0,50,'',2000,0.000,45.00,38.00,0.00,0,0,0,0,0,0,5,'','温情盛夏，浪漫好礼助爱甜蜜！可指定日期发货，顺丰航空配送','<p><img src=\"http://www.xjd.test/includes/ueditor/php/../../../bdimages/upload1/20150722/1437534994479374.jpg\" style=\"float:none;\" title=\"54ced12fN9ae6edd5.jpg\"/></p><p><img src=\"http://www.xjd.test/includes/ueditor/php/../../../bdimages/upload1/20150722/1437534995122748.jpg\" style=\"float:none;\" title=\"553db148N0383b5dd.jpg\"/></p><p><img src=\"http://www.xjd.test/includes/ueditor/php/../../../bdimages/upload1/20150722/1437534996965374.jpg\" style=\"float:none;\" title=\"5588f325Nbc38a815.jpg\"/></p><p><br/></p>','','images/201507/thumb_img/55_thumb_G_1437520599834.jpg','','images/201507/goods_img/55_G_1437520599346.jpg','','images/201507/source_img/55_G_1437520599493.jpg',1,'',1,1,0,0,1437520567,100,0,0,1,1,0,10.0,0,1437522391,0,'',-1,-1,0,0,0,'',0,0,0.00,0,0),(56,2,'ECS000056','2015新品真丝睡衣女款可爱娃娃衫家居服春秋桑蚕丝睡裙','+',2,80,'',1000,0.000,238.79,199.00,0.00,0,0,0,0,0,0,1,'','','<p><img src=\"http://www.xjd.test/includes/ueditor/php/../../../bdimages/upload1/20150722/1437549533788342.jpg\" style=\"float:none;\" title=\"1.jpg\"/></p><p><img src=\"http://www.xjd.test/includes/ueditor/php/../../../bdimages/upload1/20150722/1437549534119253.jpg\" style=\"float:none;\" title=\"2.jpg\"/></p><p><img src=\"http://www.xjd.test/includes/ueditor/php/../../../bdimages/upload1/20150722/1437549534241236.jpg\" style=\"float:none;\" title=\"3.jpg\"/></p><p><img src=\"http://www.xjd.test/includes/ueditor/php/../../../bdimages/upload1/20150722/1437549535255049.jpg\" style=\"float:none;\" title=\"4.jpg\"/></p><p><img src=\"http://www.xjd.test/includes/ueditor/php/../../../bdimages/upload1/20150722/1437549535120988.jpg\" style=\"float:none;\" title=\"5.jpg\"/></p><p style=\"text-align: center;\"><br/></p>','','images/201507/thumb_img/56_thumb_G_1437520837769.jpg','','images/201507/goods_img/56_G_1437520837304.jpg','','images/201507/source_img/56_G_1437520837551.jpg',1,'',1,1,0,1,1437520572,100,0,0,1,0,0,10.0,0,1437520842,2,'',-1,-1,0,0,0,'',0,1,0.00,0,0),(57,5,'ECS000057','Haier/海尔 BCD-216SDN/216L/三门 节能 家用 冷藏冷冻 电冰箱','+',1,66,'',65535,0.000,2158.79,1799.00,0.00,0,0,0,0,0,0,1,'','','<p><img title=\"54ced12fN9ae6edd5.jpg\" style=\"FLOAT: none\" src=\"http://www.xjd.test/includes/ueditor/php/../../../images/image/13631437549431.jpg\"/></p><p><img title=\"553db148N0383b5dd.jpg\" style=\"FLOAT: none\" src=\"http://www.xjd.test/includes/ueditor/php/../../../images/image/70131437549431.jpg\"/></p><p><img title=\"5588f325Nbc38a815.jpg\" style=\"FLOAT: none\" src=\"http://www.xjd.test/includes/ueditor/php/../../../images/image/64261437549431.jpg\"/></p><p><br/></p><p>&nbsp;</p><p></p>','','images/201507/thumb_img/57_thumb_G_1437520695425.jpg','','images/201507/goods_img/57_G_1437520695399.jpg','','images/201507/source_img/57_G_1437520695435.jpg',1,'',1,1,0,17,1437520605,100,1,0,1,0,0,10.0,0,1437520698,0,'',-1,-1,0,0,0,'',0,0,0.00,0,0),(58,5,'ECS000058','KFR-35GW/ERVMN3z 大1.5匹壁挂式冷暖空调挂机','+',1,72,'',65535,0.000,3358.79,2799.00,0.00,0,0,0,0,0,0,1,'','','<p><img title=\"54ced12fN9ae6edd5.jpg\" style=\"FLOAT: none\" src=\"http://www.xjd.test/includes/ueditor/php/../../../images/image/13631437549431.jpg\"/></p><p><img title=\"553db148N0383b5dd.jpg\" style=\"FLOAT: none\" src=\"http://www.xjd.test/includes/ueditor/php/../../../images/image/70131437549431.jpg\"/></p><p><img title=\"5588f325Nbc38a815.jpg\" style=\"FLOAT: none\" src=\"http://www.xjd.test/includes/ueditor/php/../../../images/image/64261437549431.jpg\"/></p><p><br/></p><p>&nbsp;</p><p></p>','','images/201507/thumb_img/58_thumb_G_1437520784330.jpg','','images/201507/goods_img/58_G_1437520784326.jpg','','images/201507/source_img/58_G_1437520784525.jpg',1,'',1,1,0,27,1437520773,100,1,0,1,0,0,10.0,0,1437520805,0,'',-1,-1,0,0,0,'',0,0,0.00,0,0),(59,5,'ECS000059','Robam/老板26A5+7B16时尚侧吸烟灶套装抽油烟机燃气灶','+',2,69,'',65535,0.000,5206.80,4339.00,0.00,0,0,0,0,0,0,1,'','','<p><img title=\"54ced12fN9ae6edd5.jpg\" style=\"FLOAT: none\" src=\"http://www.xjd.test/includes/ueditor/php/../../../images/image/13631437549431.jpg\"/></p><p><img title=\"553db148N0383b5dd.jpg\" style=\"FLOAT: none\" src=\"http://www.xjd.test/includes/ueditor/php/../../../images/image/70131437549431.jpg\"/></p><p><img title=\"5588f325Nbc38a815.jpg\" style=\"FLOAT: none\" src=\"http://www.xjd.test/includes/ueditor/php/../../../images/image/64261437549431.jpg\"/></p><p><br/></p><p>&nbsp;</p><p></p>','','images/201507/thumb_img/59_thumb_G_1437520891840.jpg','','images/201507/goods_img/59_G_1437520891279.jpg','','images/201507/source_img/59_G_1437520891954.jpg',1,'',1,1,0,43,1437520877,100,1,0,1,0,0,10.0,0,1437520901,0,'',-1,-1,0,0,0,'',0,0,0.00,0,0),(60,1,'ECS000060','德国 进口牛奶 欧德堡（Oldenburger）超高温处理全脂纯牛奶1L*12','+',1,44,'',2000,0.000,130.00,119.00,0.00,0,0,0,0,0,0,5,'巧克力,零食,甜品,甜点','层层甄选 臻心臻意 爱的见证 巧克力让爱历久弥新 送佳人女友礼品','<p><img src=\"http://www.xjd.test/includes/ueditor/php/../../../bdimages/upload1/20150722/1437534693373515.jpg\" style=\"float:none;\" title=\"54ced12fN9ae6edd5.jpg\"/></p><p><img src=\"http://www.xjd.test/includes/ueditor/php/../../../bdimages/upload1/20150722/1437534693284224.jpg\" style=\"float:none;\" title=\"553db148N0383b5dd.jpg\"/></p><p><img src=\"http://www.xjd.test/includes/ueditor/php/../../../bdimages/upload1/20150722/1437534694380142.jpg\" style=\"float:none;\" title=\"5588f325Nbc38a815.jpg\"/></p><p><br/></p>','','images/201507/thumb_img/60_thumb_G_1437520982494.jpg','','images/201507/goods_img/60_G_1437520982562.jpg','','images/201507/source_img/60_G_1437520982584.jpg',1,'',1,1,0,1,1437520972,100,0,0,1,0,0,10.0,0,1437521087,0,'',-1,-1,0,0,0,'',0,1,0.00,0,0),(61,5,'ECS000061','Max70智能3D彩电网络平板电视','+',3,28,'',65535,0.000,2826.00,2355.00,0.00,0,0,0,0,0,0,1,'','','<p><img title=\"54ced12fN9ae6edd5.jpg\" style=\"FLOAT: none\" src=\"http://www.xjd.test/includes/ueditor/php/../../../images/image/98741437549833.jpg\"/></p><p><img title=\"553db148N0383b5dd.jpg\" style=\"FLOAT: none\" src=\"http://www.xjd.test/includes/ueditor/php/../../../images/image/49301437549833.jpg\"/></p><p><img title=\"5588f325Nbc38a815.jpg\" style=\"FLOAT: none\" src=\"http://www.xjd.test/includes/ueditor/php/../../../images/image/34281437549833.jpg\"/></p><p><br/></p><p></p>','','images/201507/thumb_img/61_thumb_G_1437520995015.jpg','','images/201507/goods_img/61_G_1437520995056.jpg','','images/201507/source_img/61_G_1437520995636.jpg',1,'',1,1,0,23,1437520979,100,1,1,1,0,0,10.0,0,1437521140,0,'',-1,-1,0,0,0,'',0,0,0.00,0,0),(62,1,'ECS000062','澳大利亚 进口牛奶 德运（Devondale） 全脂牛奶 1L*10 整箱装','+',2,0,'',2000,0.000,118.80,99.00,0.00,0,0,0,0,0,0,5,'巧克力,零食,甜品,甜点','层层甄选 臻心臻意 爱的见证 巧克力让爱历久弥新 送佳人女友礼品','<p><img src=\"http://www.xjd.test/includes/ueditor/php/../../../bdimages/upload1/20150722/1437534693373515.jpg\" style=\"float:none;\" title=\"54ced12fN9ae6edd5.jpg\"/></p><p><img src=\"http://www.xjd.test/includes/ueditor/php/../../../bdimages/upload1/20150722/1437534693284224.jpg\" style=\"float:none;\" title=\"553db148N0383b5dd.jpg\"/></p><p><img src=\"http://www.xjd.test/includes/ueditor/php/../../../bdimages/upload1/20150722/1437534694380142.jpg\" style=\"float:none;\" title=\"5588f325Nbc38a815.jpg\"/></p><p><br/></p>','','images/201507/thumb_img/62_thumb_G_1437521071878.jpg','','images/201507/goods_img/62_G_1437521071229.jpg','','images/201507/source_img/62_G_1437521071850.jpg',1,'',1,1,0,0,1437521058,100,0,0,1,0,0,10.0,0,1437521086,0,'',-1,-1,0,0,0,'',0,1,0.00,0,0),(63,2,'ECS000063','真丝睡衣女士夏季桑蚕丝绸春秋家居服性感吊带睡裙','+',5,0,'',1000,0.000,238.79,199.00,0.00,0,0,0,0,0,0,1,'','','<p><img src=\"http://www.xjd.test/includes/ueditor/php/../../../bdimages/upload1/20150722/1437549533788342.jpg\" style=\"float:none;\" title=\"1.jpg\"/></p><p><img src=\"http://www.xjd.test/includes/ueditor/php/../../../bdimages/upload1/20150722/1437549534119253.jpg\" style=\"float:none;\" title=\"2.jpg\"/></p><p><img src=\"http://www.xjd.test/includes/ueditor/php/../../../bdimages/upload1/20150722/1437549534241236.jpg\" style=\"float:none;\" title=\"3.jpg\"/></p><p><img src=\"http://www.xjd.test/includes/ueditor/php/../../../bdimages/upload1/20150722/1437549535255049.jpg\" style=\"float:none;\" title=\"4.jpg\"/></p><p><img src=\"http://www.xjd.test/includes/ueditor/php/../../../bdimages/upload1/20150722/1437549535120988.jpg\" style=\"float:none;\" title=\"5.jpg\"/></p><p style=\"text-align: center;\"><br/></p>','','images/201507/thumb_img/63_thumb_G_1437521098807.jpg','','images/201507/goods_img/63_G_1437521098152.jpg','','images/201507/source_img/63_G_1437521098398.jpg',1,'',1,1,0,1,1437521075,100,0,0,1,0,0,10.0,0,1437521345,2,'',-1,-1,0,0,0,'',0,1,0.00,0,0),(64,3,'ECS000064','shiseido资生堂 安热沙倍呵防晒乳25mL SPF30+儿童专用防晒霜','+',2,1,'',2000,0.000,216.00,180.00,0.00,0,0,0,0,0,0,1,'','','','','images/201507/thumb_img/64_thumb_G_1437521108958.jpg','','images/201507/goods_img/64_G_1437521108512.jpg','','images/201507/source_img/64_G_1437521108939.jpg',1,'',1,1,0,0,1437521108,100,0,1,1,0,0,10.0,0,1437529354,0,'',-1,-1,0,6,1,'',0,0,0.00,0,0),(65,5,'ECS000065','SIEMENS/西门子 XQG62-WS12K2601W 6.2kg超薄 变频滚筒洗衣机','+',2,70,'',22211,0.000,4026.00,3355.00,0.00,0,0,0,0,0,0,1,'','','<p><img title=\"54ced12fN9ae6edd5.jpg\" style=\"FLOAT: none\" src=\"http://www.xjd.test/includes/ueditor/php/../../../images/image/98741437549833.jpg\"/></p><p><img title=\"553db148N0383b5dd.jpg\" style=\"FLOAT: none\" src=\"http://www.xjd.test/includes/ueditor/php/../../../images/image/49301437549833.jpg\"/></p><p><img title=\"5588f325Nbc38a815.jpg\" style=\"FLOAT: none\" src=\"http://www.xjd.test/includes/ueditor/php/../../../images/image/34281437549833.jpg\"/></p><p><br/></p><p></p>','','images/201507/thumb_img/65_thumb_G_1437521163209.jpg','','images/201507/goods_img/65_G_1437521163682.jpg','','images/201507/source_img/65_G_1437521163643.jpg',1,'',1,1,0,33,1437521118,100,1,1,1,0,0,10.0,0,1437521178,0,'',-1,-1,0,0,0,'',0,0,0.00,0,0),(66,5,'ECS000066','扫地机专属定制无线手持吸尘器/抢10台免单','+',2,70,'',22211,0.000,1200.00,1000.00,0.00,0,0,0,0,0,0,1,'','','<p><img title=\"54ced12fN9ae6edd5.jpg\" style=\"FLOAT: none\" src=\"http://www.xjd.test/includes/ueditor/php/../../../images/image/98741437549833.jpg\"/></p><p><img title=\"553db148N0383b5dd.jpg\" style=\"FLOAT: none\" src=\"http://www.xjd.test/includes/ueditor/php/../../../images/image/49301437549833.jpg\"/></p><p><img title=\"5588f325Nbc38a815.jpg\" style=\"FLOAT: none\" src=\"http://www.xjd.test/includes/ueditor/php/../../../images/image/34281437549833.jpg\"/></p><p><br/></p><p></p>','','images/201507/thumb_img/66_thumb_G_1437521319362.jpg','','images/201507/goods_img/66_G_1437521319479.jpg','','images/201507/source_img/66_G_1437521319198.jpg',1,'',1,1,0,10,1437521291,100,1,1,1,0,0,10.0,0,1437521324,0,'',-1,-1,0,0,0,'',0,0,0.00,0,0),(67,2,'ECS000067','一米画纱桑蚕丝吊带睡裙女夏季纯色真丝睡衣 ','+',2,48,'',1000,0.000,238.79,199.00,0.00,0,0,0,0,0,0,1,'','','<p><img src=\"http://www.xjd.test/includes/ueditor/php/../../../bdimages/upload1/20150722/1437549533788342.jpg\" style=\"float:none;\" title=\"1.jpg\"/></p><p><img src=\"http://www.xjd.test/includes/ueditor/php/../../../bdimages/upload1/20150722/1437549534119253.jpg\" style=\"float:none;\" title=\"2.jpg\"/></p><p><img src=\"http://www.xjd.test/includes/ueditor/php/../../../bdimages/upload1/20150722/1437549534241236.jpg\" style=\"float:none;\" title=\"3.jpg\"/></p><p><img src=\"http://www.xjd.test/includes/ueditor/php/../../../bdimages/upload1/20150722/1437549535255049.jpg\" style=\"float:none;\" title=\"4.jpg\"/></p><p><img src=\"http://www.xjd.test/includes/ueditor/php/../../../bdimages/upload1/20150722/1437549535120988.jpg\" style=\"float:none;\" title=\"5.jpg\"/></p><p style=\"text-align: center;\"><br/></p>','','images/201507/thumb_img/67_thumb_G_1437521471001.jpg','','images/201507/goods_img/67_G_1437521471061.jpg','','images/201507/source_img/67_G_1437521471562.jpg',1,'',1,1,0,1,1437521431,100,0,0,1,0,0,10.0,0,1437521516,2,'',-1,-1,0,0,0,'',0,1,0.00,0,0),(68,1,'ECS000068','新西兰 原装进口 纯牛奶 纽麦福（ Meadow fresh ）全脂1L*12盒/箱','+',7,44,'',2001,0.000,130.00,109.00,99.00,1437379200,1451462400,0,0,0,0,5,'巧克力,零食,甜品,甜点','层层甄选 臻心臻意 爱的见证 巧克力让爱历久弥新 送佳人女友礼品','<p><img src=\"http://www.xjd.test/includes/ueditor/php/../../../bdimages/upload1/20150722/1437534693373515.jpg\" style=\"float:none;\" title=\"54ced12fN9ae6edd5.jpg\"/></p><p><img src=\"http://www.xjd.test/includes/ueditor/php/../../../bdimages/upload1/20150722/1437534693284224.jpg\" style=\"float:none;\" title=\"553db148N0383b5dd.jpg\"/></p><p><img src=\"http://www.xjd.test/includes/ueditor/php/../../../bdimages/upload1/20150722/1437534694380142.jpg\" style=\"float:none;\" title=\"5588f325Nbc38a815.jpg\"/></p><p><br/></p>','','images/201507/thumb_img/68_thumb_G_1437521651986.jpg','','images/201507/goods_img/68_G_1437521651256.jpg','','images/201507/source_img/68_G_1437521651460.jpg',1,'',1,1,0,1,1437521638,100,0,0,1,0,1,9.1,0,1437521655,0,'',-1,-1,0,0,0,'',0,1,0.00,0,0),(69,2,'ECS000069','夏季性感吊带真丝睡裙100%桑蚕丝深V睡衣女士纯色蕾丝家居服女','+',0,51,'',1000,0.000,238.79,199.00,0.00,0,0,0,0,0,0,1,'','','<p><img src=\"http://www.xjd.test/includes/ueditor/php/../../../bdimages/upload1/20150722/1437549533788342.jpg\" style=\"float:none;\" title=\"1.jpg\"/></p><p><img src=\"http://www.xjd.test/includes/ueditor/php/../../../bdimages/upload1/20150722/1437549534119253.jpg\" style=\"float:none;\" title=\"2.jpg\"/></p><p><img src=\"http://www.xjd.test/includes/ueditor/php/../../../bdimages/upload1/20150722/1437549534241236.jpg\" style=\"float:none;\" title=\"3.jpg\"/></p><p><img src=\"http://www.xjd.test/includes/ueditor/php/../../../bdimages/upload1/20150722/1437549535255049.jpg\" style=\"float:none;\" title=\"4.jpg\"/></p><p><img src=\"http://www.xjd.test/includes/ueditor/php/../../../bdimages/upload1/20150722/1437549535120988.jpg\" style=\"float:none;\" title=\"5.jpg\"/></p><p style=\"text-align: center;\"><br/></p>','','images/201507/thumb_img/69_thumb_G_1437521666394.jpg','','images/201507/goods_img/69_G_1437521666694.jpg','','images/201507/source_img/69_G_1437521666642.jpg',1,'',1,1,0,1,1437521642,100,0,0,1,0,0,10.0,0,1437521706,2,'',-1,-1,0,0,0,'',0,1,0.00,0,0),(70,2,'ECS000070','纱桑蚕丝真丝睡衣女士夏季纯色吊带睡裙','+',0,0,'',1000,0.000,238.79,199.00,0.00,0,0,0,0,0,0,1,'','','<p><img src=\"http://www.xjd.test/includes/ueditor/php/../../../bdimages/upload1/20150722/1437549533788342.jpg\" style=\"float:none;\" title=\"1.jpg\"/></p><p><img src=\"http://www.xjd.test/includes/ueditor/php/../../../bdimages/upload1/20150722/1437549534119253.jpg\" style=\"float:none;\" title=\"2.jpg\"/></p><p><img src=\"http://www.xjd.test/includes/ueditor/php/../../../bdimages/upload1/20150722/1437549534241236.jpg\" style=\"float:none;\" title=\"3.jpg\"/></p><p><img src=\"http://www.xjd.test/includes/ueditor/php/../../../bdimages/upload1/20150722/1437549535255049.jpg\" style=\"float:none;\" title=\"4.jpg\"/></p><p><img src=\"http://www.xjd.test/includes/ueditor/php/../../../bdimages/upload1/20150722/1437549535120988.jpg\" style=\"float:none;\" title=\"5.jpg\"/></p><p style=\"text-align: center;\"><br/></p>','','images/201507/thumb_img/70_thumb_G_1437521749240.jpg','','images/201507/goods_img/70_G_1437521749289.jpg','','images/201507/source_img/70_G_1437521749077.jpg',1,'',1,1,0,1,1437521738,100,0,0,1,0,0,10.0,0,1437521752,2,'',-1,-1,0,0,0,'',0,1,0.00,0,0),(71,2,'ECS000071','真丝睡衣女士夏季修身性感吊带真丝睡衣裙桑蚕丝睡衣','+',0,54,'',1000,0.000,238.79,199.00,0.00,0,0,0,0,0,0,1,'','','<p><img src=\"http://www.xjd.test/includes/ueditor/php/../../../bdimages/upload1/20150722/1437549533788342.jpg\" style=\"float:none;\" title=\"1.jpg\"/></p><p><img src=\"http://www.xjd.test/includes/ueditor/php/../../../bdimages/upload1/20150722/1437549534119253.jpg\" style=\"float:none;\" title=\"2.jpg\"/></p><p><img src=\"http://www.xjd.test/includes/ueditor/php/../../../bdimages/upload1/20150722/1437549534241236.jpg\" style=\"float:none;\" title=\"3.jpg\"/></p><p><img src=\"http://www.xjd.test/includes/ueditor/php/../../../bdimages/upload1/20150722/1437549535255049.jpg\" style=\"float:none;\" title=\"4.jpg\"/></p><p><img src=\"http://www.xjd.test/includes/ueditor/php/../../../bdimages/upload1/20150722/1437549535120988.jpg\" style=\"float:none;\" title=\"5.jpg\"/></p><p style=\"text-align: center;\"><br/></p>','','images/201507/thumb_img/71_thumb_G_1437521951345.jpg','','images/201507/goods_img/71_G_1437521951479.jpg','','images/201507/source_img/71_G_1437521951594.jpg',1,'',1,1,0,1,1437521803,100,0,0,1,0,0,10.0,0,1437521954,2,'',-1,-1,0,0,0,'',0,1,0.00,0,0),(72,1,'ECS000072','波兰 进口牛奶 日昇（MLEKOVITA）全脂牛奶1L*12盒','+',3,0,'',2000,0.000,130.00,109.00,0.00,0,0,0,0,0,0,5,'巧克力,零食,甜品,甜点','层层甄选 臻心臻意 爱的见证 巧克力让爱历久弥新 送佳人女友礼品','<p><img src=\"http://www.xjd.test/includes/ueditor/php/../../../bdimages/upload1/20150722/1437534693373515.jpg\" style=\"float:none;\" title=\"54ced12fN9ae6edd5.jpg\"/></p><p><img src=\"http://www.xjd.test/includes/ueditor/php/../../../bdimages/upload1/20150722/1437534693284224.jpg\" style=\"float:none;\" title=\"553db148N0383b5dd.jpg\"/></p><p><img src=\"http://www.xjd.test/includes/ueditor/php/../../../bdimages/upload1/20150722/1437534694380142.jpg\" style=\"float:none;\" title=\"5588f325Nbc38a815.jpg\"/></p><p><br/></p>','','images/201507/thumb_img/72_thumb_G_1437521848992.jpg','','images/201507/goods_img/72_G_1437521848490.jpg','','images/201507/source_img/72_G_1437521848156.jpg',1,'',1,1,0,1,1437521828,100,0,0,1,0,0,10.0,0,1437521851,0,'',-1,-1,0,0,0,'',0,1,0.00,0,0),(73,3,'ECS000073','shiseido资生堂 新漾美肌亮润眼霜15mL提拉 紧致去黑眼圈眼袋','+',2,1,'',2000,0.000,432.00,360.00,0.00,0,0,0,0,0,0,1,'','','','','images/201507/thumb_img/73_thumb_G_1437521912159.jpg','','images/201507/goods_img/73_G_1437521912436.jpg','','images/201507/source_img/73_G_1437521912628.jpg',1,'',1,1,0,0,1437521912,100,0,0,1,0,0,10.0,0,1437529338,0,'',-1,-1,0,6,1,'',0,0,0.00,0,0),(74,1,'ECS000074','德运Devondale 脱脂高钙奶粉1kg','+',2,41,'',2000,0.000,95.88,79.90,0.00,0,0,0,0,0,0,5,'巧克力,零食,甜品,甜点','层层甄选 臻心臻意 爱的见证 巧克力让爱历久弥新 送佳人女友礼品','<p><img src=\"http://www.xjd.test/includes/ueditor/php/../../../bdimages/upload1/20150722/1437534693373515.jpg\" style=\"float:none;\" title=\"54ced12fN9ae6edd5.jpg\"/></p><p><img src=\"http://www.xjd.test/includes/ueditor/php/../../../bdimages/upload1/20150722/1437534693284224.jpg\" style=\"float:none;\" title=\"553db148N0383b5dd.jpg\"/></p><p><img src=\"http://www.xjd.test/includes/ueditor/php/../../../bdimages/upload1/20150722/1437534694380142.jpg\" style=\"float:none;\" title=\"5588f325Nbc38a815.jpg\"/></p><p><br/></p>','','images/201507/thumb_img/74_thumb_G_1437521987425.jpg','','images/201507/goods_img/74_G_1437521987295.jpg','','images/201507/source_img/74_G_1437521987156.jpg',1,'',1,1,0,0,1437521977,100,0,0,1,0,0,10.0,0,1437521990,0,'',-1,-1,0,0,0,'',0,1,0.00,0,0),(75,1,'ECS000075','宾格瑞（BINGGRAE）香蕉味牛奶饮料 200ml*24','+',3,0,'',2000,0.000,155.00,129.00,0.00,0,0,0,0,0,0,5,'巧克力,零食,甜品,甜点','层层甄选 臻心臻意 爱的见证 巧克力让爱历久弥新 送佳人女友礼品','<p><img src=\"http://www.xjd.test/includes/ueditor/php/../../../bdimages/upload1/20150722/1437534693373515.jpg\" style=\"float:none;\" title=\"54ced12fN9ae6edd5.jpg\"/></p><p><img src=\"http://www.xjd.test/includes/ueditor/php/../../../bdimages/upload1/20150722/1437534693284224.jpg\" style=\"float:none;\" title=\"553db148N0383b5dd.jpg\"/></p><p><img src=\"http://www.xjd.test/includes/ueditor/php/../../../bdimages/upload1/20150722/1437534694380142.jpg\" style=\"float:none;\" title=\"5588f325Nbc38a815.jpg\"/></p><p><br/></p>','','images/201507/thumb_img/75_thumb_G_1437522091099.jpg','','images/201507/goods_img/75_G_1437522091505.jpg','','images/201507/source_img/75_G_1437522091277.jpg',1,'',1,1,0,1,1437522082,100,0,0,1,0,0,10.0,1,1437522096,0,'',-1,-1,0,0,0,'',0,0,0.00,0,0),(76,5,'ECS000076','Midea/美的 KFR-35GW/WPAA3 大1.5匹极速变频冷暖空调 稀土压缩机','+',2,67,'',22211,0.000,3240.00,2700.00,0.00,0,0,0,0,0,0,1,'','','<p><img title=\"54ced12fN9ae6edd5.jpg\" style=\"FLOAT: none\" src=\"http://www.xjd.test/includes/ueditor/php/../../../images/image/98741437549833.jpg\"/></p><p><img title=\"553db148N0383b5dd.jpg\" style=\"FLOAT: none\" src=\"http://www.xjd.test/includes/ueditor/php/../../../images/image/49301437549833.jpg\"/></p><p><img title=\"5588f325Nbc38a815.jpg\" style=\"FLOAT: none\" src=\"http://www.xjd.test/includes/ueditor/php/../../../images/image/34281437549833.jpg\"/></p><p><br/></p><p></p>','','images/201507/thumb_img/76_thumb_G_1437524522778.jpg','','images/201507/goods_img/76_G_1437524522135.jpg','','images/201507/source_img/76_G_1437524522917.jpg',1,'',0,1,0,27,1437522136,100,1,1,1,0,0,10.0,0,1437524522,0,'',-1,-1,0,0,0,'',0,0,0.00,0,0),(77,3,'ECS000077','shiseido/资生堂 限量悦薇珀翡基础护理套装 抗老祛黄 面部护理','+',6,1,'',2000,0.000,576.00,480.00,0.00,0,0,0,0,0,0,1,'','','','','images/201507/thumb_img/77_thumb_G_1437522146544.jpg','','images/201507/goods_img/77_G_1437522146720.jpg','','images/201507/source_img/77_G_1437522146557.jpg',1,'',1,1,0,0,1437522146,100,0,0,1,0,0,10.0,0,1437529338,0,'',-1,-1,0,6,1,'',0,0,0.00,0,0),(78,2,'ECS000078','100%桑蚕丝两件套夏季短袖真丝睡衣女套装','+',1,0,'',1000,0.000,238.79,199.00,0.00,0,0,0,0,0,0,1,'','','<p><img src=\"http://www.xjd.test/includes/ueditor/php/../../../bdimages/upload1/20150722/1437549533788342.jpg\" style=\"float:none;\" title=\"1.jpg\"/></p><p><img src=\"http://www.xjd.test/includes/ueditor/php/../../../bdimages/upload1/20150722/1437549534119253.jpg\" style=\"float:none;\" title=\"2.jpg\"/></p><p><img src=\"http://www.xjd.test/includes/ueditor/php/../../../bdimages/upload1/20150722/1437549534241236.jpg\" style=\"float:none;\" title=\"3.jpg\"/></p><p><img src=\"http://www.xjd.test/includes/ueditor/php/../../../bdimages/upload1/20150722/1437549535255049.jpg\" style=\"float:none;\" title=\"4.jpg\"/></p><p><img src=\"http://www.xjd.test/includes/ueditor/php/../../../bdimages/upload1/20150722/1437549535120988.jpg\" style=\"float:none;\" title=\"5.jpg\"/></p><p style=\"text-align: center;\"><br/></p>','','images/201507/thumb_img/78_thumb_G_1437522187316.jpg','','images/201507/goods_img/78_G_1437522187856.jpg','','images/201507/source_img/78_G_1437522187774.jpg',1,'',1,1,0,1,1437522165,100,0,0,1,0,0,10.0,0,1437522197,2,'',-1,-1,0,0,0,'',0,0,0.00,0,0),(79,1,'ECS000079','蒙牛 特仑苏 纯牛奶 250ml*12 礼盒装','+',2,0,'',2000,0.000,66.00,55.00,0.00,0,0,0,0,0,0,5,'巧克力,零食,甜品,甜点','层层甄选 臻心臻意 爱的见证 巧克力让爱历久弥新 送佳人女友礼品','<p><img src=\"http://www.xjd.test/includes/ueditor/php/../../../bdimages/upload1/20150722/1437534693373515.jpg\" style=\"float:none;\" title=\"54ced12fN9ae6edd5.jpg\"/></p><p><img src=\"http://www.xjd.test/includes/ueditor/php/../../../bdimages/upload1/20150722/1437534693284224.jpg\" style=\"float:none;\" title=\"553db148N0383b5dd.jpg\"/></p><p><img src=\"http://www.xjd.test/includes/ueditor/php/../../../bdimages/upload1/20150722/1437534694380142.jpg\" style=\"float:none;\" title=\"5588f325Nbc38a815.jpg\"/></p><p><br/></p>','','images/201507/thumb_img/79_thumb_G_1437522204345.jpg','','images/201507/goods_img/79_G_1437522204788.jpg','','images/201507/source_img/79_G_1437522204586.jpg',1,'',1,1,0,0,1437522190,100,0,0,1,0,0,10.0,0,1437522207,0,'',-1,-1,0,0,0,'',0,0,0.00,0,0),(80,5,'ECS000080','Midea/美的 KFR-72LW/WYAD3 3匹p冷暖定速立式圆形柜机家用空调','+',1,0,'',22211,0.000,9240.00,7700.00,0.00,0,0,0,0,0,0,1,'','','<p><img title=\"54ced12fN9ae6edd5.jpg\" style=\"FLOAT: none\" src=\"http://www.xjd.test/includes/ueditor/php/../../../images/image/98741437549833.jpg\"/></p><p><img title=\"553db148N0383b5dd.jpg\" style=\"FLOAT: none\" src=\"http://www.xjd.test/includes/ueditor/php/../../../images/image/49301437549833.jpg\"/></p><p><img title=\"5588f325Nbc38a815.jpg\" style=\"FLOAT: none\" src=\"http://www.xjd.test/includes/ueditor/php/../../../images/image/34281437549833.jpg\"/></p><p><br/></p><p></p>','','images/201507/thumb_img/80_thumb_G_1437522232391.jpg','','images/201507/goods_img/80_G_1437522232971.jpg','','images/201507/source_img/80_G_1437522232554.jpg',1,'',1,1,0,77,1437522217,100,1,0,1,0,0,10.0,0,1437526112,0,'',-1,-1,0,0,0,'',0,0,0.00,0,0),(81,1,'ECS000081','伊利 味可滋（巧克力）奶昔乳饮品240ml*12盒','+',2,41,'',2000,0.000,54.00,45.00,0.00,0,0,0,0,0,0,5,'巧克力,零食,甜品,甜点','层层甄选 臻心臻意 爱的见证 巧克力让爱历久弥新 送佳人女友礼品','<p><img src=\"http://www.xjd.test/includes/ueditor/php/../../../bdimages/upload1/20150722/1437534693373515.jpg\" style=\"float:none;\" title=\"54ced12fN9ae6edd5.jpg\"/></p><p><img src=\"http://www.xjd.test/includes/ueditor/php/../../../bdimages/upload1/20150722/1437534693284224.jpg\" style=\"float:none;\" title=\"553db148N0383b5dd.jpg\"/></p><p><img src=\"http://www.xjd.test/includes/ueditor/php/../../../bdimages/upload1/20150722/1437534694380142.jpg\" style=\"float:none;\" title=\"5588f325Nbc38a815.jpg\"/></p><p><br/></p>','','images/201507/thumb_img/81_thumb_G_1437522277060.jpg','','images/201507/goods_img/81_G_1437522277979.jpg','','images/201507/source_img/81_G_1437522277965.jpg',1,'',1,1,0,0,1437522264,100,0,0,1,0,0,10.0,0,1437522345,0,'',-1,-1,0,0,0,'',0,0,0.00,0,0),(82,2,'ECS000082','大码薄款女士真丝睡衣女夏季丝绸性感100%桑蚕丝睡裙','+',1,54,'',1000,0.000,238.79,199.00,0.00,0,0,0,0,0,0,1,'','','<p><img src=\"http://www.xjd.test/includes/ueditor/php/../../../bdimages/upload1/20150722/1437549533788342.jpg\" style=\"float:none;\" title=\"1.jpg\"/></p><p><img src=\"http://www.xjd.test/includes/ueditor/php/../../../bdimages/upload1/20150722/1437549534119253.jpg\" style=\"float:none;\" title=\"2.jpg\"/></p><p><img src=\"http://www.xjd.test/includes/ueditor/php/../../../bdimages/upload1/20150722/1437549534241236.jpg\" style=\"float:none;\" title=\"3.jpg\"/></p><p><img src=\"http://www.xjd.test/includes/ueditor/php/../../../bdimages/upload1/20150722/1437549535255049.jpg\" style=\"float:none;\" title=\"4.jpg\"/></p><p><img src=\"http://www.xjd.test/includes/ueditor/php/../../../bdimages/upload1/20150722/1437549535120988.jpg\" style=\"float:none;\" title=\"5.jpg\"/></p><p style=\"text-align: center;\"><br/></p>','','images/201507/thumb_img/82_thumb_G_1437522300426.jpg','','images/201507/goods_img/82_G_1437522300414.jpg','','images/201507/source_img/82_G_1437522300168.jpg',1,'',1,1,0,1,1437522270,100,0,0,1,0,0,10.0,0,1437522354,2,'',-1,-1,0,0,0,'',0,0,0.00,0,0),(83,5,'ECS000083','5kg全自动波轮洗衣机 省水省空间','+',1,69,'',2221,0.000,840.00,700.00,0.00,0,0,0,0,0,0,1,'','','<p><img title=\"54ced12fN9ae6edd5.jpg\" style=\"FLOAT: none\" src=\"http://www.xjd.test/includes/ueditor/php/../../../images/image/98741437549833.jpg\"/></p><p><img title=\"553db148N0383b5dd.jpg\" style=\"FLOAT: none\" src=\"http://www.xjd.test/includes/ueditor/php/../../../images/image/49301437549833.jpg\"/></p><p><img title=\"5588f325Nbc38a815.jpg\" style=\"FLOAT: none\" src=\"http://www.xjd.test/includes/ueditor/php/../../../images/image/34281437549833.jpg\"/></p><p><br/></p><p></p>','','images/201507/thumb_img/83_thumb_G_1437522343769.jpg','','images/201507/goods_img/83_G_1437522343462.jpg','','images/201507/source_img/83_G_1437522343319.jpg',1,'',1,1,0,7,1437522328,100,1,0,1,0,0,10.0,0,1437522448,0,'',-1,-1,0,0,0,'',0,0,0.00,0,0),(84,3,'ECS000084','资生堂红色蜜露精华化妆液125ml 补水保湿爽肤水','+',1,1,'',2000,0.000,576.00,480.00,0.00,0,0,0,0,0,0,1,'','','','','images/201507/thumb_img/84_thumb_G_1437522463415.jpg','','images/201507/goods_img/84_G_1437522463573.jpg','','images/201507/source_img/84_G_1437522463649.jpg',1,'',1,1,0,0,1437522463,100,0,0,1,0,0,10.0,0,1437529315,0,'',-1,-1,0,6,1,'',0,0,0.00,0,0),(85,5,'ECS000085','美的空调扇单冷遥控制冷风扇冷风机家用净化静音冷气空调AC120-G','+',1,67,'',2221,0.000,600.00,500.00,0.00,0,0,0,0,0,0,1,'','','<p><img title=\"54ced12fN9ae6edd5.jpg\" style=\"FLOAT: none\" src=\"http://www.xjd.test/includes/ueditor/php/../../../images/image/98741437549833.jpg\"/></p><p><img title=\"553db148N0383b5dd.jpg\" style=\"FLOAT: none\" src=\"http://www.xjd.test/includes/ueditor/php/../../../images/image/49301437549833.jpg\"/></p><p><img title=\"5588f325Nbc38a815.jpg\" style=\"FLOAT: none\" src=\"http://www.xjd.test/includes/ueditor/php/../../../images/image/34281437549833.jpg\"/></p><p><br/></p><p></p>','','images/201507/thumb_img/85_thumb_G_1437522493859.jpg','','images/201507/goods_img/85_G_1437522493778.jpg','','images/201507/source_img/85_G_1437522493558.jpg',1,'',1,1,0,5,1437522479,100,0,0,1,0,0,10.0,0,1437526592,0,'',-1,-1,0,0,0,'',0,0,0.00,0,0),(86,5,'ECS000086','海尔HGS-2164手持蒸汽挂烫机家用挂式电熨斗熨烫机正品全国联保','+',15,66,'',2221,0.000,600.00,500.00,0.00,0,0,0,0,0,0,1,'','','<p><img title=\"54ced12fN9ae6edd5.jpg\" style=\"FLOAT: none\" src=\"http://www.xjd.test/includes/ueditor/php/../../../images/image/98741437549833.jpg\"/></p><p><img title=\"553db148N0383b5dd.jpg\" style=\"FLOAT: none\" src=\"http://www.xjd.test/includes/ueditor/php/../../../images/image/49301437549833.jpg\"/></p><p><img title=\"5588f325Nbc38a815.jpg\" style=\"FLOAT: none\" src=\"http://www.xjd.test/includes/ueditor/php/../../../images/image/34281437549833.jpg\"/></p><p><br/></p><p></p>','','images/201507/thumb_img/86_thumb_G_1437522610059.jpg','','images/201507/goods_img/86_G_1437522610483.jpg','','images/201507/source_img/86_G_1437522610788.jpg',1,'',1,1,0,5,1437522598,100,0,0,1,0,0,10.0,0,1437522615,0,'',-1,-1,0,0,0,'',0,0,0.00,0,0),(87,3,'ECS000087','shiseido资生堂 盼丽风姿金采丰润柔肤液150mL 水润紧致柔滑肌肤','+',3,1,'',2000,0.000,936.00,780.00,0.00,0,0,0,0,0,0,1,'','','','','images/201507/thumb_img/87_thumb_G_1437522646619.jpg','','images/201507/goods_img/87_G_1437522646710.jpg','','images/201507/source_img/87_G_1437522646311.jpg',1,'',1,1,0,0,1437522646,100,0,1,0,0,0,10.0,0,1437529315,0,'',-1,-1,0,6,1,'',0,0,0.00,0,0),(88,5,'ECS000088','家用静音办公室空调加湿器 香薰迷你大容量净化特价','+',1,71,'',2221,0.000,120.00,100.00,0.00,0,0,0,0,0,0,1,'','','<p><img title=\"54ced12fN9ae6edd5.jpg\" style=\"FLOAT: none\" src=\"http://www.xjd.test/includes/ueditor/php/../../../images/image/98741437549833.jpg\"/></p><p><img title=\"553db148N0383b5dd.jpg\" style=\"FLOAT: none\" src=\"http://www.xjd.test/includes/ueditor/php/../../../images/image/49301437549833.jpg\"/></p><p><img title=\"5588f325Nbc38a815.jpg\" style=\"FLOAT: none\" src=\"http://www.xjd.test/includes/ueditor/php/../../../images/image/34281437549833.jpg\"/></p><p><br/></p><p></p>','','images/201507/thumb_img/88_thumb_G_1437522788663.jpg','','images/201507/goods_img/88_G_1437522788651.jpg','','images/201507/source_img/88_G_1437522788577.jpg',1,'',1,1,0,1,1437522776,100,0,0,1,0,0,10.0,0,1437522793,0,'',-1,-1,0,0,0,'',0,0,0.00,0,0),(89,5,'ECS000089','格力遥控落地扇 家用静音电风扇 7.5小时定时 办公室学生扇 电扇','+',1,68,'',2221,0.000,238.79,199.00,0.00,0,0,0,0,0,0,1,'','','<p><img title=\"54ced12fN9ae6edd5.jpg\" style=\"FLOAT: none\" src=\"http://www.xjd.test/includes/ueditor/php/../../../images/image/98741437549833.jpg\"/></p><p><img title=\"553db148N0383b5dd.jpg\" style=\"FLOAT: none\" src=\"http://www.xjd.test/includes/ueditor/php/../../../images/image/49301437549833.jpg\"/></p><p><img title=\"5588f325Nbc38a815.jpg\" style=\"FLOAT: none\" src=\"http://www.xjd.test/includes/ueditor/php/../../../images/image/34281437549833.jpg\"/></p><p><br/></p><p></p>','','images/201507/thumb_img/89_thumb_G_1437522853745.jpg','','images/201507/goods_img/89_G_1437522853526.jpg','','images/201507/source_img/89_G_1437522853592.jpg',1,'',1,1,0,1,1437522839,100,0,0,1,0,0,10.0,0,1437526590,0,'',-1,-1,0,0,0,'',0,0,0.00,0,0),(90,2,'ECS000090','2015新款男装 男士夏季多彩短袖polo衫男 休闲双层立领T恤 ','+',1,57,'',1000,0.000,118.80,99.00,0.00,0,0,0,0,0,0,1,'','','','','images/201507/thumb_img/90_thumb_G_1437523731725.jpg','','images/201507/goods_img/90_G_1437523731399.jpg','','images/201507/source_img/90_G_1437523731801.jpg',1,'',1,1,0,0,1437522885,100,0,0,1,0,0,10.0,0,1437523740,0,'',-1,-1,0,0,0,'',0,1,0.00,0,0),(91,5,'ECS000091','海尔ZB401G 家用小型床铺除螨仪 床上除螨机吸尘器 紫外线杀菌','+',3,66,'',2221,0.000,478.79,399.00,0.00,0,0,0,0,0,0,1,'','','<p><img title=\"54ced12fN9ae6edd5.jpg\" style=\"FLOAT: none\" src=\"http://www.xjd.test/includes/ueditor/php/../../../images/image/98741437549833.jpg\"/></p><p><img title=\"553db148N0383b5dd.jpg\" style=\"FLOAT: none\" src=\"http://www.xjd.test/includes/ueditor/php/../../../images/image/49301437549833.jpg\"/></p><p><img title=\"5588f325Nbc38a815.jpg\" style=\"FLOAT: none\" src=\"http://www.xjd.test/includes/ueditor/php/../../../images/image/34281437549833.jpg\"/></p><p><br/></p><p></p>','','images/201507/thumb_img/91_thumb_G_1437522939065.jpg','','images/201507/goods_img/91_G_1437522939088.jpg','','images/201507/source_img/91_G_1437522939855.png',1,'',1,1,0,3,1437522928,100,0,0,1,0,0,10.0,0,1437522944,0,'',-1,-1,0,0,0,'',0,0,0.00,0,0),(92,2,'ECS000092','人气5折杰克琼斯夏纯棉条纹撞色POLO衫短袖T恤','+',1,0,'',1000,0.000,358.80,299.00,0.00,0,0,0,0,0,0,1,'','','','','images/201507/thumb_img/92_thumb_G_1437523024248.jpg','','images/201507/goods_img/92_G_1437523024781.jpg','','images/201507/source_img/92_G_1437523024219.jpg',1,'',1,1,0,0,1437523007,100,0,0,1,0,0,10.0,0,1437523250,0,'',-1,-1,0,0,0,'',0,1,0.00,0,0),(93,5,'ECS000093','家用高端直饮净水器WP4160厨房自来水前置过滤器智能净水机','+',1,70,'',2221,0.000,718.80,599.00,0.00,0,0,0,0,0,0,1,'','','<p><img title=\"54ced12fN9ae6edd5.jpg\" style=\"FLOAT: none\" src=\"http://www.xjd.test/includes/ueditor/php/../../../images/image/98741437549833.jpg\"/></p><p><img title=\"553db148N0383b5dd.jpg\" style=\"FLOAT: none\" src=\"http://www.xjd.test/includes/ueditor/php/../../../images/image/49301437549833.jpg\"/></p><p><img title=\"5588f325Nbc38a815.jpg\" style=\"FLOAT: none\" src=\"http://www.xjd.test/includes/ueditor/php/../../../images/image/34281437549833.jpg\"/></p><p><br/></p><p></p>','','images/201507/thumb_img/93_thumb_G_1437523047489.jpg','','images/201507/goods_img/93_G_1437523047968.jpg','','images/201507/source_img/93_G_1437523047242.jpg',1,'',1,1,0,5,1437523034,100,0,1,1,0,0,10.0,0,1437526575,0,'',-1,-1,0,0,0,'',0,0,0.00,0,0),(94,5,'ECS000094','电熨斗蒸汽家用 手持迷你电烫斗顺滑不粘底板 蒸汽熨斗家用','+',2,67,'',2221,0.000,118.80,99.00,0.00,0,0,0,0,0,0,1,'','','<p><img title=\"54ced12fN9ae6edd5.jpg\" style=\"FLOAT: none\" src=\"http://www.xjd.test/includes/ueditor/php/../../../images/image/98741437549833.jpg\"/></p><p><img title=\"553db148N0383b5dd.jpg\" style=\"FLOAT: none\" src=\"http://www.xjd.test/includes/ueditor/php/../../../images/image/49301437549833.jpg\"/></p><p><img title=\"5588f325Nbc38a815.jpg\" style=\"FLOAT: none\" src=\"http://www.xjd.test/includes/ueditor/php/../../../images/image/34281437549833.jpg\"/></p><p><br/></p><p></p>','','images/201507/thumb_img/94_thumb_G_1437523136659.jpg','','images/201507/goods_img/94_G_1437523136578.jpg','','images/201507/source_img/94_G_1437523136990.jpg',1,'',1,1,0,0,1437523127,100,0,1,1,0,0,10.0,0,1437526656,0,'',-1,-1,0,0,0,'',0,0,0.00,0,0),(95,2,'ECS000095','与狼共舞短袖T恤 2015夏装新款 男士Polo衫 男装纯棉翻领','+',3,56,'',1000,0.000,238.80,199.00,0.00,0,0,0,0,0,0,1,'','','','','images/201507/thumb_img/95_thumb_G_1437523157627.jpg','','images/201507/goods_img/95_G_1437523157448.jpg','','images/201507/source_img/95_G_1437523157775.jpg',1,'',1,1,0,0,1437523143,100,0,0,1,0,0,10.0,0,1437523242,0,'',-1,-1,0,0,0,'',0,1,0.00,0,0),(96,2,'ECS000096','2015夏季新品 与狼共舞短袖T恤 男士纯棉翻领多彩polo衫潮','+',1,0,'',1000,0.000,178.79,149.00,0.00,0,0,0,0,0,0,1,'','','','','images/201507/thumb_img/96_thumb_G_1437523830530.jpg','','images/201507/goods_img/96_G_1437523830508.jpg','','images/201507/source_img/96_G_1437523830603.jpg',1,'',1,1,0,1,1437523226,100,0,0,1,0,0,10.0,0,1437523833,0,'',-1,-1,0,0,0,'',0,1,0.00,0,0),(97,5,'ECS000097','除湿机家用抽湿机20B 地下室别墅吸湿器除湿器','+',3,30,'',2221,0.000,310.80,259.00,0.00,0,0,0,0,0,0,1,'','','<p><img title=\"54ced12fN9ae6edd5.jpg\" style=\"FLOAT: none\" src=\"http://www.xjd.test/includes/ueditor/php/../../../images/image/98741437549833.jpg\"/></p><p><img title=\"553db148N0383b5dd.jpg\" style=\"FLOAT: none\" src=\"http://www.xjd.test/includes/ueditor/php/../../../images/image/49301437549833.jpg\"/></p><p><img title=\"5588f325Nbc38a815.jpg\" style=\"FLOAT: none\" src=\"http://www.xjd.test/includes/ueditor/php/../../../images/image/34281437549833.jpg\"/></p><p><br/></p><p></p>','','images/201507/thumb_img/97_thumb_G_1437523257758.jpg','','images/201507/goods_img/97_G_1437523257655.jpg','','images/201507/source_img/97_G_1437523257972.jpg',1,'',1,1,0,2,1437523241,100,0,0,1,0,0,10.0,0,1437523267,0,'',-1,-1,0,0,0,'',0,0,0.00,0,0),(98,3,'ECS000098','雅诗兰黛（Estee Lauder）肌透修护眼部精华霜15ml','+',2,4,'',2000,0.000,560.00,379.00,0.00,0,0,0,0,0,0,1,'','','','','images/201507/thumb_img/98_thumb_G_1437523250241.jpg','','images/201507/goods_img/98_G_1437523250263.jpg','','images/201507/source_img/98_G_1437523250078.jpg',1,'',1,1,0,0,1437523250,100,0,0,1,0,0,10.0,0,1437529336,0,'',-1,-1,0,6,1,'',0,0,0.00,0,0),(99,2,'ECS000099','纯棉牛仔拼接修身男Polo衫','+',0,73,'',1000,0.000,178.79,149.00,0.00,0,0,0,0,0,0,1,'','','','','images/201507/thumb_img/99_thumb_G_1437523325748.jpg','','images/201507/goods_img/99_G_1437523325439.jpg','','images/201507/source_img/99_G_1437523325748.jpg',1,'',1,1,0,1,1437523304,100,0,0,1,0,0,10.0,0,1437523328,0,'',-1,-1,0,0,0,'',0,1,0.00,0,0),(100,4,'ECS000100','苹果（Apple）iPhone 6 (A1586) 16GB 金色 移动联通电信4G手机','+',13,29,'',2000,0.000,5000.00,4888.00,0.00,0,0,0,0,0,0,5,'手机,苹果,苹果6,apple,爱疯','尺寸更大，却愈加纤薄；性能更强，却效能非凡。堪称 iPhone 新一代至为出众的大作','<p><img src=\"http://www.xjd.test/includes/ueditor/php/../../../bdimages/upload1/20150722/1437552014793979.jpg\" style=\"float:none;\" title=\"5472b9beNa9239991.jpg\"/></p><p><img src=\"http://www.xjd.test/includes/ueditor/php/../../../bdimages/upload1/20150722/1437552014466120.jpg\" style=\"float:none;\" title=\"5472b9c3N15908cc7.jpg\"/></p><p><img src=\"http://www.xjd.test/includes/ueditor/php/../../../bdimages/upload1/20150722/1437552014223464.jpg\" style=\"float:none;\" title=\"5472b9c8N99f601b3.jpg\"/></p><p><img src=\"http://www.xjd.test/includes/ueditor/php/../../../bdimages/upload1/20150722/1437552014190630.jpg\" style=\"float:none;\" title=\"5472b9d2N5f40a1e4.jpg\"/></p><p><br/></p>','','images/201507/thumb_img/100_thumb_G_1437523484060.jpg','','images/201507/goods_img/100_G_1437523484878.jpg','','images/201507/source_img/100_G_1437523484176.jpg',1,'',1,1,0,30,1437523334,50,0,1,1,0,0,10.0,1,1437583398,1,'',-1,-1,0,0,0,'',0,0,0.00,0,0),(101,5,'ECS000101','美的电磁炉Midea/美的 WK2102电磁炉特价家用触摸屏火锅电池炉灶','+',2,67,'',2221,0.000,190.79,159.00,0.00,0,0,0,0,0,0,1,'','','<p><img title=\"54ced12fN9ae6edd5.jpg\" style=\"FLOAT: none\" src=\"http://www.xjd.test/includes/ueditor/php/../../../images/image/98741437549833.jpg\"/></p><p><img title=\"553db148N0383b5dd.jpg\" style=\"FLOAT: none\" src=\"http://www.xjd.test/includes/ueditor/php/../../../images/image/49301437549833.jpg\"/></p><p><img title=\"5588f325Nbc38a815.jpg\" style=\"FLOAT: none\" src=\"http://www.xjd.test/includes/ueditor/php/../../../images/image/34281437549833.jpg\"/></p><p><br/></p><p></p>','','images/201507/thumb_img/101_thumb_G_1437523379443.jpg','','images/201507/goods_img/101_G_1437523379143.jpg','','images/201507/source_img/101_G_1437523379952.jpg',1,'',1,1,0,1,1437523363,100,0,0,1,0,0,10.0,0,1437523390,0,'',-1,-1,0,0,0,'',0,0,0.00,0,0),(102,2,'ECS000102','Polo衫男短袖 2015夏装男装短袖t恤 男士拼接撞色修身韩版潮','+',5,0,'',1000,0.000,178.79,149.00,0.00,0,0,0,0,0,0,1,'','','','','images/201507/thumb_img/102_thumb_G_1437523460978.jpg','','images/201507/goods_img/102_G_1437523460074.jpg','','images/201507/source_img/102_G_1437523460829.jpg',1,'',1,1,0,1,1437523421,100,0,0,1,0,0,10.0,0,1437523463,0,'',-1,-1,0,0,0,'',0,1,0.00,0,0),(103,5,'ECS000103','Galanz/格兰仕 G90F25CN3L-C2(G2) 微波炉 光波炉 正品','+',2,71,'',2221,0.000,430.80,359.00,0.00,0,0,0,0,0,0,1,'','','<p><img title=\"54ced12fN9ae6edd5.jpg\" style=\"FLOAT: none\" src=\"http://www.xjd.test/includes/ueditor/php/../../../images/image/98741437549833.jpg\"/></p><p><img title=\"553db148N0383b5dd.jpg\" style=\"FLOAT: none\" src=\"http://www.xjd.test/includes/ueditor/php/../../../images/image/49301437549833.jpg\"/></p><p><img title=\"5588f325Nbc38a815.jpg\" style=\"FLOAT: none\" src=\"http://www.xjd.test/includes/ueditor/php/../../../images/image/34281437549833.jpg\"/></p><p><br/></p><p></p>','','images/201507/thumb_img/103_thumb_G_1437523455426.jpg','','images/201507/goods_img/103_G_1437523455827.jpg','','images/201507/source_img/103_G_1437523455672.jpg',1,'',1,1,0,3,1437523440,100,0,0,1,0,0,10.0,0,1437523460,0,'',-1,-1,0,0,0,'',0,0,0.00,0,0),(104,3,'ECS000104','雅诗兰黛（Estee Lauder）鲜亮焕采泡沫洁面乳125ml','+',2,4,'',2000,0.000,226.00,189.00,0.00,0,0,0,0,0,0,1,'','','','','images/201507/thumb_img/104_thumb_G_1437523450514.jpg','','images/201507/goods_img/104_G_1437523450980.jpg','','images/201507/source_img/104_G_1437523450791.jpg',1,'',1,1,0,0,1437523450,100,0,1,0,0,0,10.0,0,1437529315,0,'',-1,-1,0,6,1,'',0,0,0.00,0,0),(105,2,'ECS000105','法曼斯2015夏装新款长绒棉短袖t恤商务男士休闲天丝翻领纯色上衣','+',2,0,'',1000,0.000,178.79,149.00,0.00,0,0,0,0,0,0,1,'','','','','images/201507/thumb_img/105_thumb_G_1437523502682.jpg','','images/201507/goods_img/105_G_1437523502852.jpg','','images/201507/source_img/105_G_1437523502923.jpg',1,'',1,1,0,1,1437523490,100,0,0,1,0,0,10.0,0,1437523505,0,'',-1,-1,0,0,0,'',0,0,0.00,0,0),(106,5,'ECS000106',' JYL-D022料理机家用多功能榨汁辅食搅拌机电动绞肉','+',3,73,'',2221,0.000,283.20,236.00,0.00,0,0,0,0,0,0,1,'','','<p><img title=\"54ced12fN9ae6edd5.jpg\" style=\"FLOAT: none\" src=\"http://www.xjd.test/includes/ueditor/php/../../../images/image/98741437549833.jpg\"/></p><p><img title=\"553db148N0383b5dd.jpg\" style=\"FLOAT: none\" src=\"http://www.xjd.test/includes/ueditor/php/../../../images/image/49301437549833.jpg\"/></p><p><img title=\"5588f325Nbc38a815.jpg\" style=\"FLOAT: none\" src=\"http://www.xjd.test/includes/ueditor/php/../../../images/image/34281437549833.jpg\"/></p><p><br/></p><p></p>','','images/201507/thumb_img/106_thumb_G_1437523569985.jpg','','images/201507/goods_img/106_G_1437523569792.jpg','','images/201507/source_img/106_G_1437523569710.jpg',1,'',1,1,0,2,1437523551,100,0,0,1,0,0,10.0,0,1437523906,0,'',-1,-1,0,0,0,'',0,0,0.00,0,0),(107,2,'ECS000107','纯棉弹力修身男装商务短袖','+',1,57,'',1000,0.000,178.79,149.00,0.00,0,0,0,0,0,0,1,'','','','','images/201507/thumb_img/107_thumb_G_1437523565894.jpg','','images/201507/goods_img/107_G_1437523565898.jpg','','images/201507/source_img/107_G_1437523565086.jpg',1,'',1,1,0,1,1437523552,100,0,0,1,0,0,10.0,0,1437523577,0,'',-1,-1,0,0,0,'',0,0,0.00,0,0),(108,3,'ECS000108','雅诗兰黛护肤礼盒（眼霜15ML+柔肤霜15ML+晚霜15ML+精华露7ML）','+',2,4,'',2000,0.000,1089.00,545.00,0.00,0,0,0,0,0,0,1,'','','','','images/201507/thumb_img/108_thumb_G_1437523652983.jpg','','images/201507/goods_img/108_G_1437523652863.jpg','','images/201507/source_img/108_G_1437523652419.jpg',1,'',1,1,0,0,1437523652,100,0,0,1,0,0,10.0,0,1437529334,0,'',-1,-1,0,6,1,'',0,0,0.00,0,0),(109,5,'ECS000109','空气炸锅HD9233三代智能电炸锅家用薯条机烤架煎鱼盘正品','+',1,71,'',2221,0.000,1003.19,836.00,0.00,0,0,0,0,0,0,1,'','','<p><img title=\"54ced12fN9ae6edd5.jpg\" style=\"FLOAT: none\" src=\"http://www.xjd.test/includes/ueditor/php/../../../images/image/98741437549833.jpg\"/></p><p><img title=\"553db148N0383b5dd.jpg\" style=\"FLOAT: none\" src=\"http://www.xjd.test/includes/ueditor/php/../../../images/image/49301437549833.jpg\"/></p><p><img title=\"5588f325Nbc38a815.jpg\" style=\"FLOAT: none\" src=\"http://www.xjd.test/includes/ueditor/php/../../../images/image/34281437549833.jpg\"/></p><p><br/></p><p></p>','','images/201507/thumb_img/109_thumb_G_1437523690660.jpg','','images/201507/goods_img/109_G_1437523690185.jpg','','images/201507/source_img/109_G_1437523690222.jpg',1,'',1,1,0,8,1437523676,100,1,0,1,0,0,10.0,0,1437523901,0,'',-1,-1,0,0,0,'',0,0,0.00,0,0),(110,5,'ECS000110','养生壶玻璃加厚分体保温电煎药壶全自动花茶壶隔水炖正品','+',2,28,'',2221,0.000,403.20,336.00,0.00,0,0,0,0,0,0,1,'','','<p><img title=\"54ced12fN9ae6edd5.jpg\" style=\"FLOAT: none\" src=\"http://www.xjd.test/includes/ueditor/php/../../../images/image/98741437549833.jpg\"/></p><p><img title=\"553db148N0383b5dd.jpg\" style=\"FLOAT: none\" src=\"http://www.xjd.test/includes/ueditor/php/../../../images/image/49301437549833.jpg\"/></p><p><img title=\"5588f325Nbc38a815.jpg\" style=\"FLOAT: none\" src=\"http://www.xjd.test/includes/ueditor/php/../../../images/image/34281437549833.jpg\"/></p><p><br/></p><p></p>','','images/201507/thumb_img/110_thumb_G_1437523812526.jpg','','images/201507/goods_img/110_G_1437523812649.jpg','','images/201507/source_img/110_G_1437523812493.jpg',1,'',1,1,0,3,1437523799,100,0,0,1,0,0,10.0,0,1437523901,0,'',-1,-1,0,0,0,'',0,0,0.00,0,0),(111,3,'ECS000111','雅诗兰黛（Estee Lauder）青春抗皱滋润霜50ml（中性/混合性）','+',0,4,'',2000,0.000,730.00,525.00,0.00,0,0,0,0,0,0,1,'','','','','images/201507/thumb_img/111_thumb_G_1437523855718.jpg','','images/201507/goods_img/111_G_1437523855259.jpg','','images/201507/source_img/111_G_1437523855151.jpg',1,'',1,1,0,0,1437523855,100,0,1,0,0,0,10.0,0,1437529315,0,'',-1,-1,0,6,1,'',0,0,0.00,0,0),(112,5,'ECS000112','电饼铛 美的 JCN30A蛋糕机 正品悬浮双面加热 家用煎烤机烙饼锅','+',3,67,'',2221,0.000,280.80,234.00,0.00,0,0,0,0,0,0,1,'','','<p><img title=\"54ced12fN9ae6edd5.jpg\" style=\"FLOAT: none\" src=\"http://www.xjd.test/includes/ueditor/php/../../../images/image/98741437549833.jpg\"/></p><p><img title=\"553db148N0383b5dd.jpg\" style=\"FLOAT: none\" src=\"http://www.xjd.test/includes/ueditor/php/../../../images/image/49301437549833.jpg\"/></p><p><img title=\"5588f325Nbc38a815.jpg\" style=\"FLOAT: none\" src=\"http://www.xjd.test/includes/ueditor/php/../../../images/image/34281437549833.jpg\"/></p><p><br/></p><p></p>','','images/201507/thumb_img/112_thumb_G_1437524004579.jpg','','images/201507/goods_img/112_G_1437524004320.jpg','','images/201507/source_img/112_G_1437524004407.jpg',1,'',1,1,0,2,1437523988,100,0,0,1,0,0,10.0,0,1437524017,0,'',-1,-1,0,0,0,'',0,0,0.00,0,0),(113,4,'ECS000113','苹果（Apple）iPhone 6 Plus (A1524) 16GB 金色 移动联通电信4G手机','+',1,0,'',4000,0.000,6825.59,5688.00,0.00,0,0,0,0,0,0,5,'手机,苹果,苹果6,apple,爱疯','尺寸更大，却愈加纤薄；性能更强，却效能非凡。堪称 iPhone 新一代至为出众的大作','<p><img src=\"http://www.xjd.test/includes/ueditor/php/../../../bdimages/upload1/20150722/1437552014793979.jpg\" style=\"float:none;\" title=\"5472b9beNa9239991.jpg\"/></p><p><img src=\"http://www.xjd.test/includes/ueditor/php/../../../bdimages/upload1/20150722/1437552014466120.jpg\" style=\"float:none;\" title=\"5472b9c3N15908cc7.jpg\"/></p><p><img src=\"http://www.xjd.test/includes/ueditor/php/../../../bdimages/upload1/20150722/1437552014223464.jpg\" style=\"float:none;\" title=\"5472b9c8N99f601b3.jpg\"/></p><p><img src=\"http://www.xjd.test/includes/ueditor/php/../../../bdimages/upload1/20150722/1437552014190630.jpg\" style=\"float:none;\" title=\"5472b9d2N5f40a1e4.jpg\"/></p><p><br/></p>','','images/201507/thumb_img/113_thumb_G_1437524324289.jpg','','images/201507/goods_img/113_G_1437524324581.jpg','','images/201507/source_img/113_G_1437524324445.jpg',1,'',1,1,0,56,1437524058,100,0,0,1,1,0,10.0,1,1437583423,1,'',-1,-1,0,0,0,'',0,0,0.00,0,0),(114,5,'ECS000114','米酒机酸奶机全自动家用不锈钢正品包邮','+',1,0,'',2221,0.000,106.80,89.00,0.00,0,0,0,0,0,0,1,'','','<p><img title=\"54ced12fN9ae6edd5.jpg\" style=\"FLOAT: none\" src=\"http://www.xjd.test/includes/ueditor/php/../../../images/image/98741437549833.jpg\"/></p><p><img title=\"553db148N0383b5dd.jpg\" style=\"FLOAT: none\" src=\"http://www.xjd.test/includes/ueditor/php/../../../images/image/49301437549833.jpg\"/></p><p><img title=\"5588f325Nbc38a815.jpg\" style=\"FLOAT: none\" src=\"http://www.xjd.test/includes/ueditor/php/../../../images/image/34281437549833.jpg\"/></p><p><br/></p><p></p>','','images/201507/thumb_img/114_thumb_G_1437524086723.jpg','','images/201507/goods_img/114_G_1437524086327.jpg','','images/201507/source_img/114_G_1437524086868.jpg',1,'',1,1,0,0,1437524074,100,0,0,1,0,0,10.0,0,1437524100,0,'',-1,-1,0,0,0,'',0,0,0.00,0,0),(115,5,'ECS000115','酸奶机家用全自动8个陶瓷分杯正品特价','+',1,71,'',2221,0.000,70.80,59.00,0.00,0,0,0,0,0,0,1,'','','<p><img title=\"54ced12fN9ae6edd5.jpg\" style=\"FLOAT: none\" src=\"http://www.xjd.test/includes/ueditor/php/../../../images/image/98741437549833.jpg\"/></p><p><img title=\"553db148N0383b5dd.jpg\" style=\"FLOAT: none\" src=\"http://www.xjd.test/includes/ueditor/php/../../../images/image/49301437549833.jpg\"/></p><p><img title=\"5588f325Nbc38a815.jpg\" style=\"FLOAT: none\" src=\"http://www.xjd.test/includes/ueditor/php/../../../images/image/34281437549833.jpg\"/></p><p><br/></p><p></p>','','images/201507/thumb_img/115_thumb_G_1437524170488.jpg','','images/201507/goods_img/115_G_1437524170473.jpg','','images/201507/source_img/115_G_1437524170061.jpg',1,'',1,1,0,0,1437524156,100,0,0,1,0,0,10.0,0,1437526566,0,'',-1,-1,0,0,0,'',0,0,0.00,0,0),(116,5,'ECS000116','电炖锅砂锅炖盅煮粥煲汤养生紫砂陶瓷','+',2,0,'',2221,0.000,304.80,254.00,0.00,0,0,0,0,0,0,1,'','','<p><img title=\"54ced12fN9ae6edd5.jpg\" style=\"FLOAT: none\" src=\"http://www.xjd.test/includes/ueditor/php/../../../images/image/98741437549833.jpg\"/></p><p><img title=\"553db148N0383b5dd.jpg\" style=\"FLOAT: none\" src=\"http://www.xjd.test/includes/ueditor/php/../../../images/image/49301437549833.jpg\"/></p><p><img title=\"5588f325Nbc38a815.jpg\" style=\"FLOAT: none\" src=\"http://www.xjd.test/includes/ueditor/php/../../../images/image/34281437549833.jpg\"/></p><p><br/></p><p></p>','','images/201507/thumb_img/116_thumb_G_1437524258255.jpg','','images/201507/goods_img/116_G_1437524258068.jpg','','images/201507/source_img/116_G_1437524258610.jpg',1,'',1,1,0,2,1437524240,100,0,0,1,0,0,10.0,0,1437524412,0,'',-1,-1,0,0,0,'',0,0,0.00,0,0),(117,5,'ECS000117',' CKTF-32GS上下独立控温 多功能电烤箱家用烘焙烤箱 正品特价','+',2,68,'',2221,0.000,304.80,254.00,0.00,0,0,0,0,0,0,1,'','','<p><img title=\"54ced12fN9ae6edd5.jpg\" style=\"FLOAT: none\" src=\"http://www.xjd.test/includes/ueditor/php/../../../images/image/98741437549833.jpg\"/></p><p><img title=\"553db148N0383b5dd.jpg\" style=\"FLOAT: none\" src=\"http://www.xjd.test/includes/ueditor/php/../../../images/image/49301437549833.jpg\"/></p><p><img title=\"5588f325Nbc38a815.jpg\" style=\"FLOAT: none\" src=\"http://www.xjd.test/includes/ueditor/php/../../../images/image/34281437549833.jpg\"/></p><p><br/></p><p></p>','','images/201507/thumb_img/117_thumb_G_1437524390888.jpg','','images/201507/goods_img/117_G_1437524390475.jpg','','images/201507/source_img/117_G_1437524390249.jpg',1,'',1,1,0,2,1437524369,100,0,0,1,0,0,10.0,0,1437524395,0,'',-1,-1,0,0,0,'',0,0,0.00,0,0),(118,5,'ECS000118','Midea/美的 KFR-35GW/WPAA3 大1.5匹极速变频冷暖空调 稀土压缩机','+',0,67,'',2000,0.000,2694.00,2245.00,0.00,0,0,0,0,0,0,5,'巧克力,零食,甜品,甜点','层层甄选 臻心臻意 爱的见证 巧克力让爱历久弥新 送佳人女友礼品','<p><img src=\"http://www.xjd.test/includes/ueditor/php/../../../bdimages/upload1/20150722/1437534693373515.jpg\" style=\"float:none;\" title=\"54ced12fN9ae6edd5.jpg\"/></p><p><img src=\"http://www.xjd.test/includes/ueditor/php/../../../bdimages/upload1/20150722/1437534693284224.jpg\" style=\"float:none;\" title=\"553db148N0383b5dd.jpg\"/></p><p><img src=\"http://www.xjd.test/includes/ueditor/php/../../../bdimages/upload1/20150722/1437534694380142.jpg\" style=\"float:none;\" title=\"5588f325Nbc38a815.jpg\"/></p><p><br/></p>','','images/201507/thumb_img/118_thumb_G_1437524872711.jpg','','images/201507/goods_img/118_G_1437524872285.jpg','','images/201507/source_img/118_G_1437524872951.jpg',1,'',1,1,0,22,1437524860,100,0,1,1,0,0,10.0,0,1437525064,0,'',-1,-1,0,0,0,'',0,0,0.00,0,0),(119,6,'ECS000119','艾生活 真皮床双人床 独特围边 精细做工 卧室家具','+',1,6,'',65535,0.000,3912.00,3260.00,0.00,0,0,0,0,0,0,1,'','','','','images/201507/thumb_img/119_thumb_G_1437525155564.jpg','','images/201507/goods_img/119_G_1437525155361.jpg','','images/201507/source_img/119_G_1437525155857.jpg',1,'',1,1,0,0,1437525155,100,0,1,1,1,0,10.0,0,1437586569,0,'',-1,-1,0,7,1,'',0,0,0.00,0,0),(120,6,'ECS000120','柏年好禾 家具 欧式床 真皮实木床 法式田园公主床','+',0,62,'',451,0.000,2517.60,2098.00,0.00,0,0,0,0,0,0,1,'','','','','images/201507/thumb_img/120_thumb_G_1437525234301.jpg','','images/201507/goods_img/120_G_1437525234107.jpg','','images/201507/source_img/120_G_1437525234056.jpg',1,'',1,1,0,0,1437525234,100,0,1,1,1,0,10.0,0,1437586552,0,'',-1,-1,0,7,1,'',0,0,0.00,0,0),(121,5,'ECS000121','Midea/美的 KFR-26GW/WJBA3@ 大1匹智能云除甲醛除湿冷暖变频空调','+',1,0,'',2000,0.000,2694.00,2245.00,0.00,0,0,0,0,0,0,5,'巧克力,零食,甜品,甜点','层层甄选 臻心臻意 爱的见证 巧克力让爱历久弥新 送佳人女友礼品','<p><img src=\"http://www.xjd.test/includes/ueditor/php/../../../bdimages/upload1/20150722/1437534693373515.jpg\" style=\"float:none;\" title=\"54ced12fN9ae6edd5.jpg\"/></p><p><img src=\"http://www.xjd.test/includes/ueditor/php/../../../bdimages/upload1/20150722/1437534693284224.jpg\" style=\"float:none;\" title=\"553db148N0383b5dd.jpg\"/></p><p><img src=\"http://www.xjd.test/includes/ueditor/php/../../../bdimages/upload1/20150722/1437534694380142.jpg\" style=\"float:none;\" title=\"5588f325Nbc38a815.jpg\"/></p><p><br/></p>','','images/201507/thumb_img/121_thumb_G_1437525509791.jpg','','images/201507/goods_img/121_G_1437525509613.jpg','','images/201507/source_img/121_G_1437525509102.jpg',1,'',1,1,0,22,1437525478,100,0,1,1,0,0,10.0,0,1437525520,0,'',-1,-1,0,0,0,'',0,0,0.00,0,0),(122,5,'ECS000122','二级大2P智能云定频冷暖柜机空调','+',3,71,'',2000,0.000,2694.00,2245.00,0.00,0,0,0,0,0,0,5,'巧克力,零食,甜品,甜点','层层甄选 臻心臻意 爱的见证 巧克力让爱历久弥新 送佳人女友礼品','<p><img src=\"http://www.xjd.test/includes/ueditor/php/../../../bdimages/upload1/20150722/1437534693373515.jpg\" style=\"float:none;\" title=\"54ced12fN9ae6edd5.jpg\"/></p><p><img src=\"http://www.xjd.test/includes/ueditor/php/../../../bdimages/upload1/20150722/1437534693284224.jpg\" style=\"float:none;\" title=\"553db148N0383b5dd.jpg\"/></p><p><img src=\"http://www.xjd.test/includes/ueditor/php/../../../bdimages/upload1/20150722/1437534694380142.jpg\" style=\"float:none;\" title=\"5588f325Nbc38a815.jpg\"/></p><p><br/></p>','','images/201507/thumb_img/122_thumb_G_1437525597541.jpg','','images/201507/goods_img/122_G_1437525597820.jpg','','images/201507/source_img/122_G_1437525597828.jpg',1,'',1,1,0,22,1437525577,100,0,1,1,0,0,10.0,0,1437525614,0,'',-1,-1,0,0,0,'',0,0,0.00,0,0),(123,5,'ECS000123','SIEMENS/西门子 BCD-610W(KA92NV03TI)双开家用对开门电冰箱无霜','+',2,70,'',2000,0.000,6294.00,5245.00,0.00,0,0,0,0,0,0,5,'巧克力,零食,甜品,甜点','层层甄选 臻心臻意 爱的见证 巧克力让爱历久弥新 送佳人女友礼品','<p><img src=\"http://www.xjd.test/includes/ueditor/php/../../../bdimages/upload1/20150722/1437534693373515.jpg\" style=\"float:none;\" title=\"54ced12fN9ae6edd5.jpg\"/></p><p><img src=\"http://www.xjd.test/includes/ueditor/php/../../../bdimages/upload1/20150722/1437534693284224.jpg\" style=\"float:none;\" title=\"553db148N0383b5dd.jpg\"/></p><p><img src=\"http://www.xjd.test/includes/ueditor/php/../../../bdimages/upload1/20150722/1437534694380142.jpg\" style=\"float:none;\" title=\"5588f325Nbc38a815.jpg\"/></p><p><br/></p>','','images/201507/thumb_img/123_thumb_G_1437525706093.jpg','','images/201507/goods_img/123_G_1437525706146.jpg','','images/201507/source_img/123_G_1437525706781.jpg',1,'',1,1,0,52,1437525692,100,0,1,1,0,0,10.0,0,1437525711,0,'',-1,-1,0,0,0,'',0,0,0.00,0,0),(124,5,'ECS000124','Haier/海尔 BCD-252WDBD 252升 无霜风冷 冷藏冷冻家用三门冰箱','+',0,66,'',2000,0.000,3894.00,3245.00,0.00,0,0,0,0,0,0,5,'巧克力,零食,甜品,甜点','层层甄选 臻心臻意 爱的见证 巧克力让爱历久弥新 送佳人女友礼品','<p><img src=\"http://www.xjd.test/includes/ueditor/php/../../../bdimages/upload1/20150722/1437534693373515.jpg\" style=\"float:none;\" title=\"54ced12fN9ae6edd5.jpg\"/></p><p><img src=\"http://www.xjd.test/includes/ueditor/php/../../../bdimages/upload1/20150722/1437534693284224.jpg\" style=\"float:none;\" title=\"553db148N0383b5dd.jpg\"/></p><p><img src=\"http://www.xjd.test/includes/ueditor/php/../../../bdimages/upload1/20150722/1437534694380142.jpg\" style=\"float:none;\" title=\"5588f325Nbc38a815.jpg\"/></p><p><br/></p>','','images/201507/thumb_img/124_thumb_G_1437525834721.jpg','','images/201507/goods_img/124_G_1437525834170.jpg','','images/201507/source_img/124_G_1437525834950.jpg',1,'',1,1,0,32,1437525813,100,0,0,1,0,0,10.0,0,1437525838,0,'',-1,-1,0,0,0,'',0,0,0.00,0,0),(125,5,'ECS000125','Haier/海尔 XQG70-B12866电商/7公斤 全自动 变频滚筒 洗衣机','+',2,0,'',2000,0.000,3894.00,3245.00,0.00,0,0,0,0,0,0,5,'巧克力,零食,甜品,甜点','层层甄选 臻心臻意 爱的见证 巧克力让爱历久弥新 送佳人女友礼品','<p><img src=\"http://www.xjd.test/includes/ueditor/php/../../../bdimages/upload1/20150722/1437534693373515.jpg\" style=\"float:none;\" title=\"54ced12fN9ae6edd5.jpg\"/></p><p><img src=\"http://www.xjd.test/includes/ueditor/php/../../../bdimages/upload1/20150722/1437534693284224.jpg\" style=\"float:none;\" title=\"553db148N0383b5dd.jpg\"/></p><p><img src=\"http://www.xjd.test/includes/ueditor/php/../../../bdimages/upload1/20150722/1437534694380142.jpg\" style=\"float:none;\" title=\"5588f325Nbc38a815.jpg\"/></p><p><br/></p>','','images/201507/thumb_img/125_thumb_G_1437525897177.jpg','','images/201507/goods_img/125_G_1437525897230.jpg','','images/201507/source_img/125_G_1437525897125.jpg',1,'',1,1,0,32,1437525885,100,0,0,1,0,0,10.0,0,1437525906,0,'',-1,-1,0,0,0,'',0,0,0.00,0,0),(126,5,'ECS000126','Midea/美的 MB60-VT1010H 全自动波轮洗衣机6公斤不锈钢 正品包邮','+',1,67,'',2000,0.000,3894.00,3245.00,0.00,0,0,0,0,0,0,5,'巧克力,零食,甜品,甜点','层层甄选 臻心臻意 爱的见证 巧克力让爱历久弥新 送佳人女友礼品','<p><img src=\"http://www.xjd.test/includes/ueditor/php/../../../bdimages/upload1/20150722/1437534693373515.jpg\" style=\"float:none;\" title=\"54ced12fN9ae6edd5.jpg\"/></p><p><img src=\"http://www.xjd.test/includes/ueditor/php/../../../bdimages/upload1/20150722/1437534693284224.jpg\" style=\"float:none;\" title=\"553db148N0383b5dd.jpg\"/></p><p><img src=\"http://www.xjd.test/includes/ueditor/php/../../../bdimages/upload1/20150722/1437534694380142.jpg\" style=\"float:none;\" title=\"5588f325Nbc38a815.jpg\"/></p><p><br/></p>','','images/201507/thumb_img/126_thumb_G_1437525951501.jpg','','images/201507/goods_img/126_G_1437525951211.jpg','','images/201507/source_img/126_G_1437525951539.jpg',1,'',1,1,0,32,1437525940,100,0,1,1,0,0,10.0,0,1437526636,0,'',-1,-1,0,0,0,'',0,0,0.00,0,0),(127,5,'ECS000127','Midea/美的 MK-HJ1501电热水壶不锈钢烧水壶保温自动断电进口温控','+',2,0,'',2000,0.000,294.00,245.00,0.00,0,0,0,0,0,0,5,'巧克力,零食,甜品,甜点','层层甄选 臻心臻意 爱的见证 巧克力让爱历久弥新 送佳人女友礼品','<p><img src=\"http://www.xjd.test/includes/ueditor/php/../../../bdimages/upload1/20150722/1437534693373515.jpg\" style=\"float:none;\" title=\"54ced12fN9ae6edd5.jpg\"/></p><p><img src=\"http://www.xjd.test/includes/ueditor/php/../../../bdimages/upload1/20150722/1437534693284224.jpg\" style=\"float:none;\" title=\"553db148N0383b5dd.jpg\"/></p><p><img src=\"http://www.xjd.test/includes/ueditor/php/../../../bdimages/upload1/20150722/1437534694380142.jpg\" style=\"float:none;\" title=\"5588f325Nbc38a815.jpg\"/></p><p><br/></p>','','images/201507/thumb_img/127_thumb_G_1437526071198.jpg','','images/201507/goods_img/127_G_1437526071721.jpg','','images/201507/source_img/127_G_1437526071045.jpg',1,'',1,1,0,2,1437526058,100,0,1,1,0,0,10.0,0,1437526118,0,'',-1,-1,0,0,0,'',0,0,0.00,0,0),(128,5,'ECS000128','Gree/格力 KFR-72LW/(72596)FNAa-A3 变频3P立式柜机空调 Q铂','+',0,68,'',2221,0.000,7680.00,6400.00,0.00,0,0,0,0,0,0,1,'','','<p><img title=\"54ced12fN9ae6edd5.jpg\" style=\"FLOAT: none\" src=\"http://www.xjd.test/includes/ueditor/php/../../../images/image/98741437549833.jpg\"/></p><p><img title=\"553db148N0383b5dd.jpg\" style=\"FLOAT: none\" src=\"http://www.xjd.test/includes/ueditor/php/../../../images/image/49301437549833.jpg\"/></p><p><img title=\"5588f325Nbc38a815.jpg\" style=\"FLOAT: none\" src=\"http://www.xjd.test/includes/ueditor/php/../../../images/image/34281437549833.jpg\"/></p><p><br/></p><p></p>','','images/201507/thumb_img/128_thumb_G_1437526271316.jpg','','images/201507/goods_img/128_G_1437526271091.jpg','','images/201507/source_img/128_G_1437526271519.jpg',1,'',1,1,0,64,1437526257,100,0,0,1,0,0,10.0,0,1437526276,0,'',-1,-1,0,0,0,'',0,0,0.00,0,0),(129,6,'ECS000129','铂尼诗 家具 床 皮床 卧室家具套装','+',0,83,'',6771,0.000,4065.60,3388.00,0.00,0,0,0,0,0,0,1,'','','','','images/201507/thumb_img/129_thumb_G_1437527006289.jpg','','images/201507/goods_img/129_G_1437527006845.jpg','','images/201507/source_img/129_G_1437527006876.jpg',1,'',1,1,0,0,1437527006,100,0,1,1,1,0,10.0,0,1437593524,0,'',-1,-1,0,7,1,'',0,0,0.00,0,0),(130,6,'ECS000130','全是美 小户型梳妆台 欧式梳妆台 现代 简约','+',0,52,'',45641,0.000,1065.60,888.00,0.00,0,0,0,0,0,0,1,'','','','','images/201507/thumb_img/130_thumb_G_1437527119516.jpg','','images/201507/goods_img/130_G_1437527119564.jpg','','images/201507/source_img/130_G_1437527119004.jpg',1,'',1,1,0,0,1437527119,100,0,1,1,0,0,10.0,0,1437586605,0,'',-1,-1,0,7,1,'',0,0,0.00,0,0),(131,6,'ECS000131','摩登生活 法式梳妆台欧式梳妆台实木梳妆台','+',1,48,'',5641,0.000,1479.60,1233.00,0.00,0,0,0,0,0,0,1,'','','','','images/201507/thumb_img/131_thumb_G_1437527214145.jpg','','images/201507/goods_img/131_G_1437527214718.jpg','','images/201507/source_img/131_G_1437527214623.jpg',1,'',1,1,0,0,1437527214,100,0,1,1,0,0,10.0,0,1437586619,0,'',-1,-1,0,7,1,'',0,0,0.00,0,0),(132,3,'ECS000132','相宜本草红景天3件套（洁面膏100g+精华水120ml+精华乳120g）','+',0,5,'',2000,0.000,207.00,173.00,0.00,0,0,0,0,0,0,1,'','','','','images/201507/thumb_img/132_thumb_G_1437528103895.jpg','','images/201507/goods_img/132_G_1437528103786.jpg','','images/201507/source_img/132_G_1437528103159.jpg',1,'',1,1,0,0,1437528103,100,0,0,1,0,0,10.0,0,1437529333,0,'',-1,-1,0,6,1,'',0,0,0.00,0,0),(137,6,'ECS000137','LOVO 罗莱家纺出品全棉斜纹床品套件四件套 兔斯基','+',9,11,'',4661,0.000,478.79,399.00,0.00,0,0,0,0,0,0,1,'','','','','images/201507/thumb_img/137_thumb_G_1437528855059.jpg','','images/201507/goods_img/137_G_1437528855103.jpg','','images/201507/source_img/137_G_1437528855107.jpg',1,'',1,1,0,0,1437528855,1,0,1,1,0,0,10.0,0,1437586534,0,'',-1,-1,0,7,1,'',0,0,0.00,0,0),(133,3,'ECS000133','相宜本草光彩立现睡眠面膜(净白莹润)135g','+',0,5,'',2000,0.000,36.00,30.00,0.00,0,0,0,0,0,0,1,'','','','','images/201507/thumb_img/133_thumb_G_1437528350250.jpg','','images/201507/goods_img/133_G_1437528350404.jpg','','images/201507/source_img/133_G_1437528350678.jpg',1,'',1,1,0,0,1437528350,100,0,0,1,0,0,10.0,0,1437529332,0,'',-1,-1,0,6,1,'',0,0,0.00,0,0),(134,3,'ECS000134','迪奥新魅惑淡香水5ml','+',2,6,'',2000,0.000,154.00,129.00,0.00,0,0,0,0,0,0,1,'','','','','images/201507/thumb_img/134_thumb_G_1437528500701.jpg','','images/201507/goods_img/134_G_1437528500596.jpg','','images/201507/source_img/134_G_1437528500632.jpg',1,'',1,1,0,0,1437528500,100,0,1,1,0,0,10.0,0,1437529366,0,'',-1,-1,0,6,1,'',0,0,0.00,0,0),(135,3,'ECS000135','迪奥真我香水50ml','+',4,6,'',2000,0.000,1143.00,953.00,0.00,0,0,0,0,0,0,1,'','','','','images/201507/thumb_img/135_thumb_G_1437528636775.jpg','','images/201507/goods_img/135_G_1437528636372.jpg','','images/201507/source_img/135_G_1437528636248.jpg',1,'',1,1,0,0,1437528636,100,0,1,1,0,0,10.0,0,1437529369,0,'',-1,-1,0,6,1,'',0,0,0.00,0,0),(136,3,'ECS000136','Dior迪奥唇膏/变色润唇膏/粉红魅惑润唇膏3.5g 润唇蜜/口红 唇彩 唇膏','+',0,6,'',2000,0.000,216.00,180.00,0.00,0,0,0,0,0,0,1,'','','','','images/201507/thumb_img/136_thumb_G_1437528720014.jpg','','images/201507/goods_img/136_G_1437528720202.jpg','','images/201507/source_img/136_G_1437528720431.jpg',1,'',1,1,0,0,1437528720,100,0,1,1,0,0,10.0,0,1437529363,0,'',-1,-1,0,6,1,'',0,0,0.00,0,0),(141,3,'ECS000141','韩束 红石榴鲜活水盈七件套（洗面奶/爽肤水/乳液/眼霜）','+',1,15,'',2000,0.000,202.00,169.00,0.00,0,0,0,0,0,0,1,'','','','','images/201507/thumb_img/141_thumb_G_1437529046088.jpg','','images/201507/goods_img/141_G_1437529046041.jpg','','images/201507/source_img/141_G_1437529046881.jpg',1,'',1,1,0,0,1437529046,100,0,1,1,0,0,10.0,0,1437530800,0,'',-1,-1,0,6,1,'',0,0,0.00,0,0),(138,3,'ECS000138','SK-II护肤精华露75ml','+',0,13,'',2000,0.000,620.00,419.00,0.00,0,0,0,0,0,0,1,'','','','','images/201507/thumb_img/138_thumb_G_1437528884580.jpg','','images/201507/goods_img/138_G_1437528884266.jpg','','images/201507/source_img/138_G_1437528884504.jpg',1,'',1,1,0,0,1437528884,100,0,1,1,0,0,10.0,0,1437529361,0,'',-1,-1,0,6,1,'',0,0,0.00,0,0),(139,6,'ECS000139','优雅100 经典设计款全棉斜纹印花四件套','+',5,81,'',4551,0.000,226.79,189.00,0.00,0,0,0,0,0,0,1,'','','','','images/201507/thumb_img/139_thumb_G_1437528892306.jpg','','images/201507/goods_img/139_G_1437528892288.jpg','','images/201507/source_img/139_G_1437528892333.jpg',1,'',1,1,0,0,1437528892,0,0,1,1,0,0,10.0,0,1437534004,0,'',-1,-1,0,7,1,'',0,0,0.00,0,0),(140,6,'ECS000140','雅鹿全棉四件套纯棉套件床上用品 回忆蓝 1.8米床','+',15,78,'',43451,0.000,399.59,333.00,0.00,0,0,0,0,0,0,1,'','','','','images/201507/thumb_img/140_thumb_G_1437528915082.jpg','','images/201507/goods_img/140_G_1437528915321.jpg','','images/201507/source_img/140_G_1437528915207.jpg',1,'',1,1,0,0,1437528915,1,0,1,1,1,0,10.0,0,1443592538,0,'',-1,-1,0,7,1,'',0,0,0.00,0,0),(142,3,'ECS000142','兰芝夜间修护睡眠面膜70ml','+',1,18,'',2000,0.000,231.00,193.00,0.00,0,0,0,0,0,0,1,'','','','','images/201507/thumb_img/142_thumb_G_1437529449611.jpg','','images/201507/goods_img/142_G_1437529449591.jpg','','images/201507/source_img/142_G_1437529449277.jpg',1,'',1,1,0,0,1437529449,100,0,0,1,0,0,10.0,0,1437530826,0,'',-1,-1,0,6,1,'',0,0,0.00,0,0),(143,4,'ECS000143','小米（MI）小米Note 移动联通双4G 特别版(16G ROM)','+',11,20,'',2800,0.000,2500.00,2098.00,0.00,0,0,0,0,0,0,5,'手机,苹果,苹果6,apple,爱疯','尺寸更大，却愈加纤薄；性能更强，却效能非凡。堪称 iPhone 新一代至为出众的大作','<p><img src=\"http://www.xjd.test/includes/ueditor/php/../../../bdimages/upload1/20150722/1437552014793979.jpg\" style=\"float:none;\" title=\"5472b9beNa9239991.jpg\"/></p><p><img src=\"http://www.xjd.test/includes/ueditor/php/../../../bdimages/upload1/20150722/1437552014466120.jpg\" style=\"float:none;\" title=\"5472b9c3N15908cc7.jpg\"/></p><p><img src=\"http://www.xjd.test/includes/ueditor/php/../../../bdimages/upload1/20150722/1437552014223464.jpg\" style=\"float:none;\" title=\"5472b9c8N99f601b3.jpg\"/></p><p><img src=\"http://www.xjd.test/includes/ueditor/php/../../../bdimages/upload1/20150722/1437552014190630.jpg\" style=\"float:none;\" title=\"5472b9d2N5f40a1e4.jpg\"/></p><p><br/></p>','','images/201507/thumb_img/143_thumb_G_1437529603664.jpg','','images/201507/goods_img/143_G_1437529603658.jpg','','images/201507/source_img/143_G_1437529603625.jpg',1,'',1,1,0,20,1437529544,50,0,1,1,0,0,10.0,1,1437583452,1,'',-1,-1,0,0,0,'',0,0,0.00,0,0),(144,3,'ECS000144','CK卡文克莱卡莱优淡香水100ML ck香水','+',0,2,'',2000,0.000,142.00,119.00,0.00,0,0,0,0,0,0,1,'','','','','images/201507/thumb_img/144_thumb_G_1437529582625.jpg','','images/201507/goods_img/144_G_1437529582582.jpg','','images/201507/source_img/144_G_1437529582455.jpg',1,'',1,1,0,0,1437529582,100,0,0,1,0,0,10.0,0,1437530825,0,'',-1,-1,0,6,1,'',0,0,0.00,0,0),(145,3,'ECS000145','海飞丝去屑洗发露(海洋活力型)750ml','+',3,19,'',2000,0.000,97.00,81.00,0.00,0,0,0,0,0,0,1,'','','','','images/201507/thumb_img/145_thumb_G_1437529875442.jpg','','images/201507/goods_img/145_G_1437529875700.jpg','','images/201507/source_img/145_G_1437529875311.jpg',1,'',1,1,0,0,1437529875,100,0,0,1,0,0,10.0,0,1437530823,0,'',-1,-1,0,6,1,'',0,0,0.00,0,0),(146,3,'ECS000146','水之密语 凝润水护护发素600ml','+',1,17,'',2000,0.000,81.00,68.00,0.00,0,0,0,0,0,0,1,'','','','','images/201507/thumb_img/146_thumb_G_1437530004681.jpg','','images/201507/goods_img/146_G_1437530004715.jpg','','images/201507/source_img/146_G_1437530004111.jpg',1,'',1,1,0,0,1437530004,100,0,0,1,0,0,10.0,0,1437530822,0,'',-1,-1,0,6,1,'',0,0,0.00,0,0),(147,4,'ECS000147','【套装版】荣耀 6 Plus (PE-TL20) 3GB内存标准版 白色 移动4G手机 双卡双待双通','+',2,25,'',4000,0.000,2300.00,2199.00,0.00,0,0,0,0,0,0,5,'手机,苹果,苹果6,apple,爱疯','尺寸更大，却愈加纤薄；性能更强，却效能非凡。堪称 iPhone 新一代至为出众的大作','<p><img src=\"http://www.xjd.test/includes/ueditor/php/../../../bdimages/upload1/20150722/1437552014793979.jpg\" style=\"float:none;\" title=\"5472b9beNa9239991.jpg\"/></p><p><img src=\"http://www.xjd.test/includes/ueditor/php/../../../bdimages/upload1/20150722/1437552014466120.jpg\" style=\"float:none;\" title=\"5472b9c3N15908cc7.jpg\"/></p><p><img src=\"http://www.xjd.test/includes/ueditor/php/../../../bdimages/upload1/20150722/1437552014223464.jpg\" style=\"float:none;\" title=\"5472b9c8N99f601b3.jpg\"/></p><p><img src=\"http://www.xjd.test/includes/ueditor/php/../../../bdimages/upload1/20150722/1437552014190630.jpg\" style=\"float:none;\" title=\"5472b9d2N5f40a1e4.jpg\"/></p><p><br/></p>','','images/201507/thumb_img/147_thumb_G_1437530142553.jpg','','images/201507/goods_img/147_G_1437530142001.jpg','','images/201507/source_img/147_G_1437530142193.jpg',1,'',1,1,0,20,1437530022,50,0,0,1,0,0,10.0,1,1437532435,1,'',-1,-1,0,0,0,'',0,0,0.00,0,0),(148,8,'ECS000148','诺优能(Nutrilon) 幼儿配方奶粉 3段(12-24个月幼儿适用) ','+',3,100,'',4551,0.000,190.79,159.00,0.00,0,0,0,0,0,0,1,'','','','','images/201507/thumb_img/148_thumb_G_1437530157610.jpg','','images/201507/goods_img/148_G_1437530157540.jpg','','images/201507/source_img/148_G_1437530157875.jpg',1,'',1,1,0,1,1437530095,100,0,0,1,0,0,10.0,0,1437530305,0,'',-1,-1,0,0,0,'',0,0,0.00,0,0),(149,3,'ECS000149','卡姿兰彩妆套装 睫毛膏粉饼眉粉眉笔 专柜初学者化妆套装','+',30,4,'',2000,0.000,588.00,490.00,0.00,0,0,0,0,0,0,1,'','','','images/201604/thumb_img/149_thumb2_G_1461623671942.jpg','images/201604/thumb_img/149_thumb_G_1461623671813.jpg','','images/201604/goods_img/149_G_1461623671607.jpg','','images/201604/source_img/149_G_1461623671938.jpg',1,'',1,1,0,0,1437530202,100,0,0,1,0,0,10.0,0,1461623671,0,'',-1,-1,0,6,1,'',0,0,0.00,0,0),(150,8,'ECS000150','惠氏(Wyeth)S-26金装幼儿乐幼儿配方奶粉','+',2,99,'',5671,0.000,253.20,211.00,0.00,0,0,0,0,0,0,1,'','','','','images/201507/thumb_img/150_thumb_G_1437530289196.jpg','','images/201507/goods_img/150_G_1437530289808.jpg','','images/201507/source_img/150_G_1437530289423.jpg',1,'',1,1,0,2,1437530244,100,0,0,1,0,0,10.0,0,1437530478,0,'',-1,-1,0,0,0,'',0,0,0.00,0,0),(152,3,'ECS000152','Dior迪奥 限量版彩妆盘 眼影 粉饼 睫毛膏 腮红 唇彩','+',10,0,'',2000,0.000,634.00,529.00,0.00,0,0,0,0,0,0,1,'','','','','images/201507/thumb_img/152_thumb_G_1437530333924.jpg','','images/201507/goods_img/152_G_1437530333335.jpg','','images/201507/source_img/152_G_1437530333287.jpg',1,'',1,1,0,0,1437530333,100,0,0,1,0,0,10.0,0,1437530820,0,'',-1,-1,0,6,1,'',0,0,0.00,0,0),(151,7,'ECS000151','可口可乐330ml*24听 整箱装','+',0,91,'',1000,0.000,60.00,50.00,0.00,0,0,0,0,0,0,1,'','','<p><img src=\"http://www.xjd.test/includes/ueditor/php/../../../bdimages/upload1/20150722/1437559135138631.jpg\" style=\"float:none;\" title=\"rBEhVVG5eQsIAAAAAADnotICtSEAAAMoANkOsIAAOe6142.jpg\"/></p><p><img src=\"http://www.xjd.test/includes/ueditor/php/../../../bdimages/upload1/20150722/1437559135233447.jpg\" style=\"float:none;\" title=\"rBEhWlG5eRoIAAAAAAFvUnMZLeQAAAMoAL9v4MAAW9q573.jpg\"/></p><p style=\"text-align: center;\"><br/></p>','','images/201507/thumb_img/151_thumb_G_1437530254383.jpg','','images/201507/goods_img/151_G_1437530254462.jpg','','images/201507/source_img/151_G_1437530254514.jpg',1,'',1,1,0,0,1437530254,100,0,0,1,0,0,10.0,0,1437530821,0,'',-1,-1,0,8,1,'',0,0,0.00,0,0),(153,3,'ECS000153','沙宣垂坠质感润发乳750ml','+',0,1,'',2000,0.000,108.00,90.00,0.00,0,0,0,0,0,0,1,'','','','','images/201507/thumb_img/153_thumb_G_1437530435593.jpg','','images/201507/goods_img/153_G_1437530435087.jpg','','images/201507/source_img/153_G_1437530435554.jpg',1,'',1,1,0,0,1437530435,100,0,0,1,0,0,10.0,0,1437530819,0,'',-1,-1,0,6,1,'',0,0,0.00,0,0),(154,8,'ECS000154','美素力（frisolac）金装婴儿配方奶粉 1段（0-6个月婴儿适用）','+',0,1,'',6781,0.000,266.40,222.00,0.00,0,0,0,0,0,0,1,'','','','','images/201507/thumb_img/154_thumb_G_1437530449742.jpg','','images/201507/goods_img/154_G_1437530449264.jpg','','images/201507/source_img/154_G_1437530449617.jpg',1,'',1,1,0,2,1437530438,100,0,0,1,0,0,10.0,0,1437530460,0,'',-1,-1,0,0,0,'',0,0,0.00,0,0),(155,4,'ECS000155','三星 Galaxy S6 edge（G9250）32G版 铂光金 移动联通电信4G手机','+',14,30,'',2500,0.000,6300.00,6088.00,0.00,0,0,0,0,0,0,5,'手机,苹果,苹果6,apple,爱疯','尺寸更大，却愈加纤薄；性能更强，却效能非凡。堪称 iPhone 新一代至为出众的大作','<p><img src=\"http://www.xjd.test/includes/ueditor/php/../../../bdimages/upload1/20150722/1437552014793979.jpg\" style=\"float:none;\" title=\"5472b9beNa9239991.jpg\"/></p><p><img src=\"http://www.xjd.test/includes/ueditor/php/../../../bdimages/upload1/20150722/1437552014466120.jpg\" style=\"float:none;\" title=\"5472b9c3N15908cc7.jpg\"/></p><p><img src=\"http://www.xjd.test/includes/ueditor/php/../../../bdimages/upload1/20150722/1437552014223464.jpg\" style=\"float:none;\" title=\"5472b9c8N99f601b3.jpg\"/></p><p><img src=\"http://www.xjd.test/includes/ueditor/php/../../../bdimages/upload1/20150722/1437552014190630.jpg\" style=\"float:none;\" title=\"5472b9d2N5f40a1e4.jpg\"/></p><p><br/></p>','','images/201507/thumb_img/155_thumb_G_1437530585448.jpg','','images/201507/goods_img/155_G_1437530585620.jpg','','images/201507/source_img/155_G_1437530585625.jpg',1,'',1,1,0,60,1437530447,50,0,1,1,0,0,10.0,1,1437583299,1,'',-1,-1,0,0,0,'',0,0,0.00,0,0),(156,7,'ECS000156','雪花啤酒 纯生8度500ml*12听 纸箱装','+',0,90,'',1000,0.000,115.19,96.00,0.00,0,0,0,0,0,0,1,'','','<p><img src=\"http://www.xjd.test/includes/ueditor/php/../../../bdimages/upload1/20150722/1437559135138631.jpg\" style=\"float:none;\" title=\"rBEhVVG5eQsIAAAAAADnotICtSEAAAMoANkOsIAAOe6142.jpg\"/></p><p><img src=\"http://www.xjd.test/includes/ueditor/php/../../../bdimages/upload1/20150722/1437559135233447.jpg\" style=\"float:none;\" title=\"rBEhWlG5eRoIAAAAAAFvUnMZLeQAAAMoAL9v4MAAW9q573.jpg\"/></p><p style=\"text-align: center;\"><br/></p>','','images/201507/thumb_img/156_thumb_G_1437530488156.jpg','','images/201507/goods_img/156_G_1437530488747.jpg','','images/201507/source_img/156_G_1437530488003.jpg',1,'',1,1,0,0,1437530488,100,0,0,1,0,0,10.0,0,1437530815,0,'',-1,-1,0,8,1,'',0,0,0.00,0,0),(157,7,'ECS000157','统一 微食刻（衡）100%果蔬汁 280ml/瓶','+',2,93,'',1000,0.000,14.39,12.00,0.00,0,0,0,0,0,0,1,'','','<p><img src=\"http://www.xjd.test/includes/ueditor/php/../../../bdimages/upload1/20150722/1437559135138631.jpg\" style=\"float:none;\" title=\"rBEhVVG5eQsIAAAAAADnotICtSEAAAMoANkOsIAAOe6142.jpg\"/></p><p><img src=\"http://www.xjd.test/includes/ueditor/php/../../../bdimages/upload1/20150722/1437559135233447.jpg\" style=\"float:none;\" title=\"rBEhWlG5eRoIAAAAAAFvUnMZLeQAAAMoAL9v4MAAW9q573.jpg\"/></p><p style=\"text-align: center;\"><br/></p>','','images/201507/thumb_img/157_thumb_G_1437530558629.jpg','','images/201507/goods_img/157_G_1437530558448.jpg','','images/201507/source_img/157_G_1437530558279.jpg',1,'',1,1,0,0,1437530558,100,0,1,1,0,0,10.0,0,1437530942,0,'',-1,-1,0,8,1,'',0,0,0.00,0,0),(158,3,'ECS000158','L’OREAL/欧莱雅 精油润养洗发露700ml','+',0,6,'',2000,0.000,48.00,40.00,0.00,0,0,0,0,0,0,1,'','','','','images/201507/thumb_img/158_thumb_G_1437530565110.jpg','','images/201507/goods_img/158_G_1437530565641.jpg','','images/201507/source_img/158_G_1437530565084.jpg',1,'',1,1,0,0,1437530565,100,0,0,1,0,0,10.0,0,1437531682,0,'',-1,-1,0,6,1,'',0,0,0.00,0,0),(159,7,'ECS000159','统一 小茗同学 480ml/瓶 新品上市','+',1,0,'',1000,0.000,6.00,5.00,0.00,0,0,0,0,0,0,1,'','','<p><img src=\"http://www.xjd.test/includes/ueditor/php/../../../bdimages/upload1/20150722/1437559135138631.jpg\" style=\"float:none;\" title=\"rBEhVVG5eQsIAAAAAADnotICtSEAAAMoANkOsIAAOe6142.jpg\"/></p><p><img src=\"http://www.xjd.test/includes/ueditor/php/../../../bdimages/upload1/20150722/1437559135233447.jpg\" style=\"float:none;\" title=\"rBEhWlG5eRoIAAAAAAFvUnMZLeQAAAMoAL9v4MAAW9q573.jpg\"/></p><p style=\"text-align: center;\"><br/></p>','','images/201507/thumb_img/159_thumb_G_1437530614630.jpg','','images/201507/goods_img/159_G_1437530614407.jpg','','images/201507/source_img/159_G_1437530614371.jpg',1,'',1,1,0,0,1437530614,100,0,1,1,0,0,10.0,0,1437531682,0,'',-1,-1,0,8,1,'',0,0,0.00,0,0),(160,7,'ECS000160','统一 小茗同学 冷泡茶 茉莉萃茶 480ml/瓶 新品上市','+',0,93,'',1000,0.000,6.00,5.00,0.00,0,0,0,0,0,0,1,'','','<p><img src=\"http://www.xjd.test/includes/ueditor/php/../../../bdimages/upload1/20150722/1437559135138631.jpg\" style=\"float:none;\" title=\"rBEhVVG5eQsIAAAAAADnotICtSEAAAMoANkOsIAAOe6142.jpg\"/></p><p><img src=\"http://www.xjd.test/includes/ueditor/php/../../../bdimages/upload1/20150722/1437559135233447.jpg\" style=\"float:none;\" title=\"rBEhWlG5eRoIAAAAAAFvUnMZLeQAAAMoAL9v4MAAW9q573.jpg\"/></p><p style=\"text-align: center;\"><br/></p>','','images/201507/thumb_img/160_thumb_G_1437530668110.jpg','','images/201507/goods_img/160_G_1437530668855.jpg','','images/201507/source_img/160_G_1437530668500.jpg',1,'',1,1,0,0,1437530668,100,0,1,1,0,0,10.0,0,1437531682,0,'',-1,-1,0,8,1,'',0,0,0.00,0,0),(161,3,'ECS000161','欧莱雅(L’OREAL)多效修复超值洗护套装','+',0,19,'',2000,0.000,72.00,60.00,0.00,0,0,0,0,0,0,1,'','','','','images/201507/thumb_img/161_thumb_G_1437530711935.jpg','','images/201507/goods_img/161_G_1437530711331.jpg','','images/201507/source_img/161_G_1437530711013.jpg',1,'',1,1,0,0,1437530711,100,0,0,1,0,0,10.0,0,1437531682,0,'',-1,-1,0,6,1,'',0,0,0.00,0,0),(162,4,'ECS000162','HTC One M9w 联通4G手机 乌金灰','+',1,24,'',3000,0.000,4200.00,3837.00,0.00,0,0,0,0,0,0,5,'手机,苹果,苹果6,apple,爱疯','尺寸更大，却愈加纤薄；性能更强，却效能非凡。堪称 iPhone 新一代至为出众的大作','<p><img src=\"http://www.xjd.test/includes/ueditor/php/../../../bdimages/upload1/20150722/1437552014793979.jpg\" style=\"float:none;\" title=\"5472b9beNa9239991.jpg\"/></p><p><img src=\"http://www.xjd.test/includes/ueditor/php/../../../bdimages/upload1/20150722/1437552014466120.jpg\" style=\"float:none;\" title=\"5472b9c3N15908cc7.jpg\"/></p><p><img src=\"http://www.xjd.test/includes/ueditor/php/../../../bdimages/upload1/20150722/1437552014223464.jpg\" style=\"float:none;\" title=\"5472b9c8N99f601b3.jpg\"/></p><p><img src=\"http://www.xjd.test/includes/ueditor/php/../../../bdimages/upload1/20150722/1437552014190630.jpg\" style=\"float:none;\" title=\"5472b9d2N5f40a1e4.jpg\"/></p><p><br/></p>','','images/201507/thumb_img/162_thumb_G_1437530928053.jpg','','images/201507/goods_img/162_G_1437530928531.jpg','','images/201507/source_img/162_G_1437530928860.jpg',1,'',1,1,0,38,1437530843,50,0,0,1,0,0,10.0,1,1437583276,1,'',-1,-1,0,0,0,'',0,0,0.00,0,0),(163,3,'ECS000163','欧莱雅透明质酸水润洗发露400ml*2+透明质酸水润润发乳400ml','+',0,1,'',2000,0.000,90.00,75.00,0.00,0,0,0,0,0,0,1,'','','','','images/201507/thumb_img/163_thumb_G_1437530957991.jpg','','images/201507/goods_img/163_G_1437530957673.jpg','','images/201507/source_img/163_G_1437530957855.jpg',1,'',1,1,0,0,1437530957,100,0,0,1,0,0,10.0,0,1437531682,0,'',-1,-1,0,6,1,'',0,0,0.00,0,0),(164,3,'ECS000164','L’OREAL/欧莱雅 洗发护发套装 ','+',0,1,'',2000,0.000,117.00,98.00,0.00,0,0,0,0,0,0,1,'','','','','images/201507/thumb_img/164_thumb_G_1437531039732.jpg','','images/201507/goods_img/164_G_1437531039963.jpg','','images/201507/source_img/164_G_1437531039777.jpg',1,'',1,1,0,0,1437531039,100,0,0,1,0,0,10.0,0,1437531682,0,'',-1,-1,0,6,1,'',0,0,0.00,0,0),(165,7,'ECS000165','意大利进口柠檬汁 宝蓝吉柠檬汁烘培原料 100%浓缩纯柠檬汁 500ml','+',0,99,'',1000,0.000,10.79,9.00,0.00,0,0,0,0,0,0,1,'','','<p><img src=\"http://www.xjd.test/includes/ueditor/php/../../../bdimages/upload1/20150722/1437559135138631.jpg\" style=\"float:none;\" title=\"rBEhVVG5eQsIAAAAAADnotICtSEAAAMoANkOsIAAOe6142.jpg\"/></p><p><img src=\"http://www.xjd.test/includes/ueditor/php/../../../bdimages/upload1/20150722/1437559135233447.jpg\" style=\"float:none;\" title=\"rBEhWlG5eRoIAAAAAAFvUnMZLeQAAAMoAL9v4MAAW9q573.jpg\"/></p><p style=\"text-align: center;\"><br/></p>','','images/201507/thumb_img/165_thumb_G_1437531060371.jpg','','images/201507/goods_img/165_G_1437531060642.jpg','','images/201507/source_img/165_G_1437531060233.jpg',1,'',1,1,0,0,1437531060,100,0,1,0,0,0,10.0,0,1437531682,0,'',-1,-1,0,8,1,'',0,0,0.00,0,0),(166,3,'ECS000166','欧莱雅角质顺滑去屑洗发露200ml','+',0,1,'',2000,0.000,26.00,22.00,0.00,0,0,0,0,0,0,1,'','','','','images/201507/thumb_img/166_thumb_G_1437531158758.jpg','','images/201507/goods_img/166_G_1437531158194.jpg','','images/201507/source_img/166_G_1437531158626.jpg',1,'',1,1,0,0,1437531158,100,0,0,1,0,0,10.0,0,1437531682,0,'',-1,-1,0,6,1,'',0,0,0.00,0,0),(167,7,'ECS000167','菠萝浓缩水果饮料 840ml 冲饮果汁','+',1,0,'',1000,0.000,13.20,11.00,0.00,0,0,0,0,0,0,1,'','','<p><img src=\"http://www.xjd.test/includes/ueditor/php/../../../bdimages/upload1/20150722/1437559135138631.jpg\" style=\"float:none;\" title=\"rBEhVVG5eQsIAAAAAADnotICtSEAAAMoANkOsIAAOe6142.jpg\"/></p><p><img src=\"http://www.xjd.test/includes/ueditor/php/../../../bdimages/upload1/20150722/1437559135233447.jpg\" style=\"float:none;\" title=\"rBEhWlG5eRoIAAAAAAFvUnMZLeQAAAMoAL9v4MAAW9q573.jpg\"/></p><p style=\"text-align: center;\"><br/></p>','','images/201507/thumb_img/167_thumb_G_1437531185892.jpg','','images/201507/goods_img/167_G_1437531185550.jpg','','images/201507/source_img/167_G_1437531185750.jpg',1,'',1,1,0,0,1437531185,100,0,0,1,0,0,10.0,0,1437531682,0,'',-1,-1,0,8,1,'',0,0,0.00,0,0),(168,4,'ECS000168','朵唯 懂小姐美颜自拍女性机 (C9) 薄荷绿 移动4G手机','+',8,23,'',3000,0.000,999.00,899.00,0.00,0,0,0,0,0,0,5,'手机,苹果,苹果6,apple,爱疯','尺寸更大，却愈加纤薄；性能更强，却效能非凡。堪称 iPhone 新一代至为出众的大作','<p><img src=\"http://www.xjd.test/includes/ueditor/php/../../../bdimages/upload1/20150722/1437552014793979.jpg\" style=\"float:none;\" title=\"5472b9beNa9239991.jpg\"/></p><p><img src=\"http://www.xjd.test/includes/ueditor/php/../../../bdimages/upload1/20150722/1437552014466120.jpg\" style=\"float:none;\" title=\"5472b9c3N15908cc7.jpg\"/></p><p><img src=\"http://www.xjd.test/includes/ueditor/php/../../../bdimages/upload1/20150722/1437552014223464.jpg\" style=\"float:none;\" title=\"5472b9c8N99f601b3.jpg\"/></p><p><img src=\"http://www.xjd.test/includes/ueditor/php/../../../bdimages/upload1/20150722/1437552014190630.jpg\" style=\"float:none;\" title=\"5472b9d2N5f40a1e4.jpg\"/></p><p><br/></p>','','images/201507/thumb_img/168_thumb_G_1437531325629.jpg','','images/201507/goods_img/168_G_1437531325016.jpg','','images/201507/source_img/168_G_1437531325254.jpg',1,'',1,1,0,8,1437531314,50,0,1,1,0,0,10.0,1,1437583255,1,'',-1,-1,0,0,0,'',0,0,0.00,0,0),(169,3,'ECS000169','迪奥(Dior) EDT CD 花漾甜心女士香水100ML','+',1,6,'',2000,0.000,948.00,790.00,0.00,0,0,0,0,0,0,1,'','','','','images/201507/thumb_img/169_thumb_G_1437531448738.jpg','','images/201507/goods_img/169_G_1437531448124.jpg','','images/201507/source_img/169_G_1437531448288.jpg',1,'',1,1,0,0,1437531448,100,0,0,1,0,0,10.0,0,1437531690,0,'',-1,-1,0,6,1,'',0,0,0.00,0,0),(170,7,'ECS000170','HEINEKEN 喜力啤酒 啤酒 罐装 500ml*24罐','+',1,91,'',1000,0.000,237.60,198.00,0.00,0,0,0,0,0,0,1,'','','<p><img src=\"http://www.xjd.test/includes/ueditor/php/../../../bdimages/upload1/20150722/1437559135138631.jpg\" style=\"float:none;\" title=\"rBEhVVG5eQsIAAAAAADnotICtSEAAAMoANkOsIAAOe6142.jpg\"/></p><p><img src=\"http://www.xjd.test/includes/ueditor/php/../../../bdimages/upload1/20150722/1437559135233447.jpg\" style=\"float:none;\" title=\"rBEhWlG5eRoIAAAAAAFvUnMZLeQAAAMoAL9v4MAAW9q573.jpg\"/></p><p style=\"text-align: center;\"><br/></p>','','images/201507/thumb_img/170_thumb_G_1437531516359.jpg','','images/201507/goods_img/170_G_1437531516736.jpg','','images/201507/source_img/170_G_1437531516035.jpg',1,'',1,1,0,0,1437531516,100,0,1,1,0,0,10.0,0,1437531756,0,'',-1,-1,0,8,1,'',0,0,0.00,0,0),(171,7,'ECS000171','HEINEKEN 喜力啤酒 啤酒 罐装 330ml*24罐','+',1,0,'',1001,0.000,189.60,158.00,0.00,0,0,0,0,0,0,1,'','','<p><img src=\"http://www.xjd.test/includes/ueditor/php/../../../bdimages/upload1/20150722/1437559135138631.jpg\" style=\"float:none;\" title=\"rBEhVVG5eQsIAAAAAADnotICtSEAAAMoANkOsIAAOe6142.jpg\"/></p><p><img src=\"http://www.xjd.test/includes/ueditor/php/../../../bdimages/upload1/20150722/1437559135233447.jpg\" style=\"float:none;\" title=\"rBEhWlG5eRoIAAAAAAFvUnMZLeQAAAMoAL9v4MAAW9q573.jpg\"/></p><p style=\"text-align: center;\"><br/></p>','','images/201507/thumb_img/171_thumb_G_1437531560949.jpg','','images/201507/goods_img/171_G_1437531560073.jpg','','images/201507/source_img/171_G_1437531560045.jpg',1,'',1,1,0,0,1437531560,100,0,1,1,0,0,10.0,0,1437531752,0,'',-1,-1,0,8,1,'',0,0,0.00,0,0),(172,7,'ECS000172','德国库斯特石头白啤酒5L 原装 进口大桶啤酒','+',0,90,'',1000,0.000,189.60,158.00,0.00,0,0,0,0,0,0,1,'','','<p><img src=\"http://www.xjd.test/includes/ueditor/php/../../../bdimages/upload1/20150722/1437559135138631.jpg\" style=\"float:none;\" title=\"rBEhVVG5eQsIAAAAAADnotICtSEAAAMoANkOsIAAOe6142.jpg\"/></p><p><img src=\"http://www.xjd.test/includes/ueditor/php/../../../bdimages/upload1/20150722/1437559135233447.jpg\" style=\"float:none;\" title=\"rBEhWlG5eRoIAAAAAAFvUnMZLeQAAAMoAL9v4MAAW9q573.jpg\"/></p><p style=\"text-align: center;\"><br/></p>','','images/201507/thumb_img/172_thumb_G_1437531793009.jpg','','images/201507/goods_img/172_G_1437531793922.jpg','','images/201507/source_img/172_G_1437531793962.jpg',1,'',1,1,0,0,1437531603,100,0,0,0,0,0,10.0,0,1437531798,0,'',-1,-1,0,8,1,'',0,0,0.00,0,0),(173,3,'ECS000173','Dior迪奥女士香水豪华礼物套装 礼盒套装*真我*甜心*魅惑各5ML','+',0,6,'',2000,0.000,696.00,580.00,0.00,0,0,0,0,0,0,1,'','','','','images/201507/thumb_img/173_thumb_G_1437531646299.jpg','','images/201507/goods_img/173_G_1437531646480.jpg','','images/201507/source_img/173_G_1437531646076.jpg',1,'',1,1,0,0,1437531646,100,0,0,1,0,0,10.0,0,1437531689,0,'',-1,-1,0,6,1,'',0,0,0.00,0,0),(174,7,'ECS000174','百威啤酒500ml*18听','+',0,0,'',1000,0.000,69.60,58.00,0.00,0,0,0,0,0,0,1,'','','<p><img src=\"http://www.xjd.test/includes/ueditor/php/../../../bdimages/upload1/20150722/1437559135138631.jpg\" style=\"float:none;\" title=\"rBEhVVG5eQsIAAAAAADnotICtSEAAAMoANkOsIAAOe6142.jpg\"/></p><p><img src=\"http://www.xjd.test/includes/ueditor/php/../../../bdimages/upload1/20150722/1437559135233447.jpg\" style=\"float:none;\" title=\"rBEhWlG5eRoIAAAAAAFvUnMZLeQAAAMoAL9v4MAAW9q573.jpg\"/></p><p style=\"text-align: center;\"><br/></p>','','images/201507/thumb_img/174_thumb_G_1437531655465.jpg','','images/201507/goods_img/174_G_1437531655221.jpg','','images/201507/source_img/174_G_1437531655138.jpg',1,'',1,1,0,0,1437531655,100,0,0,1,0,0,10.0,0,1437531732,0,'',-1,-1,0,8,1,'',0,0,0.00,0,0),(175,4,'ECS000175','摩托罗拉 moto x pro(XT1115) 64GB 雅典黑 移动联通电信4G手机','+',1,21,'',3000,0.000,4799.00,4699.00,0.00,0,0,0,0,0,0,5,'手机,苹果,苹果6,apple,爱疯','尺寸更大，却愈加纤薄；性能更强，却效能非凡。堪称 iPhone 新一代至为出众的大作','<p><img src=\"http://www.xjd.test/includes/ueditor/php/../../../bdimages/upload1/20150722/1437552014793979.jpg\" style=\"float:none;\" title=\"5472b9beNa9239991.jpg\"/></p><p><img src=\"http://www.xjd.test/includes/ueditor/php/../../../bdimages/upload1/20150722/1437552014466120.jpg\" style=\"float:none;\" title=\"5472b9c3N15908cc7.jpg\"/></p><p><img src=\"http://www.xjd.test/includes/ueditor/php/../../../bdimages/upload1/20150722/1437552014223464.jpg\" style=\"float:none;\" title=\"5472b9c8N99f601b3.jpg\"/></p><p><img src=\"http://www.xjd.test/includes/ueditor/php/../../../bdimages/upload1/20150722/1437552014190630.jpg\" style=\"float:none;\" title=\"5472b9d2N5f40a1e4.jpg\"/></p><p><br/></p>','','images/201507/thumb_img/175_thumb_G_1437531671882.jpg','','images/201507/goods_img/175_G_1437531671437.jpg','','images/201507/source_img/175_G_1437531671938.jpg',1,'',1,1,0,46,1437531660,50,0,0,1,0,0,10.0,1,1437583237,1,'',-1,-1,0,0,0,'',0,0,0.00,0,0),(176,7,'ECS000176','德国啤酒原装进口 慕尼黑富兰教士纯麦白啤酒 500ml*24听','+',0,90,'',1000,0.000,210.00,175.00,139.00,1437465600,1451462400,0,0,0,0,1,'','','<p><img src=\"http://www.xjd.test/includes/ueditor/php/../../../bdimages/upload1/20150722/1437559135138631.jpg\" style=\"float:none;\" title=\"rBEhVVG5eQsIAAAAAADnotICtSEAAAMoANkOsIAAOe6142.jpg\"/></p><p><img src=\"http://www.xjd.test/includes/ueditor/php/../../../bdimages/upload1/20150722/1437559135233447.jpg\" style=\"float:none;\" title=\"rBEhWlG5eRoIAAAAAAFvUnMZLeQAAAMoAL9v4MAAW9q573.jpg\"/></p><p style=\"text-align: center;\"><br/></p>','','images/201507/thumb_img/176_thumb_G_1437531716187.jpg','','images/201507/goods_img/176_G_1437531716265.jpg','','images/201507/source_img/176_G_1437531716424.jpg',1,'',1,1,0,0,1437531716,100,0,0,1,0,1,7.9,0,1437584402,0,'',-1,-1,0,8,1,'',0,0,0.00,0,0),(177,7,'ECS000177','雪花啤酒 清爽8度500ml*24听/纸装箱 ','+',5,0,'',1000,0.000,90.00,75.00,69.00,1437465600,1451462400,0,0,0,0,1,'','','<p><img src=\"http://www.xjd.test/includes/ueditor/php/../../../bdimages/upload1/20150722/1437559135138631.jpg\" style=\"float:none;\" title=\"rBEhVVG5eQsIAAAAAADnotICtSEAAAMoANkOsIAAOe6142.jpg\"/></p><p><img src=\"http://www.xjd.test/includes/ueditor/php/../../../bdimages/upload1/20150722/1437559135233447.jpg\" style=\"float:none;\" title=\"rBEhWlG5eRoIAAAAAAFvUnMZLeQAAAMoAL9v4MAAW9q573.jpg\"/></p><p style=\"text-align: center;\"><br/></p>','','images/201507/thumb_img/177_thumb_G_1437532120315.jpg','','images/201507/goods_img/177_G_1437532120397.jpg','','images/201507/source_img/177_G_1437532120470.jpg',1,'',1,1,0,0,1437532120,100,0,0,1,0,1,9.2,0,1437584422,0,'',-1,-1,0,8,1,'',0,0,0.00,0,0),(178,7,'ECS000178','原版喜力听装啤酒 Heineken海尼根500ml*24听','+',3,90,'',1000,0.000,210.00,175.00,159.00,1437465600,1451462400,0,0,0,0,1,'','','<p><img src=\"http://www.xjd.test/includes/ueditor/php/../../../bdimages/upload1/20150722/1437559135138631.jpg\" style=\"float:none;\" title=\"rBEhVVG5eQsIAAAAAADnotICtSEAAAMoANkOsIAAOe6142.jpg\"/></p><p><img src=\"http://www.xjd.test/includes/ueditor/php/../../../bdimages/upload1/20150722/1437559135233447.jpg\" style=\"float:none;\" title=\"rBEhWlG5eRoIAAAAAAFvUnMZLeQAAAMoAL9v4MAAW9q573.jpg\"/></p><p style=\"text-align: center;\"><br/></p>','','images/201507/thumb_img/178_thumb_G_1437532200032.jpg','','images/201507/goods_img/178_G_1437532200970.jpg','','images/201507/source_img/178_G_1437532200938.jpg',1,'',1,1,0,0,1437532200,100,0,0,1,0,1,9.1,0,1437584445,0,'',-1,-1,0,8,1,'',0,0,0.00,0,0),(179,4,'ECS000179','哈马 韩国 单手操作器 魔力贴 U形手机支架创意可爱懒人支架 单个绿色','+',1,72,'',3000,0.000,4.50,3.90,0.00,0,0,0,0,0,0,5,'手机,苹果,苹果6,apple,爱疯','尺寸更大，却愈加纤薄；性能更强，却效能非凡。堪称 iPhone 新一代至为出众的大作','<p><img src=\"http://www.xjd.test/includes/ueditor/php/../../../bdimages/upload1/20150722/1437552014793979.jpg\" style=\"float:none;\" title=\"5472b9beNa9239991.jpg\"/></p><p><img src=\"http://www.xjd.test/includes/ueditor/php/../../../bdimages/upload1/20150722/1437552014466120.jpg\" style=\"float:none;\" title=\"5472b9c3N15908cc7.jpg\"/></p><p><img src=\"http://www.xjd.test/includes/ueditor/php/../../../bdimages/upload1/20150722/1437552014223464.jpg\" style=\"float:none;\" title=\"5472b9c8N99f601b3.jpg\"/></p><p><img src=\"http://www.xjd.test/includes/ueditor/php/../../../bdimages/upload1/20150722/1437552014190630.jpg\" style=\"float:none;\" title=\"5472b9d2N5f40a1e4.jpg\"/></p><p><br/></p>','','images/201507/thumb_img/179_thumb_G_1437532294511.jpg','','images/201507/goods_img/179_G_1437532294365.jpg','','images/201507/source_img/179_G_1437532294522.jpg',1,'',1,1,0,0,1437532283,100,0,0,1,0,0,10.0,0,1437532381,1,'',-1,-1,0,0,0,'',0,0,0.00,0,0),(180,7,'ECS000180','果啤330ml*24听水蜜桃口味 果酒','+',2,0,'',1000,0.000,90.00,75.00,66.00,1437465600,1451462400,0,0,0,0,1,'','','<p><img src=\"http://www.xjd.test/includes/ueditor/php/../../../bdimages/upload1/20150722/1437559135138631.jpg\" style=\"float:none;\" title=\"rBEhVVG5eQsIAAAAAADnotICtSEAAAMoANkOsIAAOe6142.jpg\"/></p><p><img src=\"http://www.xjd.test/includes/ueditor/php/../../../bdimages/upload1/20150722/1437559135233447.jpg\" style=\"float:none;\" title=\"rBEhWlG5eRoIAAAAAAFvUnMZLeQAAAMoAL9v4MAAW9q573.jpg\"/></p><p style=\"text-align: center;\"><br/></p>','','images/201507/thumb_img/180_thumb_G_1437532312198.jpg','','images/201507/goods_img/180_G_1437532312822.jpg','','images/201507/source_img/180_G_1437532312823.jpg',1,'',1,1,0,0,1437532312,100,0,1,1,0,1,8.8,0,1437584472,0,'',-1,-1,0,8,1,'',0,0,0.00,0,0),(181,7,'ECS000181','新的橙味浓缩水果饮料 840ml 洋酒 鸡尾酒必备辅料','+',0,89,'',1000,0.000,18.00,15.00,0.00,0,0,0,0,0,0,1,'','','<p><img src=\"http://www.xjd.test/includes/ueditor/php/../../../bdimages/upload1/20150722/1437559135138631.jpg\" style=\"float:none;\" title=\"rBEhVVG5eQsIAAAAAADnotICtSEAAAMoANkOsIAAOe6142.jpg\"/></p><p><img src=\"http://www.xjd.test/includes/ueditor/php/../../../bdimages/upload1/20150722/1437559135233447.jpg\" style=\"float:none;\" title=\"rBEhWlG5eRoIAAAAAAFvUnMZLeQAAAMoAL9v4MAAW9q573.jpg\"/></p><p style=\"text-align: center;\"><br/></p>','','images/201507/thumb_img/181_thumb_G_1437532546925.jpg','','images/201507/goods_img/181_G_1437532546356.jpg','','images/201507/source_img/181_G_1437532546827.jpg',1,'',1,1,0,0,1437532546,100,0,0,1,0,0,10.0,0,1437532707,0,'',-1,-1,0,8,1,'',0,0,0.00,0,0),(182,7,'ECS000182','光明风味发酵乳1.5kg/瓶','+',0,43,'',1000,0.000,26.40,22.00,0.00,0,0,0,0,0,0,1,'','','<p><img src=\"http://www.xjd.test/includes/ueditor/php/../../../bdimages/upload1/20150722/1437559135138631.jpg\" style=\"float:none;\" title=\"rBEhVVG5eQsIAAAAAADnotICtSEAAAMoANkOsIAAOe6142.jpg\"/></p><p><img src=\"http://www.xjd.test/includes/ueditor/php/../../../bdimages/upload1/20150722/1437559135233447.jpg\" style=\"float:none;\" title=\"rBEhWlG5eRoIAAAAAAFvUnMZLeQAAAMoAL9v4MAAW9q573.jpg\"/></p><p style=\"text-align: center;\"><br/></p>','','images/201507/thumb_img/182_thumb_G_1437532636106.jpg','','images/201507/goods_img/182_G_1437532636036.jpg','','images/201507/source_img/182_G_1437532636519.jpg',1,'',1,1,0,0,1437532636,100,0,1,1,0,0,10.0,0,1437532708,0,'',-1,-1,0,8,1,'',0,0,0.00,0,0),(183,4,'ECS000183','幻响（i-mu）百变羊 创意指环扣 手机支架 双指环 360度旋转 防止手机滑落 金属材质 强力粘胶','+',0,32,'',3000,0.000,22.00,19.90,0.00,0,0,0,0,0,0,5,'手机,苹果,苹果6,apple,爱疯','尺寸更大，却愈加纤薄；性能更强，却效能非凡。堪称 iPhone 新一代至为出众的大作','<p><img src=\"http://www.xjd.test/includes/ueditor/php/../../../bdimages/upload1/20150722/1437552014793979.jpg\" style=\"float:none;\" title=\"5472b9beNa9239991.jpg\"/></p><p><img src=\"http://www.xjd.test/includes/ueditor/php/../../../bdimages/upload1/20150722/1437552014466120.jpg\" style=\"float:none;\" title=\"5472b9c3N15908cc7.jpg\"/></p><p><img src=\"http://www.xjd.test/includes/ueditor/php/../../../bdimages/upload1/20150722/1437552014223464.jpg\" style=\"float:none;\" title=\"5472b9c8N99f601b3.jpg\"/></p><p><img src=\"http://www.xjd.test/includes/ueditor/php/../../../bdimages/upload1/20150722/1437552014190630.jpg\" style=\"float:none;\" title=\"5472b9d2N5f40a1e4.jpg\"/></p><p><br/></p>','','images/201507/thumb_img/183_thumb_G_1437532716802.jpg','','images/201507/goods_img/183_G_1437532716576.jpg','','images/201507/source_img/183_G_1437532716819.jpg',1,'',1,1,0,0,1437532671,100,0,0,1,0,0,10.0,0,1437532724,0,'',-1,-1,0,0,0,'',0,0,0.00,0,0),(184,7,'ECS000184','风味酸牛奶风味发酵乳 原味980Gx2盒套装 ','+',0,0,'',1000,0.000,26.40,22.00,0.00,0,0,0,0,0,0,1,'','','<p><img src=\"http://www.xjd.test/includes/ueditor/php/../../../bdimages/upload1/20150722/1437559135138631.jpg\" style=\"float:none;\" title=\"rBEhVVG5eQsIAAAAAADnotICtSEAAAMoANkOsIAAOe6142.jpg\"/></p><p><img src=\"http://www.xjd.test/includes/ueditor/php/../../../bdimages/upload1/20150722/1437559135233447.jpg\" style=\"float:none;\" title=\"rBEhWlG5eRoIAAAAAAFvUnMZLeQAAAMoAL9v4MAAW9q573.jpg\"/></p><p style=\"text-align: center;\"><br/></p>','','images/201507/thumb_img/184_thumb_G_1437532690726.jpg','','images/201507/goods_img/184_G_1437532690987.jpg','','images/201507/source_img/184_G_1437532690895.jpg',1,'',1,1,0,0,1437532690,100,0,0,1,0,0,10.0,0,1437532705,0,'',-1,-1,0,8,1,'',0,0,0.00,0,0),(185,4,'ECS000185','赛鲸 常青藤懒人手机支架 床上床头支架 万向调节 太空蓝','+',1,27,'',3000,0.000,32.00,29.90,0.00,0,0,0,0,0,0,5,'手机,苹果,苹果6,apple,爱疯','尺寸更大，却愈加纤薄；性能更强，却效能非凡。堪称 iPhone 新一代至为出众的大作','<p><img src=\"http://www.xjd.test/includes/ueditor/php/../../../bdimages/upload1/20150722/1437552014793979.jpg\" style=\"float:none;\" title=\"5472b9beNa9239991.jpg\"/></p><p><img src=\"http://www.xjd.test/includes/ueditor/php/../../../bdimages/upload1/20150722/1437552014466120.jpg\" style=\"float:none;\" title=\"5472b9c3N15908cc7.jpg\"/></p><p><img src=\"http://www.xjd.test/includes/ueditor/php/../../../bdimages/upload1/20150722/1437552014223464.jpg\" style=\"float:none;\" title=\"5472b9c8N99f601b3.jpg\"/></p><p><img src=\"http://www.xjd.test/includes/ueditor/php/../../../bdimages/upload1/20150722/1437552014190630.jpg\" style=\"float:none;\" title=\"5472b9d2N5f40a1e4.jpg\"/></p><p><br/></p>','','images/201507/thumb_img/185_thumb_G_1437532813329.jpg','','images/201507/goods_img/185_G_1437532813808.jpg','','images/201507/source_img/185_G_1437532813871.jpg',1,'',1,1,0,0,1437532802,100,0,0,1,1,0,10.0,0,1437582951,0,'',-1,-1,0,0,0,'',0,0,0.00,0,0),(186,7,'ECS000186','王老吉 凉茶 饮料 250ml*16盒/箱 凉茶饮料 植物饮料','+',0,94,'',1000,0.000,8.40,7.00,0.00,0,0,0,0,0,0,1,'','','<p><img src=\"http://www.xjd.test/includes/ueditor/php/../../../bdimages/upload1/20150722/1437559135138631.jpg\" style=\"float:none;\" title=\"rBEhVVG5eQsIAAAAAADnotICtSEAAAMoANkOsIAAOe6142.jpg\"/></p><p><img src=\"http://www.xjd.test/includes/ueditor/php/../../../bdimages/upload1/20150722/1437559135233447.jpg\" style=\"float:none;\" title=\"rBEhWlG5eRoIAAAAAAFvUnMZLeQAAAMoAL9v4MAAW9q573.jpg\"/></p><p style=\"text-align: center;\"><br/></p>','','images/201507/thumb_img/186_thumb_G_1437532831868.jpg','','images/201507/goods_img/186_G_1437532831402.jpg','','images/201507/source_img/186_G_1437532831620.jpg',1,'',1,1,0,0,1437532831,100,0,0,1,0,0,10.0,0,1437533205,0,'',-1,-1,0,8,1,'',0,0,0.00,0,0),(187,7,'ECS000187','云南 大益 普洱茶 7572 熟茶 云南七子饼357g','+',0,88,'',1000,0.000,75.60,63.00,0.00,0,0,0,0,0,0,1,'','','<p><img src=\"http://www.xjd.test/includes/ueditor/php/../../../bdimages/upload1/20150722/1437559135138631.jpg\" style=\"float:none;\" title=\"rBEhVVG5eQsIAAAAAADnotICtSEAAAMoANkOsIAAOe6142.jpg\"/></p><p><img src=\"http://www.xjd.test/includes/ueditor/php/../../../bdimages/upload1/20150722/1437559135233447.jpg\" style=\"float:none;\" title=\"rBEhWlG5eRoIAAAAAAFvUnMZLeQAAAMoAL9v4MAAW9q573.jpg\"/></p><p style=\"text-align: center;\"><br/></p>','','images/201507/thumb_img/187_thumb_G_1437532892086.jpg','','images/201507/goods_img/187_G_1437532892238.jpg','','images/201507/source_img/187_G_1437532892487.jpg',1,'',1,1,0,0,1437532892,100,0,0,1,0,0,10.0,0,1437533204,0,'',-1,-1,0,8,1,'',0,0,0.00,0,0),(188,4,'ECS000188','SENBOWE 安卓系统遥控摄像视频间谍汽车玩具 白色','+',5,31,'',3000,0.000,358.00,348.00,0.00,0,0,0,0,0,0,5,'手机,苹果,苹果6,apple,爱疯','尺寸更大，却愈加纤薄；性能更强，却效能非凡。堪称 iPhone 新一代至为出众的大作','<p><img src=\"http://www.xjd.test/includes/ueditor/php/../../../bdimages/upload1/20150722/1437552014793979.jpg\" style=\"float:none;\" title=\"5472b9beNa9239991.jpg\"/></p><p><img src=\"http://www.xjd.test/includes/ueditor/php/../../../bdimages/upload1/20150722/1437552014466120.jpg\" style=\"float:none;\" title=\"5472b9c3N15908cc7.jpg\"/></p><p><img src=\"http://www.xjd.test/includes/ueditor/php/../../../bdimages/upload1/20150722/1437552014223464.jpg\" style=\"float:none;\" title=\"5472b9c8N99f601b3.jpg\"/></p><p><img src=\"http://www.xjd.test/includes/ueditor/php/../../../bdimages/upload1/20150722/1437552014190630.jpg\" style=\"float:none;\" title=\"5472b9d2N5f40a1e4.jpg\"/></p><p><br/></p>','','images/201507/thumb_img/188_thumb_G_1437532927406.jpg','','images/201507/goods_img/188_G_1437532927113.jpg','','images/201507/source_img/188_G_1437532927104.jpg',1,'',1,1,0,3,1437532915,100,0,0,1,1,0,10.0,0,1437582950,0,'',-1,-1,0,0,0,'',0,0,0.00,0,0),(189,7,'ECS000189','普洱茶 生茶 饼茶 2015年头春纯料古树新茶 布朗300','+',0,40,'',1000,0.000,456.00,380.00,0.00,0,0,0,0,0,0,1,'','','<p><img src=\"http://www.xjd.test/includes/ueditor/php/../../../bdimages/upload1/20150722/1437559135138631.jpg\" style=\"float:none;\" title=\"rBEhVVG5eQsIAAAAAADnotICtSEAAAMoANkOsIAAOe6142.jpg\"/></p><p><img src=\"http://www.xjd.test/includes/ueditor/php/../../../bdimages/upload1/20150722/1437559135233447.jpg\" style=\"float:none;\" title=\"rBEhWlG5eRoIAAAAAAFvUnMZLeQAAAMoAL9v4MAAW9q573.jpg\"/></p><p style=\"text-align: center;\"><br/></p>','','images/201507/thumb_img/189_thumb_G_1437532937623.jpg','','images/201507/goods_img/189_G_1437532937218.jpg','','images/201507/source_img/189_G_1437532937690.jpg',1,'',1,1,0,0,1437532937,100,0,0,1,0,0,10.0,0,1437533204,0,'',-1,-1,0,8,1,'',0,0,0.00,0,0),(190,7,'ECS000190','醇品普洱茶熟茶叶饼茶357g','+',0,0,'',1000,0.000,82.80,69.00,0.00,0,0,0,0,0,0,1,'','','<p><img src=\"http://www.xjd.test/includes/ueditor/php/../../../bdimages/upload1/20150722/1437559135138631.jpg\" style=\"float:none;\" title=\"rBEhVVG5eQsIAAAAAADnotICtSEAAAMoANkOsIAAOe6142.jpg\"/></p><p><img src=\"http://www.xjd.test/includes/ueditor/php/../../../bdimages/upload1/20150722/1437559135233447.jpg\" style=\"float:none;\" title=\"rBEhWlG5eRoIAAAAAAFvUnMZLeQAAAMoAL9v4MAAW9q573.jpg\"/></p><p style=\"text-align: center;\"><br/></p>','','images/201507/thumb_img/190_thumb_G_1437532975963.jpg','','images/201507/goods_img/190_G_1437532975770.jpg','','images/201507/source_img/190_G_1437532975650.jpg',1,'',1,1,0,0,1437532975,100,0,0,1,0,0,10.0,0,1437533203,0,'',-1,-1,0,8,1,'',0,0,0.00,0,0),(191,4,'ECS000191','雪奈儿 金属边框手机壳套保护壳新款 适用于苹果iPhone6/Plus 4.7英寸 利剑i6土豪金5.5','+',4,22,'',3000,0.000,80.00,78.00,0.00,0,0,0,0,0,0,5,'手机,苹果,苹果6,apple,爱疯','尺寸更大，却愈加纤薄；性能更强，却效能非凡。堪称 iPhone 新一代至为出众的大作','<p><img src=\"http://www.xjd.test/includes/ueditor/php/../../../bdimages/upload1/20150722/1437552014793979.jpg\" style=\"float:none;\" title=\"5472b9beNa9239991.jpg\"/></p><p><img src=\"http://www.xjd.test/includes/ueditor/php/../../../bdimages/upload1/20150722/1437552014466120.jpg\" style=\"float:none;\" title=\"5472b9c3N15908cc7.jpg\"/></p><p><img src=\"http://www.xjd.test/includes/ueditor/php/../../../bdimages/upload1/20150722/1437552014223464.jpg\" style=\"float:none;\" title=\"5472b9c8N99f601b3.jpg\"/></p><p><img src=\"http://www.xjd.test/includes/ueditor/php/../../../bdimages/upload1/20150722/1437552014190630.jpg\" style=\"float:none;\" title=\"5472b9d2N5f40a1e4.jpg\"/></p><p><br/></p>','','images/201507/thumb_img/191_thumb_G_1437533027069.jpg','','images/201507/goods_img/191_G_1437533027987.jpg','','images/201507/source_img/191_G_1437533027337.jpg',1,'',1,1,0,0,1437533017,100,0,0,1,0,0,10.0,0,1437533032,0,'',-1,-1,0,0,0,'',0,0,0.00,0,0),(192,4,'ECS000192','Genuinetek 手机信号放大器DS2H_A手机信号增强器移动联通接收器全套装','+',1,28,'',3000,0.000,258.00,248.00,0.00,0,0,0,0,0,0,5,'手机,苹果,苹果6,apple,爱疯','尺寸更大，却愈加纤薄；性能更强，却效能非凡。堪称 iPhone 新一代至为出众的大作','<p><img src=\"http://www.xjd.test/includes/ueditor/php/../../../bdimages/upload1/20150722/1437552014793979.jpg\" style=\"float:none;\" title=\"5472b9beNa9239991.jpg\"/></p><p><img src=\"http://www.xjd.test/includes/ueditor/php/../../../bdimages/upload1/20150722/1437552014466120.jpg\" style=\"float:none;\" title=\"5472b9c3N15908cc7.jpg\"/></p><p><img src=\"http://www.xjd.test/includes/ueditor/php/../../../bdimages/upload1/20150722/1437552014223464.jpg\" style=\"float:none;\" title=\"5472b9c8N99f601b3.jpg\"/></p><p><img src=\"http://www.xjd.test/includes/ueditor/php/../../../bdimages/upload1/20150722/1437552014190630.jpg\" style=\"float:none;\" title=\"5472b9d2N5f40a1e4.jpg\"/></p><p><br/></p>','','images/201507/thumb_img/192_thumb_G_1437533248578.jpg','','images/201507/goods_img/192_G_1437533248116.jpg','','images/201507/source_img/192_G_1437533248786.jpg',1,'',1,1,0,2,1437533237,100,0,0,1,1,0,10.0,0,1437582949,0,'',-1,-1,0,0,0,'',0,0,0.00,0,0),(193,7,'ECS000193','法国进口 雀巢（Nestle） 金牌咖啡法式烘焙 100g','+',0,105,'',1000,0.000,34.80,29.00,0.00,0,0,0,0,0,0,1,'','','<p><img src=\"http://www.xjd.test/includes/ueditor/php/../../../bdimages/upload1/20150722/1437559135138631.jpg\" style=\"float:none;\" title=\"rBEhVVG5eQsIAAAAAADnotICtSEAAAMoANkOsIAAOe6142.jpg\"/></p><p><img src=\"http://www.xjd.test/includes/ueditor/php/../../../bdimages/upload1/20150722/1437559135233447.jpg\" style=\"float:none;\" title=\"rBEhWlG5eRoIAAAAAAFvUnMZLeQAAAMoAL9v4MAAW9q573.jpg\"/></p><p style=\"text-align: center;\"><br/></p>','','images/201507/thumb_img/193_thumb_G_1437533567683.jpg','','images/201507/goods_img/193_G_1437533567766.jpg','','images/201507/source_img/193_G_1437533567632.jpg',1,'',1,1,0,0,1437533346,100,0,0,1,0,0,10.0,0,1437533575,0,'',-1,-1,0,8,1,'',0,0,0.00,0,0),(194,7,'ECS000194','法国进口 雀巢（Nestle） 金牌咖啡法式烘焙 50g','+',0,0,'',1000,0.000,46.80,39.00,30.00,1437465600,1451462400,0,0,0,0,1,'','','<p><img src=\"http://www.xjd.test/includes/ueditor/php/../../../bdimages/upload1/20150722/1437559135138631.jpg\" style=\"float:none;\" title=\"rBEhVVG5eQsIAAAAAADnotICtSEAAAMoANkOsIAAOe6142.jpg\"/></p><p><img src=\"http://www.xjd.test/includes/ueditor/php/../../../bdimages/upload1/20150722/1437559135233447.jpg\" style=\"float:none;\" title=\"rBEhWlG5eRoIAAAAAAFvUnMZLeQAAAMoAL9v4MAAW9q573.jpg\"/></p><p style=\"text-align: center;\"><br/></p>','','images/201507/thumb_img/194_thumb_G_1437533394716.jpg','','images/201507/goods_img/194_G_1437533394860.jpg','','images/201507/source_img/194_G_1437533394596.jpg',1,'',1,1,0,0,1437533394,100,0,0,1,0,1,7.7,0,1461933230,0,'',-1,-1,0,8,1,'',0,0,0.00,0,0),(195,7,'ECS000195','麦斯威尔三合一白咖啡（5+1）条*25g','+',0,50,'',1000,0.000,46.80,39.00,32.00,1437465600,1451462400,0,0,0,0,1,'','','<p><img src=\"http://www.xjd.test/includes/ueditor/php/../../../bdimages/upload1/20150722/1437559135138631.jpg\" style=\"float:none;\" title=\"rBEhVVG5eQsIAAAAAADnotICtSEAAAMoANkOsIAAOe6142.jpg\"/></p><p><img src=\"http://www.xjd.test/includes/ueditor/php/../../../bdimages/upload1/20150722/1437559135233447.jpg\" style=\"float:none;\" title=\"rBEhWlG5eRoIAAAAAAFvUnMZLeQAAAMoAL9v4MAAW9q573.jpg\"/></p><p style=\"text-align: center;\"><br/></p>','','images/201507/thumb_img/195_thumb_G_1437533447767.jpg','','images/201507/goods_img/195_G_1437533447435.jpg','','images/201507/source_img/195_G_1437533447358.jpg',1,'',1,1,0,0,1437533447,100,0,0,1,0,1,8.2,0,1437584284,0,'',-1,-1,0,8,1,'',0,0,0.00,0,0),(196,7,'ECS000196','雀巢（Nestle）雀巢咖啡1+2原味 700g','+',4,0,'',1000,0.000,46.80,39.00,33.00,1437465600,1451462400,0,0,0,0,1,'','','<p><img src=\"http://www.xjd.test/includes/ueditor/php/../../../bdimages/upload1/20150722/1437559135138631.jpg\" style=\"float:none;\" title=\"rBEhVVG5eQsIAAAAAADnotICtSEAAAMoANkOsIAAOe6142.jpg\"/></p><p><img src=\"http://www.xjd.test/includes/ueditor/php/../../../bdimages/upload1/20150722/1437559135233447.jpg\" style=\"float:none;\" title=\"rBEhWlG5eRoIAAAAAAFvUnMZLeQAAAMoAL9v4MAAW9q573.jpg\"/></p><p style=\"text-align: center;\"><br/></p>','images/201604/thumb_img/196_thumb2_G_1461626409482.jpg','images/201604/thumb_img/196_thumb_G_1461626409041.jpg','images/201604/goods_img/196_G2_1461626409123.jpg','images/201604/goods_img/196_G_1461626409095.jpg','images/201604/source_img/196_G2_1461626409604.jpg','images/201604/source_img/196_G_1461626409942.jpg',1,'',1,1,0,0,1437533514,100,0,0,1,0,1,8.5,0,1461626409,0,'',-1,-1,0,8,1,'',0,0,0.00,0,0),(197,4,'ECS000197','一丁（EADING） EA-CZB 一丁魔盒超级智能插座 手机APP控制 B款','+',1,0,'',3000,0.000,110.00,99.00,0.00,0,0,0,0,0,0,5,'手机,苹果,苹果6,apple,爱疯','尺寸更大，却愈加纤薄；性能更强，却效能非凡。堪称 iPhone 新一代至为出众的大作','<p><img src=\"http://www.xjd.test/includes/ueditor/php/../../../bdimages/upload1/20150722/1437552014793979.jpg\" style=\"float:none;\" title=\"5472b9beNa9239991.jpg\"/></p><p><img src=\"http://www.xjd.test/includes/ueditor/php/../../../bdimages/upload1/20150722/1437552014466120.jpg\" style=\"float:none;\" title=\"5472b9c3N15908cc7.jpg\"/></p><p><img src=\"http://www.xjd.test/includes/ueditor/php/../../../bdimages/upload1/20150722/1437552014223464.jpg\" style=\"float:none;\" title=\"5472b9c8N99f601b3.jpg\"/></p><p><img src=\"http://www.xjd.test/includes/ueditor/php/../../../bdimages/upload1/20150722/1437552014190630.jpg\" style=\"float:none;\" title=\"5472b9d2N5f40a1e4.jpg\"/></p><p><br/></p>','','images/201507/thumb_img/197_thumb_G_1437534106244.jpg','','images/201507/goods_img/197_G_1437534106912.jpg','','images/201507/source_img/197_G_1437534106126.jpg',1,'',1,1,0,0,1437534094,100,0,1,1,0,0,10.0,0,1437534111,0,'',-1,-1,0,0,0,'',0,0,0.00,0,0),(198,4,'ECS000198','MATE 智能蓝牙手表手机电话蓝牙手表带MP3能打电话适用于苹果三星电信华为小米 土豪金','+',0,70,'',3000,0.000,418.00,398.00,0.00,0,0,0,0,0,0,5,'手机,苹果,苹果6,apple,爱疯','尺寸更大，却愈加纤薄；性能更强，却效能非凡。堪称 iPhone 新一代至为出众的大作','<p><img src=\"http://www.xjd.test/includes/ueditor/php/../../../bdimages/upload1/20150722/1437552014793979.jpg\" style=\"float:none;\" title=\"5472b9beNa9239991.jpg\"/></p><p><img src=\"http://www.xjd.test/includes/ueditor/php/../../../bdimages/upload1/20150722/1437552014466120.jpg\" style=\"float:none;\" title=\"5472b9c3N15908cc7.jpg\"/></p><p><img src=\"http://www.xjd.test/includes/ueditor/php/../../../bdimages/upload1/20150722/1437552014223464.jpg\" style=\"float:none;\" title=\"5472b9c8N99f601b3.jpg\"/></p><p><img src=\"http://www.xjd.test/includes/ueditor/php/../../../bdimages/upload1/20150722/1437552014190630.jpg\" style=\"float:none;\" title=\"5472b9d2N5f40a1e4.jpg\"/></p><p><br/></p>','','images/201507/thumb_img/198_thumb_G_1437534190926.jpg','','images/201507/goods_img/198_G_1437534190139.jpg','','images/201507/source_img/198_G_1437534190525.jpg',1,'',1,1,0,3,1437534182,100,0,1,1,0,0,10.0,0,1437534193,0,'',-1,-1,0,0,0,'',0,0,0.00,0,0),(199,4,'ECS000199','爱度ay819无线蓝牙音箱便携迷你小音响插卡u盘低音炮电脑笔记本音箱 白色','+',3,0,'',3000,0.000,155.00,148.00,0.00,0,0,0,0,0,0,5,'手机,苹果,苹果6,apple,爱疯','尺寸更大，却愈加纤薄；性能更强，却效能非凡。堪称 iPhone 新一代至为出众的大作','<p><img src=\"http://www.xjd.test/includes/ueditor/php/../../../bdimages/upload1/20150722/1437552014793979.jpg\" style=\"float:none;\" title=\"5472b9beNa9239991.jpg\"/></p><p><img src=\"http://www.xjd.test/includes/ueditor/php/../../../bdimages/upload1/20150722/1437552014466120.jpg\" style=\"float:none;\" title=\"5472b9c3N15908cc7.jpg\"/></p><p><img src=\"http://www.xjd.test/includes/ueditor/php/../../../bdimages/upload1/20150722/1437552014223464.jpg\" style=\"float:none;\" title=\"5472b9c8N99f601b3.jpg\"/></p><p><img src=\"http://www.xjd.test/includes/ueditor/php/../../../bdimages/upload1/20150722/1437552014190630.jpg\" style=\"float:none;\" title=\"5472b9d2N5f40a1e4.jpg\"/></p><p><br/></p>','','images/201507/thumb_img/199_thumb_G_1437534382441.jpg','','images/201507/goods_img/199_G_1437534382271.jpg','','images/201507/source_img/199_G_1437534382267.jpg',1,'',1,1,0,1,1437534368,100,0,1,1,0,0,10.0,0,1437534385,0,'',-1,-1,0,0,0,'',0,0,0.00,0,0),(200,4,'ECS000200','爱度AY800蓝牙音箱手机电脑迷你音响无线便携插卡低音炮 带蓝牙自拍 土豪金','+',2,73,'',3000,0.000,115.00,98.00,0.00,0,0,0,0,0,0,5,'手机,苹果,苹果6,apple,爱疯','尺寸更大，却愈加纤薄；性能更强，却效能非凡。堪称 iPhone 新一代至为出众的大作','<p><img src=\"http://www.xjd.test/includes/ueditor/php/../../../bdimages/upload1/20150722/1437552014793979.jpg\" style=\"float:none;\" title=\"5472b9beNa9239991.jpg\"/></p><p><img src=\"http://www.xjd.test/includes/ueditor/php/../../../bdimages/upload1/20150722/1437552014466120.jpg\" style=\"float:none;\" title=\"5472b9c3N15908cc7.jpg\"/></p><p><img src=\"http://www.xjd.test/includes/ueditor/php/../../../bdimages/upload1/20150722/1437552014223464.jpg\" style=\"float:none;\" title=\"5472b9c8N99f601b3.jpg\"/></p><p><img src=\"http://www.xjd.test/includes/ueditor/php/../../../bdimages/upload1/20150722/1437552014190630.jpg\" style=\"float:none;\" title=\"5472b9d2N5f40a1e4.jpg\"/></p><p><br/></p>','','images/201507/thumb_img/200_thumb_G_1437534571298.jpg','','images/201507/goods_img/200_G_1437534571921.jpg','','images/201507/source_img/200_G_1437534571820.jpg',1,'',1,1,0,0,1437534561,100,0,1,1,0,0,10.0,0,1437534577,0,'',-1,-1,0,0,0,'',0,0,0.00,0,0),(201,4,'ECS000201','X-Vibe3.0 酷丸第三代共振音箱 智能互动音响 创意迷你胶囊便携式共振音响 黑+橙线 现货','+',0,80,'',3000,0.000,115.00,98.00,0.00,0,0,0,0,0,0,5,'手机,苹果,苹果6,apple,爱疯','尺寸更大，却愈加纤薄；性能更强，却效能非凡。堪称 iPhone 新一代至为出众的大作','<p><img src=\"http://www.xjd.test/includes/ueditor/php/../../../bdimages/upload1/20150722/1437552014793979.jpg\" style=\"float:none;\" title=\"5472b9beNa9239991.jpg\"/></p><p><img src=\"http://www.xjd.test/includes/ueditor/php/../../../bdimages/upload1/20150722/1437552014466120.jpg\" style=\"float:none;\" title=\"5472b9c3N15908cc7.jpg\"/></p><p><img src=\"http://www.xjd.test/includes/ueditor/php/../../../bdimages/upload1/20150722/1437552014223464.jpg\" style=\"float:none;\" title=\"5472b9c8N99f601b3.jpg\"/></p><p><img src=\"http://www.xjd.test/includes/ueditor/php/../../../bdimages/upload1/20150722/1437552014190630.jpg\" style=\"float:none;\" title=\"5472b9d2N5f40a1e4.jpg\"/></p><p><br/></p>','','images/201507/thumb_img/201_thumb_G_1437534649147.jpg','','images/201507/goods_img/201_G_1437534649554.jpg','','images/201507/source_img/201_G_1437534649127.jpg',1,'',1,1,0,0,1437534638,100,0,0,1,0,0,10.0,0,1437534652,0,'',-1,-1,0,0,0,'',0,0,0.00,0,0),(202,4,'ECS000202','安索夫迷你电脑USB2.0小音箱可爱熊猫便携笔记本台式电脑音箱 音响','+',0,49,'',3000,0.000,33.00,29.00,0.00,0,0,0,0,0,0,5,'手机,苹果,苹果6,apple,爱疯','尺寸更大，却愈加纤薄；性能更强，却效能非凡。堪称 iPhone 新一代至为出众的大作','<p><img src=\"http://www.xjd.test/includes/ueditor/php/../../../bdimages/upload1/20150722/1437552014793979.jpg\" style=\"float:none;\" title=\"5472b9beNa9239991.jpg\"/></p><p><img src=\"http://www.xjd.test/includes/ueditor/php/../../../bdimages/upload1/20150722/1437552014466120.jpg\" style=\"float:none;\" title=\"5472b9c3N15908cc7.jpg\"/></p><p><img src=\"http://www.xjd.test/includes/ueditor/php/../../../bdimages/upload1/20150722/1437552014223464.jpg\" style=\"float:none;\" title=\"5472b9c8N99f601b3.jpg\"/></p><p><img src=\"http://www.xjd.test/includes/ueditor/php/../../../bdimages/upload1/20150722/1437552014190630.jpg\" style=\"float:none;\" title=\"5472b9d2N5f40a1e4.jpg\"/></p><p><br/></p>','','images/201507/thumb_img/202_thumb_G_1437534795824.jpg','','images/201507/goods_img/202_G_1437534795990.jpg','','images/201507/source_img/202_G_1437534795607.jpg',1,'',1,1,0,0,1437534786,100,0,0,1,1,0,10.0,0,1437582948,0,'',-1,-1,0,0,0,'',0,0,0.00,0,0),(203,4,'ECS000203','PowerCube魔方插座接线板 创意多功能荷兰Allocacoc模方插座 办公神器 USB款/无延长线直插(蓝)','+',0,6,'',3000,0.000,55.00,49.00,0.00,0,0,0,0,0,0,5,'手机,苹果,苹果6,apple,爱疯','尺寸更大，却愈加纤薄；性能更强，却效能非凡。堪称 iPhone 新一代至为出众的大作','<p><img src=\"http://www.xjd.test/includes/ueditor/php/../../../bdimages/upload1/20150722/1437552014793979.jpg\" style=\"float:none;\" title=\"5472b9beNa9239991.jpg\"/></p><p><img src=\"http://www.xjd.test/includes/ueditor/php/../../../bdimages/upload1/20150722/1437552014466120.jpg\" style=\"float:none;\" title=\"5472b9c3N15908cc7.jpg\"/></p><p><img src=\"http://www.xjd.test/includes/ueditor/php/../../../bdimages/upload1/20150722/1437552014223464.jpg\" style=\"float:none;\" title=\"5472b9c8N99f601b3.jpg\"/></p><p><img src=\"http://www.xjd.test/includes/ueditor/php/../../../bdimages/upload1/20150722/1437552014190630.jpg\" style=\"float:none;\" title=\"5472b9d2N5f40a1e4.jpg\"/></p><p><br/></p>','','images/201507/thumb_img/203_thumb_G_1437534951257.jpg','','images/201507/goods_img/203_G_1437534951978.jpg','','images/201507/source_img/203_G_1437534951467.jpg',1,'',1,1,0,0,1437534942,100,0,0,1,1,0,10.0,0,1437582947,0,'',-1,-1,0,0,0,'',0,0,0.00,0,0),(204,4,'ECS000204','安索夫太空人迷你可爱个性发光手机电脑音箱USB低音炮便携笔记本小音响 暑期大促 白色','+',4,74,'',3000,0.000,33.00,29.00,22.00,1437379200,1451462400,1,2,1437379200,1451462400,5,'手机,苹果,苹果6,apple,爱疯','尺寸更大，却愈加纤薄；性能更强，却效能非凡。堪称 iPhone 新一代至为出众的大作','<p><img src=\"http://www.xjd.test/includes/ueditor/php/../../../bdimages/upload1/20150722/1437552014793979.jpg\" style=\"float:none;\" title=\"5472b9beNa9239991.jpg\"/></p><p><img src=\"http://www.xjd.test/includes/ueditor/php/../../../bdimages/upload1/20150722/1437552014466120.jpg\" style=\"float:none;\" title=\"5472b9c3N15908cc7.jpg\"/></p><p><img src=\"http://www.xjd.test/includes/ueditor/php/../../../bdimages/upload1/20150722/1437552014223464.jpg\" style=\"float:none;\" title=\"5472b9c8N99f601b3.jpg\"/></p><p><img src=\"http://www.xjd.test/includes/ueditor/php/../../../bdimages/upload1/20150722/1437552014190630.jpg\" style=\"float:none;\" title=\"5472b9d2N5f40a1e4.jpg\"/></p><p><br/></p>','','images/201507/thumb_img/204_thumb_G_1437535259030.jpg','','images/201507/goods_img/204_G_1437535259914.jpg','','images/201507/source_img/204_G_1437535259506.jpg',1,'',1,1,0,0,1437535223,100,0,0,1,0,1,7.6,0,1437535262,0,'',-1,-1,0,0,0,'',0,0,0.00,0,0),(205,4,'ECS000205','索爱（soaiy）S-20 便携式蓝牙数码插卡智能音箱 青春版 珍珠白','+',1,96,'',3000,0.000,333.00,299.00,229.00,1437379200,1451462400,1,2,1437379200,1451462400,5,'手机,苹果,苹果6,apple,爱疯','尺寸更大，却愈加纤薄；性能更强，却效能非凡。堪称 iPhone 新一代至为出众的大作','<p><img src=\"http://www.xjd.test/includes/ueditor/php/../../../bdimages/upload1/20150722/1437552014793979.jpg\" style=\"float:none;\" title=\"5472b9beNa9239991.jpg\"/></p><p><img src=\"http://www.xjd.test/includes/ueditor/php/../../../bdimages/upload1/20150722/1437552014466120.jpg\" style=\"float:none;\" title=\"5472b9c3N15908cc7.jpg\"/></p><p><img src=\"http://www.xjd.test/includes/ueditor/php/../../../bdimages/upload1/20150722/1437552014223464.jpg\" style=\"float:none;\" title=\"5472b9c8N99f601b3.jpg\"/></p><p><img src=\"http://www.xjd.test/includes/ueditor/php/../../../bdimages/upload1/20150722/1437552014190630.jpg\" style=\"float:none;\" title=\"5472b9d2N5f40a1e4.jpg\"/></p><p><br/></p>','','images/201507/thumb_img/205_thumb_G_1437535334565.jpg','','images/201507/goods_img/205_G_1437535334881.jpg','','images/201507/source_img/205_G_1437535334131.jpg',1,'',1,1,0,2,1437535324,100,0,0,1,0,1,7.7,0,1437535337,0,'',-1,-1,0,0,0,'',0,0,0.00,0,0),(206,4,'ECS000206','洛斐（Lofree）创意无线蓝牙音箱音响 电脑音箱 EDGE锋芒3C建筑美学','+',3,11,'',3000,0.000,290.00,249.00,199.00,1437379200,1451462400,1,2,1437379200,1451462400,5,'手机,苹果,苹果6,apple,爱疯','尺寸更大，却愈加纤薄；性能更强，却效能非凡。堪称 iPhone 新一代至为出众的大作','<p><img src=\"http://www.xjd.test/includes/ueditor/php/../../../bdimages/upload1/20150722/1437552014793979.jpg\" style=\"float:none;\" title=\"5472b9beNa9239991.jpg\"/></p><p><img src=\"http://www.xjd.test/includes/ueditor/php/../../../bdimages/upload1/20150722/1437552014466120.jpg\" style=\"float:none;\" title=\"5472b9c3N15908cc7.jpg\"/></p><p><img src=\"http://www.xjd.test/includes/ueditor/php/../../../bdimages/upload1/20150722/1437552014223464.jpg\" style=\"float:none;\" title=\"5472b9c8N99f601b3.jpg\"/></p><p><img src=\"http://www.xjd.test/includes/ueditor/php/../../../bdimages/upload1/20150722/1437552014190630.jpg\" style=\"float:none;\" title=\"5472b9d2N5f40a1e4.jpg\"/></p><p><br/></p>','','images/201507/thumb_img/206_thumb_G_1437535425884.jpg','','images/201507/goods_img/206_G_1437535425200.jpg','','images/201507/source_img/206_G_1437535425432.jpg',1,'',1,1,0,2,1437535415,100,0,0,1,0,1,8.0,0,1437535428,0,'',-1,-1,0,0,0,'',0,0,0.00,0,0),(207,4,'ECS000207','三星 Galaxy S6 edge（G9250）32G版 铂光金 移动联通电信4G手机','+',2,0,'',4500,0.000,6188.00,6088.00,0.00,0,0,0,0,0,0,5,'手机,苹果,苹果6,apple,爱疯','尺寸更大，却愈加纤薄；性能更强，却效能非凡。堪称 iPhone 新一代至为出众的大作','<p><img src=\"http://www.xjd.test/includes/ueditor/php/../../../bdimages/upload1/20150722/1437552014793979.jpg\" style=\"float:none;\" title=\"5472b9beNa9239991.jpg\"/></p><p><img src=\"http://www.xjd.test/includes/ueditor/php/../../../bdimages/upload1/20150722/1437552014466120.jpg\" style=\"float:none;\" title=\"5472b9c3N15908cc7.jpg\"/></p><p><img src=\"http://www.xjd.test/includes/ueditor/php/../../../bdimages/upload1/20150722/1437552014223464.jpg\" style=\"float:none;\" title=\"5472b9c8N99f601b3.jpg\"/></p><p><img src=\"http://www.xjd.test/includes/ueditor/php/../../../bdimages/upload1/20150722/1437552014190630.jpg\" style=\"float:none;\" title=\"5472b9d2N5f40a1e4.jpg\"/></p><p><br/></p>','','images/201507/thumb_img/207_thumb_G_1437535941165.jpg','','images/201507/goods_img/207_G_1437535941249.jpg','','images/201507/source_img/207_G_1437535941327.jpg',1,'',1,1,0,60,1437535907,100,0,0,1,0,0,10.0,1,1437583194,1,'',-1,-1,0,0,0,'',0,0,0.00,0,0),(208,8,'ECS000208','雅培(Abbott) 亲体 金装喜康力幼儿配方奶粉 3段（1-3岁幼儿适用）','+',0,41,'',15645,0.000,181.20,151.00,0.00,0,0,0,0,0,0,1,'雅培,雅士利','雅培新配方三大亲体科技，国际大奖智锁罐更安心！','<p style=\"text-align: center;\"><img class=\"\" src=\"http://www.xjd.test/includes/ueditor/php/../../../images/image/21701437612120.jpg\" style=\"\" data-lazyload=\"done\" alt=\"\"/> &nbsp;</p><p style=\"text-align: center;\"><img class=\"\" src=\"http://www.xjd.test/includes/ueditor/php/../../../images/image/45851437612121.jpg\" style=\"\" data-lazyload=\"done\" alt=\"\"/> &nbsp;</p><p style=\"text-align: center;\"><img class=\"\" src=\"http://www.xjd.test/includes/ueditor/php/../../../images/image/76481437612121.jpg\" style=\"\" data-lazyload=\"done\" alt=\"\"/> &nbsp;</p><p style=\"text-align: center;\"><img class=\"\" src=\"http://www.xjd.test/includes/ueditor/php/../../../images/image/44891437612121.jpg\" style=\"\" data-lazyload=\"done\" alt=\"\"/><br/><br/><img class=\"\" src=\"http://www.xjd.test/includes/ueditor/php/../../../images/image/37651437612121.jpg\" style=\"\" id=\"detail-tag-id-2\" name=\"detail-tag-id-2\" data-lazyload=\"done\" alt=\"\"/><br/> &nbsp;</p><p style=\"text-align: center;\"><img class=\"\" src=\"http://www.xjd.test/includes/ueditor/php/../../../images/image/66151437612121.jpg\" style=\"\" data-lazyload=\"done\" alt=\"\"/></p><p style=\"text-align: center;\"><br/></p>','','images/201507/thumb_img/208_thumb_G_1437583379285.jpg','','images/201507/goods_img/208_G_1437583379233.jpg','','images/201507/source_img/208_G_1437583379477.jpg',1,'',1,1,0,1,1437583369,100,0,1,1,0,0,10.0,0,1437583924,0,'',-1,-1,0,0,0,'',0,0,0.00,0,0),(210,8,'ECS000210','惠氏(Wyeth)S-26金装爱儿乐婴儿配方奶粉 1段 900克','+',2,0,'',1566,0.000,243.60,203.00,0.00,0,0,0,0,0,0,1,'雀巢','多美滋精确盈养，精确益养欧洲/中国专利发明，助力宝宝开启潜力宝藏！','<p style=\"text-align: center;\"><img class=\"\" src=\"http://www.xjd.test/includes/ueditor/php/../../../images/image/94661437612328.jpg\" style=\"\" data-lazyload=\"done\"/></p><p style=\"text-align: center;\"><img class=\"\" src=\"http://www.xjd.test/includes/ueditor/php/../../../images/image/14931437612329.jpg\" style=\"\" data-lazyload=\"done\"/></p>','','images/201507/thumb_img/210_thumb_G_1437583822170.jpg','','images/201507/goods_img/210_G_1437583822756.jpg','','images/201507/source_img/210_G_1437583822320.jpg',1,'',1,1,0,2,1437583812,100,0,0,1,0,0,10.0,0,1437583922,0,'限时特价389元！',-1,-1,0,0,0,'',0,0,0.00,0,0),(209,8,'ECS000209','雀巢(Nestle)超级能恩幼儿配方奶粉 3段 800克','+',0,40,'',15656,0.000,333.59,278.00,0.00,0,0,0,0,0,0,1,'雀巢','德国原装进口、适度水解配方、全面营养 )','<p style=\"text-align: center;\"><img class=\"\" src=\"http://www.xjd.test/includes/ueditor/php/../../../images/image/94661437612328.jpg\" style=\"\" data-lazyload=\"done\"/></p><p style=\"text-align: center;\"><img class=\"\" src=\"http://www.xjd.test/includes/ueditor/php/../../../images/image/14931437612329.jpg\" style=\"\" data-lazyload=\"done\"/></p>','','images/201507/thumb_img/209_thumb_G_1437583601151.jpg','','images/201507/goods_img/209_G_1437583601250.jpg','','images/201507/source_img/209_G_1437583601498.jpg',1,'',1,1,0,2,1437583577,100,0,0,1,0,0,10.0,0,1437583847,2,'',-1,-1,0,0,0,'',0,0,0.00,0,0),(211,8,'ECS000211','伊利 金领冠珍护幼儿配方奶粉 3段(1-3岁幼儿适用)','+',0,0,'',1000,0.000,429.59,358.00,0.00,0,0,0,0,0,0,1,'金领冠','(1-3岁幼儿适用)','<p style=\"text-align: center;\"><img class=\"\" src=\"http://www.xjd.test/includes/ueditor/php/../../../images/image/99521437612873.jpg\" style=\"\" data-lazyload=\"done\"/></p><p style=\"text-align: center;\">金领冠珍护系列，是伊利母婴营养研究中心依托“中国母乳数据库”,根据中国宝宝体质特点，结合伊 利母乳营养研究成果和德国专业技术，经过8年的潜心研究，3年的临床试验，在营养成分结构上最大程 度接近母乳的婴幼儿配方奶粉。</p><p style=\"text-align: center;\"><img class=\"\" src=\"http://www.xjd.test/includes/ueditor/php/../../../images/image/95731437612873.jpg\" style=\"\" data-lazyload=\"done\"/></p><p style=\"text-align: center;\"><img class=\"\" src=\"http://www.xjd.test/includes/ueditor/php/../../../images/image/36941437612874.jpg\" style=\"\" data-lazyload=\"done\"/></p>','','images/201507/thumb_img/211_thumb_G_1437584133612.jpg','','images/201507/goods_img/211_G_1437584133489.jpg','','images/201507/source_img/211_G_1437584133994.jpg',1,'',1,1,0,3,1437584113,100,0,0,1,0,0,10.0,0,1437584169,0,'',-1,-1,0,0,0,'',0,0,0.00,0,0),(212,8,'ECS000212','飞鹤(FIRMUS)超级飞帆臻爱倍护幼儿配方奶粉','+',0,53,'',1000,0.000,271.20,226.00,0.00,0,0,0,0,0,0,1,'飞鹤','(1-3岁幼儿适用)','<p style=\"text-align: center;\"><img class=\"\" src=\"http://www.xjd.test/includes/ueditor/php/../../../images/image/99521437612873.jpg\" style=\"\" data-lazyload=\"done\"/></p><p style=\"text-align: center;\">金领冠珍护系列，是伊利母婴营养研究中心依托“中国母乳数据库”,根据中国宝宝体质特点，结合伊 利母乳营养研究成果和德国专业技术，经过8年的潜心研究，3年的临床试验，在营养成分结构上最大程 度接近母乳的婴幼儿配方奶粉。</p><p style=\"text-align: center;\"><img class=\"\" src=\"http://www.xjd.test/includes/ueditor/php/../../../images/image/95731437612873.jpg\" style=\"\" data-lazyload=\"done\"/></p><p style=\"text-align: center;\"><img class=\"\" src=\"http://www.xjd.test/includes/ueditor/php/../../../images/image/36941437612874.jpg\" style=\"\" data-lazyload=\"done\"/></p>','','images/201507/thumb_img/212_thumb_G_1437584420342.jpg','','images/201507/goods_img/212_G_1437584420806.jpg','','images/201507/source_img/212_G_1437584420410.jpg',1,'',1,1,0,2,1437584278,100,0,0,1,0,0,10.0,0,1437584438,0,'',-1,-1,0,0,0,'',0,0,0.00,0,0),(213,8,'ECS000213','亨氏 (Heinz) 甜嫩玉米泥 113g','+',2,97,'',1000,0.000,61.19,51.00,0.00,0,0,0,0,0,0,1,'亨氏','辅食添加初期-36个月适用','<p style=\"text-align: center;\"><img class=\"\" src=\"http://www.xjd.test/includes/ueditor/php/../../../images/image/65961437613445.jpg\" style=\"\" data-lazyload=\"done\"/></p><p style=\"text-align: center;\">产品特色\r\n &nbsp; &nbsp;<span class=\"s2\">Selling Point</span>\r\n &nbsp;</p><p style=\"text-align: center;\"><img class=\"\" src=\"http://www.xjd.test/includes/ueditor/php/../../../images/image/7981437613445.jpg\" style=\"\" data-lazyload=\"done\"/></p>','','images/201507/thumb_img/213_thumb_G_1437584699293.jpg','','images/201507/goods_img/213_G_1437584699607.jpg','','images/201507/source_img/213_G_1437584699190.jpg',1,'',1,1,0,0,1437584677,100,0,1,1,0,0,10.0,0,1437584741,0,'',-1,-1,0,0,0,'',0,0,0.00,0,0),(214,8,'ECS000214','亨氏 (Heinz) 乐维滋果汁泥-苹果黑加仑 (1-3岁适用) 120g','+',1,0,'',1000,0.000,5.76,4.80,0.00,0,0,0,0,0,0,1,'亨氏','辅食添加初期-36个月适用','<p style=\"text-align: center;\"><img class=\"\" src=\"http://www.xjd.test/includes/ueditor/php/../../../images/image/65961437613445.jpg\" style=\"\" data-lazyload=\"done\"/></p><p style=\"text-align: center;\">产品特色\r\n &nbsp; &nbsp;<span class=\"s2\">Selling Point</span>\r\n &nbsp;</p><p style=\"text-align: center;\"><img class=\"\" src=\"http://www.xjd.test/includes/ueditor/php/../../../images/image/7981437613445.jpg\" style=\"\" data-lazyload=\"done\"/></p>','','images/201507/thumb_img/214_thumb_G_1437584902078.jpg','','images/201507/goods_img/214_G_1437584902772.jpg','','images/201507/source_img/214_G_1437584902201.jpg',1,'',1,1,0,0,1437584874,100,0,0,1,1,0,10.0,0,1437584907,0,'',-1,-1,0,0,0,'',0,0,0.00,0,0),(215,8,'ECS000215','HiPP喜宝 德国原装进口婴幼儿辅食肉泥','+',1,97,'',300,0.000,57.59,48.00,0.00,0,0,0,0,0,0,1,'Hipp','辅食添加初期-36个月适用','<p style=\"text-align: center;\"><img class=\"\" src=\"http://www.xjd.test/includes/ueditor/php/../../../images/image/65961437613445.jpg\" style=\"\" data-lazyload=\"done\"/></p><p style=\"text-align: center;\">产品特色\r\n &nbsp; &nbsp;<span class=\"s2\">Selling Point</span>\r\n &nbsp;</p><p style=\"text-align: center;\"><img class=\"\" src=\"http://www.xjd.test/includes/ueditor/php/../../../images/image/7981437613445.jpg\" style=\"\" data-lazyload=\"done\"/></p>','','images/201507/thumb_img/215_thumb_G_1437585131029.jpg','','images/201507/goods_img/215_G_1437585131638.jpg','','images/201507/source_img/215_G_1437585131732.jpg',1,'',1,1,0,0,1437585114,100,0,0,1,1,0,10.0,0,1437585135,0,'',-1,-1,0,0,0,'',0,0,0.00,0,0),(216,8,'ECS000216','哈罗闪sanosan婴儿洗发露沐浴乳二合一','+',1,0,'',8999,0.000,31.20,26.00,0.00,0,0,0,0,0,0,1,'哈罗闪','宝宝出游再也不用担心啦！','<p style=\"text-align: center;\"><img class=\"\" src=\"http://www.xjd.test/includes/ueditor/php/../../../images/image/67541437614218.jpg\" style=\"\" data-lazyload=\"done\" alt=\"\" id=\"c88fe3ac231a48d0aa7f1ff3b0d4a86f\"/> </p><p style=\"text-align: center;\"><img class=\"\" src=\"http://www.xjd.test/includes/ueditor/php/../../../images/image/84641437614218.jpg\" style=\"\" data-lazyload=\"done\" alt=\"\" id=\"79adb87b68864487b04fe41c19792ed4\"/> </p><p style=\"text-align: center;\"><img class=\"\" src=\"http://www.xjd.test/includes/ueditor/php/../../../images/image/3791437614218.jpg\" style=\"\" data-lazyload=\"done\" alt=\"\" id=\"959082176b1d4d2086426d9c4144195f\"/> </p><p style=\"text-align: center;\"><img class=\"\" src=\"http://www.xjd.test/includes/ueditor/php/../../../images/image/51381437614218.jpg\" style=\"\" data-lazyload=\"done\" alt=\"\" id=\"37c29dc4915d42a0aba37288a9c6f5f1\"/> </p><p style=\"text-align: center;\"><img class=\"\" src=\"http://www.xjd.test/includes/ueditor/php/../../../images/image/81781437614218.jpg\" style=\"\" data-lazyload=\"done\" alt=\"\" id=\"9a26eb30057b45e5afad0b5a142d93f1\"/> </p><p style=\"text-align: center;\"><img class=\"\" src=\"http://www.xjd.test/includes/ueditor/php/../../../images/image/93661437614219.jpg\" style=\"\" data-lazyload=\"done\" alt=\"\" id=\"fe2c020f52274814ab86f1bb50b41249\"/> </p><p style=\"text-align: center;\"><img class=\"\" src=\"http://www.xjd.test/includes/ueditor/php/../../../images/image/18321437614219.jpg\" style=\"\" data-lazyload=\"done\" alt=\"\" id=\"14200bd7c3214e5093b1457f5138ab19\"/> </p><p style=\"text-align: center;\"><img class=\"\" src=\"http://www.xjd.test/includes/ueditor/php/../../../images/image/42341437614219.jpg\" style=\"\" data-lazyload=\"done\" alt=\"\" id=\"10627c991f3f44a285ce8e0a548fce13\"/> </p>','','images/201507/thumb_img/216_thumb_G_1437585478147.jpg','','images/201507/goods_img/216_G_1437585478509.jpg','','images/201507/source_img/216_G_1437585478558.jpg',1,'',1,1,0,0,1437585458,100,0,0,1,1,0,10.0,0,1437585481,0,'',-1,-1,0,0,0,'',0,0,0.00,0,0),(217,8,'ECS000217','盈泰 充气游泳池家庭成人大型超大号儿童游泳池','+',1,104,'',8999,0.000,237.60,198.00,0.00,0,0,0,0,0,0,1,'','宝宝出游再也不用担心啦！','<p style=\"text-align: center;\"><img class=\"\" src=\"http://www.xjd.test/includes/ueditor/php/../../../images/image/67541437614218.jpg\" style=\"\" data-lazyload=\"done\" alt=\"\" id=\"c88fe3ac231a48d0aa7f1ff3b0d4a86f\"/> </p><p style=\"text-align: center;\"><img class=\"\" src=\"http://www.xjd.test/includes/ueditor/php/../../../images/image/84641437614218.jpg\" style=\"\" data-lazyload=\"done\" alt=\"\" id=\"79adb87b68864487b04fe41c19792ed4\"/> </p><p style=\"text-align: center;\"><img class=\"\" src=\"http://www.xjd.test/includes/ueditor/php/../../../images/image/3791437614218.jpg\" style=\"\" data-lazyload=\"done\" alt=\"\" id=\"959082176b1d4d2086426d9c4144195f\"/> </p><p style=\"text-align: center;\"><img class=\"\" src=\"http://www.xjd.test/includes/ueditor/php/../../../images/image/51381437614218.jpg\" style=\"\" data-lazyload=\"done\" alt=\"\" id=\"37c29dc4915d42a0aba37288a9c6f5f1\"/> </p><p style=\"text-align: center;\"><img class=\"\" src=\"http://www.xjd.test/includes/ueditor/php/../../../images/image/81781437614218.jpg\" style=\"\" data-lazyload=\"done\" alt=\"\" id=\"9a26eb30057b45e5afad0b5a142d93f1\"/> </p><p style=\"text-align: center;\"><img class=\"\" src=\"http://www.xjd.test/includes/ueditor/php/../../../images/image/93661437614219.jpg\" style=\"\" data-lazyload=\"done\" alt=\"\" id=\"fe2c020f52274814ab86f1bb50b41249\"/> </p><p style=\"text-align: center;\"><img class=\"\" src=\"http://www.xjd.test/includes/ueditor/php/../../../images/image/18321437614219.jpg\" style=\"\" data-lazyload=\"done\" alt=\"\" id=\"14200bd7c3214e5093b1457f5138ab19\"/> </p><p style=\"text-align: center;\"><img class=\"\" src=\"http://www.xjd.test/includes/ueditor/php/../../../images/image/42341437614219.jpg\" style=\"\" data-lazyload=\"done\" alt=\"\" id=\"10627c991f3f44a285ce8e0a548fce13\"/> </p>','','images/201507/thumb_img/217_thumb_G_1437585667325.jpg','','images/201507/goods_img/217_G_1437585667332.jpg','','images/201507/source_img/217_G_1437585667171.jpg',1,'',1,1,0,1,1437585579,100,0,0,1,1,0,10.0,0,1437585669,0,'',-1,-1,0,0,0,'',0,0,0.00,0,0),(218,8,'ECS000218','欧培(OPEN)儿童洗澡桶 加厚环保塑料宝宝沐浴桶大号','+',2,98,'',8999,0.000,213.60,178.00,0.00,0,0,0,0,0,0,1,'欧培','宝宝出游再也不用担心啦！','<p style=\"text-align: center;\"><img class=\"\" src=\"http://www.xjd.test/includes/ueditor/php/../../../images/image/67541437614218.jpg\" style=\"\" data-lazyload=\"done\" alt=\"\" id=\"c88fe3ac231a48d0aa7f1ff3b0d4a86f\"/> </p><p style=\"text-align: center;\"><img class=\"\" src=\"http://www.xjd.test/includes/ueditor/php/../../../images/image/84641437614218.jpg\" style=\"\" data-lazyload=\"done\" alt=\"\" id=\"79adb87b68864487b04fe41c19792ed4\"/> </p><p style=\"text-align: center;\"><img class=\"\" src=\"http://www.xjd.test/includes/ueditor/php/../../../images/image/3791437614218.jpg\" style=\"\" data-lazyload=\"done\" alt=\"\" id=\"959082176b1d4d2086426d9c4144195f\"/> </p><p style=\"text-align: center;\"><img class=\"\" src=\"http://www.xjd.test/includes/ueditor/php/../../../images/image/51381437614218.jpg\" style=\"\" data-lazyload=\"done\" alt=\"\" id=\"37c29dc4915d42a0aba37288a9c6f5f1\"/> </p><p style=\"text-align: center;\"><img class=\"\" src=\"http://www.xjd.test/includes/ueditor/php/../../../images/image/81781437614218.jpg\" style=\"\" data-lazyload=\"done\" alt=\"\" id=\"9a26eb30057b45e5afad0b5a142d93f1\"/> </p><p style=\"text-align: center;\"><img class=\"\" src=\"http://www.xjd.test/includes/ueditor/php/../../../images/image/93661437614219.jpg\" style=\"\" data-lazyload=\"done\" alt=\"\" id=\"fe2c020f52274814ab86f1bb50b41249\"/> </p><p style=\"text-align: center;\"><img class=\"\" src=\"http://www.xjd.test/includes/ueditor/php/../../../images/image/18321437614219.jpg\" style=\"\" data-lazyload=\"done\" alt=\"\" id=\"14200bd7c3214e5093b1457f5138ab19\"/> </p><p style=\"text-align: center;\"><img class=\"\" src=\"http://www.xjd.test/includes/ueditor/php/../../../images/image/42341437614219.jpg\" style=\"\" data-lazyload=\"done\" alt=\"\" id=\"10627c991f3f44a285ce8e0a548fce13\"/> </p>','','images/201507/thumb_img/218_thumb_G_1437585757292.jpg','','images/201507/goods_img/218_G_1437585757183.jpg','','images/201507/source_img/218_G_1437585757624.jpg',1,'',1,1,0,1,1437585747,100,0,0,1,1,0,10.0,0,1437585759,0,'',-1,-1,0,0,0,'',0,0,0.00,0,0),(219,8,'ECS000219','润本 儿童宝宝无味电热蚊香液 婴儿无刺激(无味型)','+',3,104,'',8999,0.000,28.79,24.00,0.00,0,0,0,0,0,0,1,'润本','宝宝出游再也不用担心啦！','<p style=\"text-align: center;\"><img class=\"\" src=\"http://www.xjd.test/includes/ueditor/php/../../../images/image/67541437614218.jpg\" style=\"\" data-lazyload=\"done\" alt=\"\" id=\"c88fe3ac231a48d0aa7f1ff3b0d4a86f\"/> </p><p style=\"text-align: center;\"><img class=\"\" src=\"http://www.xjd.test/includes/ueditor/php/../../../images/image/84641437614218.jpg\" style=\"\" data-lazyload=\"done\" alt=\"\" id=\"79adb87b68864487b04fe41c19792ed4\"/> </p><p style=\"text-align: center;\"><img class=\"\" src=\"http://www.xjd.test/includes/ueditor/php/../../../images/image/3791437614218.jpg\" style=\"\" data-lazyload=\"done\" alt=\"\" id=\"959082176b1d4d2086426d9c4144195f\"/> </p><p style=\"text-align: center;\"><img class=\"\" src=\"http://www.xjd.test/includes/ueditor/php/../../../images/image/51381437614218.jpg\" style=\"\" data-lazyload=\"done\" alt=\"\" id=\"37c29dc4915d42a0aba37288a9c6f5f1\"/> </p><p style=\"text-align: center;\"><img class=\"\" src=\"http://www.xjd.test/includes/ueditor/php/../../../images/image/81781437614218.jpg\" style=\"\" data-lazyload=\"done\" alt=\"\" id=\"9a26eb30057b45e5afad0b5a142d93f1\"/> </p><p style=\"text-align: center;\"><img class=\"\" src=\"http://www.xjd.test/includes/ueditor/php/../../../images/image/93661437614219.jpg\" style=\"\" data-lazyload=\"done\" alt=\"\" id=\"fe2c020f52274814ab86f1bb50b41249\"/> </p><p style=\"text-align: center;\"><img class=\"\" src=\"http://www.xjd.test/includes/ueditor/php/../../../images/image/18321437614219.jpg\" style=\"\" data-lazyload=\"done\" alt=\"\" id=\"14200bd7c3214e5093b1457f5138ab19\"/> </p><p style=\"text-align: center;\"><img class=\"\" src=\"http://www.xjd.test/includes/ueditor/php/../../../images/image/42341437614219.jpg\" style=\"\" data-lazyload=\"done\" alt=\"\" id=\"10627c991f3f44a285ce8e0a548fce13\"/> </p>','','images/201507/thumb_img/219_thumb_G_1437585857563.jpg','','images/201507/goods_img/219_G_1437585857783.jpg','','images/201507/source_img/219_G_1437585857418.jpg',1,'',1,1,0,0,1437585843,100,0,0,1,1,0,10.0,0,1437585862,0,'',-1,-1,0,0,0,'',0,0,0.00,0,0),(220,8,'ECS000220','润本（RUNBEN）驱蚊手环 植物精油驱蚊贴3条装','+',0,99,'',6788,0.000,16.20,13.50,0.00,0,0,0,0,0,0,1,'润本','宝宝出游再也不用担心啦！','<p style=\"text-align: center;\"><img class=\"\" src=\"http://www.xjd.test/includes/ueditor/php/../../../images/image/67541437614218.jpg\" style=\"\" data-lazyload=\"done\" alt=\"\" id=\"c88fe3ac231a48d0aa7f1ff3b0d4a86f\"/> </p><p style=\"text-align: center;\"><img class=\"\" src=\"http://www.xjd.test/includes/ueditor/php/../../../images/image/84641437614218.jpg\" style=\"\" data-lazyload=\"done\" alt=\"\" id=\"79adb87b68864487b04fe41c19792ed4\"/> </p><p style=\"text-align: center;\"><img class=\"\" src=\"http://www.xjd.test/includes/ueditor/php/../../../images/image/3791437614218.jpg\" style=\"\" data-lazyload=\"done\" alt=\"\" id=\"959082176b1d4d2086426d9c4144195f\"/> </p><p style=\"text-align: center;\"><img class=\"\" src=\"http://www.xjd.test/includes/ueditor/php/../../../images/image/51381437614218.jpg\" style=\"\" data-lazyload=\"done\" alt=\"\" id=\"37c29dc4915d42a0aba37288a9c6f5f1\"/> </p><p style=\"text-align: center;\"><img class=\"\" src=\"http://www.xjd.test/includes/ueditor/php/../../../images/image/81781437614218.jpg\" style=\"\" data-lazyload=\"done\" alt=\"\" id=\"9a26eb30057b45e5afad0b5a142d93f1\"/> </p><p style=\"text-align: center;\"><img class=\"\" src=\"http://www.xjd.test/includes/ueditor/php/../../../images/image/93661437614219.jpg\" style=\"\" data-lazyload=\"done\" alt=\"\" id=\"fe2c020f52274814ab86f1bb50b41249\"/> </p><p style=\"text-align: center;\"><img class=\"\" src=\"http://www.xjd.test/includes/ueditor/php/../../../images/image/18321437614219.jpg\" style=\"\" data-lazyload=\"done\" alt=\"\" id=\"14200bd7c3214e5093b1457f5138ab19\"/> </p><p style=\"text-align: center;\"><img class=\"\" src=\"http://www.xjd.test/includes/ueditor/php/../../../images/image/42341437614219.jpg\" style=\"\" data-lazyload=\"done\" alt=\"\" id=\"10627c991f3f44a285ce8e0a548fce13\"/> </p>','','images/201507/thumb_img/220_thumb_G_1437585995276.jpg','','images/201507/goods_img/220_G_1437585995526.jpg','','images/201507/source_img/220_G_1437585995609.jpg',1,'',1,1,0,0,1437585967,100,0,0,1,1,0,10.0,0,1437586008,0,'',-1,-1,0,0,0,'',0,0,0.00,0,0),(221,8,'ECS000221','易简 专业婴儿儿童理发器 充电防水静音/HK668A(小鱼）','+',3,99,'',6788,0.000,106.80,89.00,0.00,0,0,0,0,0,0,1,'易简','宝宝出游再也不用担心啦！','<p style=\"text-align: center;\"><img class=\"\" src=\"http://www.xjd.test/includes/ueditor/php/../../../images/image/79941437614900.jpg\" style=\"\" data-lazyload=\"done\"/></p><p style=\"text-align: center;\"><img class=\"\" src=\"http://www.xjd.test/includes/ueditor/php/../../../images/image/25231437614900.jpg\" style=\"\" data-lazyload=\"done\"/></p><p style=\"text-align: center;\"><img class=\"\" src=\"http://www.xjd.test/includes/ueditor/php/../../../images/image/35401437614901.jpg\" style=\"\" data-lazyload=\"done\"/></p><p style=\"text-align: center;\"><img class=\"\" src=\"http://www.xjd.test/includes/ueditor/php/../../../images/image/48781437614901.jpg\" style=\"\" data-lazyload=\"done\"/></p>','','images/201507/thumb_img/221_thumb_G_1437586129474.jpg','','images/201507/goods_img/221_G_1437586129678.jpg','','images/201507/source_img/221_G_1437586129263.jpg',1,'',1,1,0,0,1437586116,100,0,0,1,1,0,10.0,0,1437586132,0,'',-1,-1,0,0,0,'',0,0,0.00,0,0),(222,6,'ECS000222','美姿蓝 家具 床 皮床 皮艺床 双人床 真皮床','+',1,84,'',43451,0.000,1668.00,1390.00,0.00,0,0,0,0,0,0,1,'','','<p style=\"text-align: center;\"><img src=\"http://www.xjd.test/includes/ueditor/php/../../../bdimages/upload1/20150723/1437615253258707.jpg\" title=\"559c9967N76c75666.jpg\"/></p>','','images/201507/thumb_img/222_thumb_G_1437586485852.jpg','','images/201507/goods_img/222_G_1437586485942.jpg','','images/201507/source_img/222_G_1437586485771.jpg',1,'',1,1,0,13,1437586473,1000,0,1,1,0,0,10.0,0,1437586707,0,'',-1,-1,0,0,0,'',0,0,0.00,0,0),(223,6,'ECS000223','乐和居 双人床 床 榻榻米床 头层真皮','+',7,65,'',9,0.000,3598.79,2999.00,0.00,0,0,0,0,0,0,1,'乐和居','【7月清凉节】high爆全场爽酷购！！200元，320元优惠卷任性抢，冰点价疯狂抢购中！','<p style=\"text-align: center;\"><img src=\"http://www.xjd.test/includes/ueditor/php/../../../bdimages/upload1/20150723/1437615253258707.jpg\" title=\"559c9967N76c75666.jpg\"/></p>','','images/201507/thumb_img/223_thumb_G_1437586798114.jpg','','images/201507/goods_img/223_G_1437586798122.jpg','','images/201507/source_img/223_G_1437586798567.jpg',1,'',1,1,0,29,1437586786,100,0,1,1,0,0,10.0,0,1443592753,2,'',-1,-1,0,0,0,'',0,0,0.00,0,0),(224,6,'ECS000224','中派 进口芬兰松木家具实木儿童高低床子母床上下铺带梯柜双层床','+',4,0,'',5888,0.000,5520.00,4600.00,0.00,0,0,0,0,0,0,1,'中派','【7月清凉节】high爆全场爽酷购！！200元，320元优惠卷任性抢，冰点价疯狂抢购中！','<p style=\"text-align: center;\"><img src=\"http://www.xjd.test/includes/ueditor/php/../../../bdimages/upload1/20150723/1437615253258707.jpg\" title=\"559c9967N76c75666.jpg\"/></p>','','images/201507/thumb_img/224_thumb_G_1437586899394.jpg','','images/201507/goods_img/224_G_1437586899216.jpg','','images/201507/source_img/224_G_1437586899541.jpg',1,'',1,1,0,46,1437586887,100,0,1,1,0,0,10.0,0,1437586901,0,'',-1,-1,0,0,0,'',0,0,0.00,0,0),(225,6,'ECS000225','樱之歌 52头 紫玉情缘 餐具套装','+',1,71,'',3333,0.000,286.80,239.00,0.00,0,0,0,0,0,0,1,'樱之歌','','<p style=\"text-align: center;\"><img class=\"\" src=\"http://www.xjd.test/includes/ueditor/php/../../../images/image/87681437615856.jpg\" style=\"\" data-lazyload=\"done\"/></p><p style=\"text-align: center;\"><img class=\"\" src=\"http://www.xjd.test/includes/ueditor/php/../../../images/image/28851437615856.jpg\" style=\"\" data-lazyload=\"done\"/></p>','','images/201507/thumb_img/225_thumb_G_1437587108986.jpg','','images/201507/goods_img/225_G_1437587108283.jpg','','images/201507/source_img/225_G_1437587108369.jpg',1,'',1,1,0,2,1437587090,100,0,0,1,1,0,10.0,0,1437587112,0,'',-1,-1,0,0,0,'',0,0,0.00,0,0),(226,6,'ECS000226','亿嘉IJARL 时尚陶瓷28头韩式骨瓷餐具套装 东洋之心','+',1,0,'',3333,0.000,286.80,239.00,0.00,0,0,0,0,0,0,1,'樱之歌','','<p style=\"text-align: center;\"><img class=\"\" src=\"http://www.xjd.test/includes/ueditor/php/../../../images/image/87681437615856.jpg\" style=\"\" data-lazyload=\"done\"/></p><p style=\"text-align: center;\"><img class=\"\" src=\"http://www.xjd.test/includes/ueditor/php/../../../images/image/28851437615856.jpg\" style=\"\" data-lazyload=\"done\"/></p>','','images/201507/thumb_img/226_thumb_G_1437587179362.jpg','','images/201507/goods_img/226_G_1437587179014.jpg','','images/201507/source_img/226_G_1437587179805.jpg',1,'',0,1,0,2,1437587170,100,0,0,1,1,0,10.0,0,1461999827,0,'',-1,-1,0,0,0,'',0,0,0.00,0,0),(227,6,'ECS000227','雅诚德Arst餐具套装56头套装中式碗碟套装陶瓷碗碟套装釉上彩','+',6,0,'',3333,0.000,546.00,455.00,0.00,0,0,0,0,0,0,1,'樱之歌','','<p style=\"text-align: center;\"><img class=\"\" src=\"http://www.xjd.test/includes/ueditor/php/../../../images/image/87681437615856.jpg\" style=\"\" data-lazyload=\"done\"/></p><p style=\"text-align: center;\"><img class=\"\" src=\"http://www.xjd.test/includes/ueditor/php/../../../images/image/28851437615856.jpg\" style=\"\" data-lazyload=\"done\"/></p>','','images/201507/thumb_img/227_thumb_G_1437587283837.jpg','','images/201507/goods_img/227_G_1437587283411.jpg','','images/201507/source_img/227_G_1437587283560.jpg',1,'',1,1,0,4,1437587248,100,0,0,1,1,0,10.0,0,1437587288,0,'',-1,-1,0,0,0,'',0,0,0.00,0,0),(228,6,'ECS000228','剑林 景德镇陶瓷56头韩式餐具套装 红袖添香 FZG453HX56','+',0,0,'',3333,0.000,358.80,299.00,0.00,0,0,0,0,0,0,1,'樱之歌','','<p style=\"text-align: center;\"><img class=\"\" src=\"http://www.xjd.test/includes/ueditor/php/../../../images/image/87681437615856.jpg\" style=\"\" data-lazyload=\"done\"/></p><p style=\"text-align: center;\"><img class=\"\" src=\"http://www.xjd.test/includes/ueditor/php/../../../images/image/28851437615856.jpg\" style=\"\" data-lazyload=\"done\"/></p>','','images/201507/thumb_img/228_thumb_G_1437587380356.jpg','','images/201507/goods_img/228_G_1437587380921.jpg','','images/201507/source_img/228_G_1437587380562.jpg',1,'',1,1,0,2,1437587363,100,0,0,1,1,0,10.0,0,1437587383,0,'',-1,-1,0,0,0,'',0,0,0.00,0,0),(229,6,'ECS000229','Jaka蝴蝶夫人浮雕陶瓷分层水果盘 点心盘子 双层三层 多款可选','+',1,0,'',3333,0.000,139.20,116.00,0.00,0,0,0,0,0,0,1,'蝴蝶夫人','粉色碎花3层配送勺叉粉色','<p style=\"text-align: center;\"><img class=\"\" src=\"http://www.xjd.test/includes/ueditor/php/../../../images/image/60951437616312.jpg\" style=\"\" data-lazyload=\"done\" alt=\"\" id=\"95aa1f3f90ab42aa953408b9c0187728\"/> </p><p style=\"text-align: center;\"><img class=\"\" src=\"http://www.xjd.test/includes/ueditor/php/../../../images/image/2411437616312.jpg\" style=\"\" data-lazyload=\"done\" alt=\"\" id=\"04b302557feb4b07bddc284d4bb3f10d\"/> </p><p style=\"text-align: center;\"><img class=\"\" src=\"http://www.xjd.test/includes/ueditor/php/../../../images/image/57281437616312.jpg\" style=\"\" data-lazyload=\"done\" alt=\"\" id=\"c57b40eed4db49d4b07d392c9d4bf8b5\"/> </p><p style=\"text-align: center;\"><img class=\"\" src=\"http://www.xjd.test/includes/ueditor/php/../../../images/image/55701437616313.jpg\" style=\"\" data-lazyload=\"done\" alt=\"\" id=\"284674ed17524b73a3b2d1ac596f4c3b\"/> </p><p style=\"text-align: center;\"><img class=\"\" src=\"http://www.xjd.test/includes/ueditor/php/../../../images/image/56491437616313.jpg\" style=\"\" data-lazyload=\"done\" alt=\"\" id=\"e708d1d1da5b4c268d00c8ad185cc656\"/> </p><p style=\"text-align: center;\"><img class=\"\" src=\"http://www.xjd.test/includes/ueditor/php/../../../images/image/48001437616313.jpg\" style=\"\" data-lazyload=\"done\" alt=\"\" id=\"61830aea4f7a4c42874c0447ecce55e0\"/> </p><p style=\"text-align: center;\"><img class=\"\" src=\"http://www.xjd.test/includes/ueditor/php/../../../images/image/33201437616313.jpg\" style=\"\" data-lazyload=\"done\" alt=\"\" id=\"884eb94a040f4abc91fd50b3935fadbc\"/> </p><p style=\"text-align: center;\"><img class=\"\" src=\"http://www.xjd.test/includes/ueditor/php/../../../images/image/11741437616313.jpg\" style=\"\" data-lazyload=\"done\" alt=\"\" id=\"e5eac040083547a3af982d06df1e4cf6\"/> </p><p style=\"text-align: center;\"><img class=\"\" src=\"http://www.xjd.test/includes/ueditor/php/../../../images/image/21371437616314.jpg\" style=\"\" data-lazyload=\"done\" alt=\"\" id=\"c8ca3d2a454440e4ad20e6e4db7160c4\"/> </p><p style=\"text-align: center;\"><img class=\"\" src=\"http://www.xjd.test/includes/ueditor/php/../../../images/image/51211437616314.jpg\" style=\"\" data-lazyload=\"done\" alt=\"\" id=\"21b3823742c642ccaa0656b75182c322\"/> </p><p style=\"text-align: center;\"><img class=\"\" src=\"http://www.xjd.test/includes/ueditor/php/../../../images/image/89381437616314.jpg\" style=\"\" data-lazyload=\"done\" alt=\"\" id=\"a6dd484ea2bb4f6fb0a6f0e98256404c\"/> </p>','','images/201507/thumb_img/229_thumb_G_1437587547996.jpg','','images/201507/goods_img/229_G_1437587547962.jpg','','images/201507/source_img/229_G_1437587547864.jpg',1,'',1,1,0,1,1437587456,100,0,0,1,1,0,10.0,0,1437587552,0,'',-1,-1,0,0,0,'',0,0,0.00,0,0),(230,6,'ECS000230','304不锈钢宝宝分格餐盘 儿童餐具分隔格碗餐盘婴儿盘','+',3,0,'',3334,0.000,42.00,35.00,0.00,0,0,0,0,0,0,1,'蝴蝶夫人','粉色碎花3层配送勺叉粉色','<p style=\"text-align: center;\"><img class=\"\" src=\"http://www.xjd.test/includes/ueditor/php/../../../images/image/60951437616312.jpg\" style=\"\" data-lazyload=\"done\" alt=\"\" id=\"95aa1f3f90ab42aa953408b9c0187728\"/> </p><p style=\"text-align: center;\"><img class=\"\" src=\"http://www.xjd.test/includes/ueditor/php/../../../images/image/2411437616312.jpg\" style=\"\" data-lazyload=\"done\" alt=\"\" id=\"04b302557feb4b07bddc284d4bb3f10d\"/> </p><p style=\"text-align: center;\"><img class=\"\" src=\"http://www.xjd.test/includes/ueditor/php/../../../images/image/57281437616312.jpg\" style=\"\" data-lazyload=\"done\" alt=\"\" id=\"c57b40eed4db49d4b07d392c9d4bf8b5\"/> </p><p style=\"text-align: center;\"><img class=\"\" src=\"http://www.xjd.test/includes/ueditor/php/../../../images/image/55701437616313.jpg\" style=\"\" data-lazyload=\"done\" alt=\"\" id=\"284674ed17524b73a3b2d1ac596f4c3b\"/> </p><p style=\"text-align: center;\"><img class=\"\" src=\"http://www.xjd.test/includes/ueditor/php/../../../images/image/56491437616313.jpg\" style=\"\" data-lazyload=\"done\" alt=\"\" id=\"e708d1d1da5b4c268d00c8ad185cc656\"/> </p><p style=\"text-align: center;\"><img class=\"\" src=\"http://www.xjd.test/includes/ueditor/php/../../../images/image/48001437616313.jpg\" style=\"\" data-lazyload=\"done\" alt=\"\" id=\"61830aea4f7a4c42874c0447ecce55e0\"/> </p><p style=\"text-align: center;\"><img class=\"\" src=\"http://www.xjd.test/includes/ueditor/php/../../../images/image/33201437616313.jpg\" style=\"\" data-lazyload=\"done\" alt=\"\" id=\"884eb94a040f4abc91fd50b3935fadbc\"/> </p><p style=\"text-align: center;\"><img class=\"\" src=\"http://www.xjd.test/includes/ueditor/php/../../../images/image/11741437616313.jpg\" style=\"\" data-lazyload=\"done\" alt=\"\" id=\"e5eac040083547a3af982d06df1e4cf6\"/> </p><p style=\"text-align: center;\"><img class=\"\" src=\"http://www.xjd.test/includes/ueditor/php/../../../images/image/21371437616314.jpg\" style=\"\" data-lazyload=\"done\" alt=\"\" id=\"c8ca3d2a454440e4ad20e6e4db7160c4\"/> </p><p style=\"text-align: center;\"><img class=\"\" src=\"http://www.xjd.test/includes/ueditor/php/../../../images/image/51211437616314.jpg\" style=\"\" data-lazyload=\"done\" alt=\"\" id=\"21b3823742c642ccaa0656b75182c322\"/> </p><p style=\"text-align: center;\"><img class=\"\" src=\"http://www.xjd.test/includes/ueditor/php/../../../images/image/89381437616314.jpg\" style=\"\" data-lazyload=\"done\" alt=\"\" id=\"a6dd484ea2bb4f6fb0a6f0e98256404c\"/> </p>','','images/201507/thumb_img/230_thumb_G_1437587680625.jpg','','images/201507/goods_img/230_G_1437587680828.jpg','','images/201507/source_img/230_G_1437587680156.jpg',1,'',1,1,0,0,1437587670,100,0,0,1,1,0,10.0,0,1437587682,0,'',-1,-1,0,0,0,'',0,0,0.00,0,0),(231,6,'ECS000231','可爱卡通餐盘水果盘点心盘 盘子儿童托盘餐具6件套','+',3,71,'',3333,0.000,118.80,99.00,0.00,0,0,0,0,0,0,1,'蝴蝶夫人','粉色碎花3层配送勺叉粉色','<p style=\"text-align: center;\"><img class=\"\" src=\"http://www.xjd.test/includes/ueditor/php/../../../images/image/60951437616312.jpg\" style=\"\" data-lazyload=\"done\" alt=\"\" id=\"95aa1f3f90ab42aa953408b9c0187728\"/> </p><p style=\"text-align: center;\"><img class=\"\" src=\"http://www.xjd.test/includes/ueditor/php/../../../images/image/2411437616312.jpg\" style=\"\" data-lazyload=\"done\" alt=\"\" id=\"04b302557feb4b07bddc284d4bb3f10d\"/> </p><p style=\"text-align: center;\"><img class=\"\" src=\"http://www.xjd.test/includes/ueditor/php/../../../images/image/57281437616312.jpg\" style=\"\" data-lazyload=\"done\" alt=\"\" id=\"c57b40eed4db49d4b07d392c9d4bf8b5\"/> </p><p style=\"text-align: center;\"><img class=\"\" src=\"http://www.xjd.test/includes/ueditor/php/../../../images/image/55701437616313.jpg\" style=\"\" data-lazyload=\"done\" alt=\"\" id=\"284674ed17524b73a3b2d1ac596f4c3b\"/> </p><p style=\"text-align: center;\"><img class=\"\" src=\"http://www.xjd.test/includes/ueditor/php/../../../images/image/56491437616313.jpg\" style=\"\" data-lazyload=\"done\" alt=\"\" id=\"e708d1d1da5b4c268d00c8ad185cc656\"/> </p><p style=\"text-align: center;\"><img class=\"\" src=\"http://www.xjd.test/includes/ueditor/php/../../../images/image/48001437616313.jpg\" style=\"\" data-lazyload=\"done\" alt=\"\" id=\"61830aea4f7a4c42874c0447ecce55e0\"/> </p><p style=\"text-align: center;\"><img class=\"\" src=\"http://www.xjd.test/includes/ueditor/php/../../../images/image/33201437616313.jpg\" style=\"\" data-lazyload=\"done\" alt=\"\" id=\"884eb94a040f4abc91fd50b3935fadbc\"/> </p><p style=\"text-align: center;\"><img class=\"\" src=\"http://www.xjd.test/includes/ueditor/php/../../../images/image/11741437616313.jpg\" style=\"\" data-lazyload=\"done\" alt=\"\" id=\"e5eac040083547a3af982d06df1e4cf6\"/> </p><p style=\"text-align: center;\"><img class=\"\" src=\"http://www.xjd.test/includes/ueditor/php/../../../images/image/21371437616314.jpg\" style=\"\" data-lazyload=\"done\" alt=\"\" id=\"c8ca3d2a454440e4ad20e6e4db7160c4\"/> </p><p style=\"text-align: center;\"><img class=\"\" src=\"http://www.xjd.test/includes/ueditor/php/../../../images/image/51211437616314.jpg\" style=\"\" data-lazyload=\"done\" alt=\"\" id=\"21b3823742c642ccaa0656b75182c322\"/> </p><p style=\"text-align: center;\"><img class=\"\" src=\"http://www.xjd.test/includes/ueditor/php/../../../images/image/89381437616314.jpg\" style=\"\" data-lazyload=\"done\" alt=\"\" id=\"a6dd484ea2bb4f6fb0a6f0e98256404c\"/> </p>','images/201605/thumb_img/231_thumb2_G_1462283779367.jpg','images/201507/thumb_img/231_thumb_G_1437587773545.jpg','images/201605/goods_img/231_G2_1462283779765.jpg','images/201507/goods_img/231_G_1437587773725.jpg','images/201605/source_img/231_G2_1462283779941.jpg','images/201507/source_img/231_G_1437587773970.jpg',1,'',0,1,0,0,1437587762,100,0,0,1,1,0,10.0,0,1462283779,0,'',-1,-1,0,0,0,'',0,0,0.00,0,0),(232,1,'ECS000232','奇居良品 欧式家居装饰摆件 可莉尔裂纹贴花陶瓷水果盘','+',169,70,'',8000,0.000,328.80,274.00,0.00,0,0,0,0,0,0,1,'蝴蝶夫人','粉色碎花3层配送勺叉粉色','<p style=\"text-align: center;\"><img class=\"\" src=\"http://www.xjd.test/includes/ueditor/php/../../../images/image/60951437616312.jpg\" style=\"\" data-lazyload=\"done\" alt=\"\" id=\"95aa1f3f90ab42aa953408b9c0187728\"/> </p><p style=\"text-align: center;\"><img class=\"\" src=\"http://www.xjd.test/includes/ueditor/php/../../../images/image/2411437616312.jpg\" style=\"\" data-lazyload=\"done\" alt=\"\" id=\"04b302557feb4b07bddc284d4bb3f10d\"/> </p><p style=\"text-align: center;\"><img class=\"\" src=\"http://www.xjd.test/includes/ueditor/php/../../../images/image/57281437616312.jpg\" style=\"\" data-lazyload=\"done\" alt=\"\" id=\"c57b40eed4db49d4b07d392c9d4bf8b5\"/> </p><p style=\"text-align: center;\"><img class=\"\" src=\"http://www.xjd.test/includes/ueditor/php/../../../images/image/55701437616313.jpg\" style=\"\" data-lazyload=\"done\" alt=\"\" id=\"284674ed17524b73a3b2d1ac596f4c3b\"/> </p><p style=\"text-align: center;\"><img class=\"\" src=\"http://www.xjd.test/includes/ueditor/php/../../../images/image/56491437616313.jpg\" style=\"\" data-lazyload=\"done\" alt=\"\" id=\"e708d1d1da5b4c268d00c8ad185cc656\"/> </p><p style=\"text-align: center;\"><img class=\"\" src=\"http://www.xjd.test/includes/ueditor/php/../../../images/image/48001437616313.jpg\" style=\"\" data-lazyload=\"done\" alt=\"\" id=\"61830aea4f7a4c42874c0447ecce55e0\"/> </p><p style=\"text-align: center;\"><img class=\"\" src=\"http://www.xjd.test/includes/ueditor/php/../../../images/image/33201437616313.jpg\" style=\"\" data-lazyload=\"done\" alt=\"\" id=\"884eb94a040f4abc91fd50b3935fadbc\"/> </p><p style=\"text-align: center;\"><img class=\"\" src=\"http://www.xjd.test/includes/ueditor/php/../../../images/image/11741437616313.jpg\" style=\"\" data-lazyload=\"done\" alt=\"\" id=\"e5eac040083547a3af982d06df1e4cf6\"/> </p><p style=\"text-align: center;\"><img class=\"\" src=\"http://www.xjd.test/includes/ueditor/php/../../../images/image/21371437616314.jpg\" style=\"\" data-lazyload=\"done\" alt=\"\" id=\"c8ca3d2a454440e4ad20e6e4db7160c4\"/> </p><p style=\"text-align: center;\"><img class=\"\" src=\"http://www.xjd.test/includes/ueditor/php/../../../images/image/51211437616314.jpg\" style=\"\" data-lazyload=\"done\" alt=\"\" id=\"21b3823742c642ccaa0656b75182c322\"/> </p><p style=\"text-align: center;\"><img class=\"\" src=\"http://www.xjd.test/includes/ueditor/php/../../../images/image/89381437616314.jpg\" style=\"\" data-lazyload=\"done\" alt=\"\" id=\"a6dd484ea2bb4f6fb0a6f0e98256404c\"/> </p>','images/201604/thumb_img/232_thumb2_G_1461627091434.jpg','images/201604/thumb_img/232_thumb_G_1461627091627.jpg','images/201604/goods_img/232_G2_1461627091019.jpg','images/201604/goods_img/232_G_1461627091564.jpg','images/201604/source_img/232_G2_1461627091915.jpg','images/201604/source_img/232_G_1461627091847.jpg',1,'',0,1,0,2,1437587977,100,0,1,1,1,0,10.0,0,1461999772,0,'',-1,-1,0,0,0,'',0,0,0.00,0,0);
/*!40000 ALTER TABLE `ecs_goods` ENABLE KEYS */;
UNLOCK TABLES;

--
-- Table structure for table `ecs_goods_activity`
--

DROP TABLE IF EXISTS `ecs_goods_activity`;
/*!40101 SET @saved_cs_client     = @@character_set_client */;
/*!40101 SET character_set_client = utf8 */;
CREATE TABLE `ecs_goods_activity` (
  `act_id` mediumint(8) unsigned NOT NULL AUTO_INCREMENT,
  `act_name` varchar(255) NOT NULL,
  `act_desc` text NOT NULL,
  `act_type` tinyint(3) unsigned NOT NULL,
  `goods_id` mediumint(8) unsigned NOT NULL,
  `product_id` mediumint(8) unsigned NOT NULL DEFAULT '0',
  `goods_name` varchar(255) NOT NULL,
  `start_time` int(10) unsigned NOT NULL,
  `end_time` int(10) unsigned NOT NULL,
  `is_finished` tinyint(3) unsigned NOT NULL,
  `ext_info` text NOT NULL,
  `supplier_id` mediumint(8) NOT NULL DEFAULT '0' COMMENT '店铺标识',
  `act_count` mediumint(8) NOT NULL DEFAULT '0',
  PRIMARY KEY (`act_id`),
  KEY `act_name` (`act_name`,`act_type`,`goods_id`)
) ENGINE=MyISAM AUTO_INCREMENT=34 DEFAULT CHARSET=utf8;
/*!40101 SET character_set_client = @saved_cs_client */;

--
-- Dumping data for table `ecs_goods_activity`
--

LOCK TABLES `ecs_goods_activity` WRITE;
/*!40000 ALTER TABLE `ecs_goods_activity` DISABLE KEYS */;
INSERT INTO `ecs_goods_activity` VALUES (1,'新机头三星 Galaxy S6 edge（G9250）32G版 铂光金','夺宝岛编号：10637018\r\n\r\n包装外观：商品外观良好，外包装良好\r\n\r\n商品所在地：成都\r\n\r\n附件清单：主机 × 1，充电器 × 1，数据线 × 1，耳机 × 1，卡针× 1、快速指南× 1、保修卡 × 1 仅机头为新！\r\n',2,155,35,'三星 Galaxy S6 edge（G9250）32G版 铂光金 移动联通电信4G手机',1437552000,1451462400,0,'a:5:{s:7:\"deposit\";d:0;s:11:\"start_price\";d:500;s:9:\"end_price\";d:5088;s:9:\"amplitude\";d:100;s:6:\"no_top\";i:0;}',0,1),(2,'海尔HGS-2164手持蒸汽挂烫机家用挂式电熨斗熨烫机正品全国联保','夺宝岛编号：10639920\r\n\r\n包装外观：商品外观良好，外包装良好\r\n\r\n商品所在地：上海\r\n\r\n附件清单：主机x1\r\n',2,86,0,'海尔HGS-2164手持蒸汽挂烫机家用挂式电熨斗熨烫机正品全国联保',1437552000,1451462400,0,'a:5:{s:7:\"deposit\";d:10;s:11:\"start_price\";d:50;s:9:\"end_price\";d:408;s:9:\"amplitude\";d:10;s:6:\"no_top\";i:0;}',0,1),(3,'婴儿超值大礼包','宝宝舒心，妈妈放心，给包包一个安全舒适的成长环境！',4,0,0,'',1437588420,1534990020,0,'a:1:{s:13:\"package_price\";s:3:\"399\";}',0,0),(4,'数码超值搭配套餐','数码超值搭配套餐',4,0,0,'',1437589440,1598149440,0,'a:1:{s:13:\"package_price\";s:4:\"2600\";}',0,0),(5,'诺优能(Nutrilon) 幼儿配方奶粉 3段(12-24个月幼儿适用) ','夺宝岛编号：10639440\r\n\r\n包装外观：商品外观良好，外包装良好\r\n\r\n商品所在地：上海\r\n\r\n附件清单：主机 × 1\r\n',2,148,0,'诺优能(Nutrilon) 幼儿配方奶粉 3段(12-24个月幼儿适用) ',1437552000,1451462400,0,'a:5:{s:7:\"deposit\";d:15;s:11:\"start_price\";d:20;s:9:\"end_price\";d:128;s:9:\"amplitude\";d:5;s:6:\"no_top\";i:0;}',0,0),(7,'高端2015夏装新款修身淑坊女女装蕾丝短袖复女连衣裙装','商品名称：高端2015夏装新款修身淑坊女女装蕾丝短袖复古森女连衣裙装\r\n\r\n商品编号：ECS000038   品牌：伊芙丽   上架时间：2015-07-22\r\n\r\n商品毛重：0克    库存： 1587   风格：优雅   闭合方式：套筒\r\n\r\n袖长：短袖   制作工艺：缝制鞋   腰型：宽松腰   图案：纯色   裙型：百褶裙\r\n\r\n',2,51,24,'高端2015夏装新款修身淑坊女女装蕾丝短袖复女连衣裙装',1437552000,1469865600,0,'a:5:{s:7:\"deposit\";d:0;s:11:\"start_price\";d:18;s:9:\"end_price\";d:138;s:9:\"amplitude\";d:5;s:6:\"no_top\";i:0;}',0,0),(8,'家用电器超值礼包','家用电器超值礼包，疯抢进行时',4,0,0,'',1437589800,1598149800,0,'a:1:{s:13:\"package_price\";s:5:\"10009\";}',0,0),(9,'雪奈儿 金属边框手机壳套保护壳新款 适用于苹果iPhone6/Plus 4.7英寸 利剑i6土豪金5.5','夺宝岛编号：10637018\r\n\r\n包装外观：商品外观良好，外包装良好\r\n\r\n商品所在地：成都\r\n\r\n附件清单：主机 × 1，充电器 × 1，数据线 × 1，耳机 × 1，卡针× 1、快速指南× 1、保修卡 × 1 仅机头为新！',2,191,0,'雪奈儿 金属边框手机壳套保护壳新款 适用于苹果iPhone6/Plus 4.7英寸 利剑i6土豪金5.5',1461916800,1462003200,0,'a:5:{s:7:\"deposit\";d:0;s:11:\"start_price\";d:1;s:9:\"end_price\";d:60;s:9:\"amplitude\";d:1;s:6:\"no_top\";i:0;}',0,0),(10,'苹果（Apple）iPhone 6 (A1586) 16GB 金色 移动联通电信4G手机','夺宝岛编号：10637018\r\n\r\n包装外观：商品外观良好，外包装良好\r\n\r\n商品所在地：成都\r\n\r\n附件清单：主机 × 1，充电器 × 1，数据线 × 1，耳机 × 1，卡针× 1、快速指南× 1、保修卡 × 1 仅机头为新！',2,100,26,'苹果（Apple）iPhone 6 (A1586) 16GB 金色 移动联通电信4G手机',1461772800,1461916800,0,'a:5:{s:7:\"deposit\";d:0;s:11:\"start_price\";d:500;s:9:\"end_price\";d:4888;s:9:\"amplitude\";d:10;s:6:\"no_top\";i:0;}',0,0),(11,'朵唯 懂小姐美颜自拍女性机 (C9) 薄荷绿 移动4G手机','夺宝岛编号：10637018\r\n\r\n包装外观：商品外观良好，外包装良好\r\n\r\n商品所在地：成都\r\n\r\n附件清单：主机 × 1，充电器 × 1，数据线 × 1，耳机 × 1，卡针× 1、快速指南× 1、保修卡 × 1 仅机头为新！',2,168,0,'朵唯 懂小姐美颜自拍女性机 (C9) 薄荷绿 移动4G手机',1437552000,1461391200,0,'a:5:{s:7:\"deposit\";d:200;s:11:\"start_price\";d:1;s:9:\"end_price\";i:0;s:9:\"amplitude\";d:1;s:6:\"no_top\";i:1;}',0,1),(12,'汽车玩具白色','夺宝岛编号：10637018\r\n\r\n包装外观：商品外观良好，外包装良好\r\n\r\n商品所在地：成都\r\n\r\n附件清单：主机 × 1，充电器 × 1，数据线 × 1，耳机 × 1，卡针× 1、快速指南× 1、保修卡 × 1 仅机头为新！',2,188,0,'SENBOWE 安卓系统遥控摄像视频间谍汽车玩具 白色',1437552000,1461389940,0,'a:5:{s:7:\"deposit\";d:0;s:11:\"start_price\";d:1;s:9:\"end_price\";d:300;s:9:\"amplitude\";d:1;s:6:\"no_top\";i:0;}',0,1),(13,'厨房电器优惠套餐','厨房电器优惠套餐',4,0,0,'',1437590760,1598150760,0,'a:1:{s:13:\"package_price\";s:3:\"699\";}',0,0),(14,'家庭精美厨具套餐','家庭精美厨具套餐',4,0,0,'',1437591600,1440298800,0,'a:1:{s:13:\"package_price\";s:3:\"699\";}',0,0),(15,'雅诚德Arst餐具套装56头套装中式碗碟套装陶瓷碗碟套装釉上彩','夺宝岛编号：10639440\r\n\r\n包装外观：商品外观良好，外包装良好\r\n\r\n商品所在地：上海\r\n\r\n附件清单：主机 × 1',2,27,0,'Ferrero/费列罗 意大利进口威化榛果巧克力30粒礼盒装 生日礼物送女友情人节',1437552000,1461387600,2,'a:5:{s:7:\"deposit\";d:5;s:11:\"start_price\";d:15;s:9:\"end_price\";i:0;s:9:\"amplitude\";d:10;s:6:\"no_top\";i:1;}',0,0),(16,'除湿机家用抽湿机20B 地下室别墅吸湿器除湿器','',5,97,0,'除湿机家用抽湿机20B 地下室别墅吸湿器除湿器',1437638400,1469520000,0,'a:8:{s:10:\"sale_price\";d:0;s:15:\"retainage_start\";i:1469819880;s:13:\"retainage_end\";i:1470165480;s:12:\"price_ladder\";a:3:{i:0;a:2:{s:6:\"amount\";i:6;s:5:\"price\";d:999;}i:1;a:2:{s:6:\"amount\";i:10;s:5:\"price\";d:996;}i:2;a:2:{s:6:\"amount\";i:15;s:5:\"price\";d:992;}}s:15:\"restrict_amount\";i:100;s:13:\"gift_integral\";i:66;s:7:\"deposit\";d:999;s:13:\"deliver_goods\";s:63:\"1.预计2016-08-03 24时前发货。2.付款后5天内发货。\";}',0,0),(17,'昆仑玉红枣 和田香枣二级500g 新疆特产 免洗零食 和田大枣子','',5,52,0,'昆仑玉红枣 和田香枣二级500g 新疆特产 免洗零食 和田大枣子',1437638400,1469520000,0,'a:8:{s:10:\"sale_price\";d:0;s:15:\"retainage_start\";s:0:\"\";s:13:\"retainage_end\";s:0:\"\";s:12:\"price_ladder\";a:1:{i:0;a:2:{s:6:\"amount\";i:5;s:5:\"price\";d:77;}}s:15:\"restrict_amount\";i:0;s:13:\"gift_integral\";i:66;s:7:\"deposit\";d:0;s:13:\"deliver_goods\";s:63:\"1.预计2016-08-10 24时前发货。2.付款后5天内发货。\";}',0,0),(18,'墨西哥牛油果9个 牛油果 鳄梨 牛油果水果 21-24号发','',5,54,0,'墨西哥牛油果9个 牛油果 鳄梨 牛油果水果 21-24号发',1437638400,1468828800,0,'a:8:{s:10:\"sale_price\";d:0;s:15:\"retainage_start\";i:1468870080;s:13:\"retainage_end\";i:1469215680;s:12:\"price_ladder\";a:1:{i:0;a:2:{s:6:\"amount\";i:5;s:5:\"price\";d:66;}}s:15:\"restrict_amount\";i:0;s:13:\"gift_integral\";i:12;s:7:\"deposit\";d:99;s:13:\"deliver_goods\";s:63:\"1.预计2016-07-30 24时前发货。2.付款后5天内发货。\";}',0,0),(19,'台湾进口 百年老店糖之坊夏威夷果牛轧糖奶糖（蔓越莓味）120克','',5,31,0,'台湾进口 百年老店糖之坊夏威夷果牛轧糖奶糖（蔓越莓味）120克',1437638400,1469520000,0,'a:8:{s:10:\"sale_price\";d:0;s:15:\"retainage_start\";i:1469561460;s:13:\"retainage_end\";i:1470166260;s:12:\"price_ladder\";a:2:{i:0;a:2:{s:6:\"amount\";i:5;s:5:\"price\";d:50;}i:1;a:2:{s:6:\"amount\";i:10;s:5:\"price\";d:48;}}s:15:\"restrict_amount\";i:100;s:13:\"gift_integral\";i:22;s:7:\"deposit\";d:66;s:13:\"deliver_goods\";s:62:\"1.预计2016-08-7 24时前发货。2.付款后4天内发货。\";}',0,0),(20,'进口 新鲜水果 车厘子1000g','夺宝岛编号：10639440\r\n\r\n包装外观：商品外观良好，外包装良好\r\n\r\n商品所在地：上海\r\n\r\n附件清单：主机 × 1 ',2,23,0,'进口 新鲜水果 车厘子1000g',1437552000,1501401600,0,'a:5:{s:7:\"deposit\";d:0;s:11:\"start_price\";d:1;s:9:\"end_price\";d:168;s:9:\"amplitude\";d:1;s:6:\"no_top\";i:0;}',1,0),(21,'佳沛新西兰绿奇异果36个（原装）进口Zespri猕猴桃 新鲜水果准妈妈爱吃','',2,1,0,'佳沛新西兰绿奇异果36个（原装）进口Zespri猕猴桃 新鲜水果准妈妈爱吃',1437552000,1501401600,0,'a:5:{s:7:\"deposit\";d:0;s:11:\"start_price\";d:14.800000000000000710542735760100185871124267578125;s:9:\"end_price\";d:130;s:9:\"amplitude\";d:2;s:6:\"no_top\";i:0;}',1,1),(22,'迪奥真我香水50ml','',2,135,0,'迪奥真我香水50ml',1437552000,1469865600,0,'a:5:{s:7:\"deposit\";d:0;s:11:\"start_price\";d:100;s:9:\"end_price\";d:853;s:9:\"amplitude\";d:1;s:6:\"no_top\";i:0;}',6,0),(23,'100%桑蚕丝两件套夏季短袖真丝睡衣女套装','',5,78,0,'100%桑蚕丝两件套夏季短袖真丝睡衣女套装',1437638400,1469520000,0,'a:8:{s:10:\"sale_price\";d:0;s:15:\"retainage_start\";i:1469648520;s:13:\"retainage_end\";i:1469907720;s:12:\"price_ladder\";a:3:{i:0;a:2:{s:6:\"amount\";i:5;s:5:\"price\";d:88;}i:1;a:2:{s:6:\"amount\";i:10;s:5:\"price\";d:83;}i:2;a:2:{s:6:\"amount\";i:15;s:5:\"price\";d:80;}}s:15:\"restrict_amount\";i:0;s:13:\"gift_integral\";i:55;s:7:\"deposit\";d:88;s:13:\"deliver_goods\";s:62:\"1.预计2016-08-5 24时前发货。2.付款后5天内发货。\";}',0,0),(24,'Dior迪奥 限量版彩妆盘 眼影 粉饼 睫毛膏 腮红 唇彩','',2,152,0,'Dior迪奥 限量版彩妆盘 眼影 粉饼 睫毛膏 腮红 唇彩',1437552000,1469865600,0,'a:5:{s:7:\"deposit\";d:0;s:11:\"start_price\";d:50;s:9:\"end_price\";d:469;s:9:\"amplitude\";d:10;s:6:\"no_top\";i:0;}',6,0),(25,'嘉云糖 300g玻璃罐装 水果硬糖 喜糖 德国进口','',5,55,0,'嘉云糖 300g玻璃罐装 水果硬糖 喜糖 德国进口',1437638400,1469520000,0,'a:8:{s:10:\"sale_price\";d:0;s:15:\"retainage_start\";i:1469562180;s:13:\"retainage_end\";i:1501443780;s:12:\"price_ladder\";a:1:{i:0;a:2:{s:6:\"amount\";i:3;s:5:\"price\";d:12;}}s:15:\"restrict_amount\";i:0;s:13:\"gift_integral\";i:12;s:7:\"deposit\";d:66;s:13:\"deliver_goods\";s:62:\"1.预计2016-08-5 24时前发货。2.付款后5天内发货。\";}',0,0),(26,'卡姿兰','',2,149,0,'卡姿兰彩妆套装 睫毛膏粉饼眉粉眉笔 专柜初学者化妆套装',1437552000,1469865600,0,'a:5:{s:7:\"deposit\";d:0;s:11:\"start_price\";d:49;s:9:\"end_price\";d:460;s:9:\"amplitude\";d:1;s:6:\"no_top\";i:0;}',6,0),(27,'澳大利亚 进口牛奶 德运（Devondale） 全脂牛奶 1L*10 整箱装','',5,62,0,'澳大利亚 进口牛奶 德运（Devondale） 全脂牛奶 1L*10 整箱装',1437638400,1469520000,0,'a:8:{s:10:\"sale_price\";d:0;s:15:\"retainage_start\";i:1469648700;s:13:\"retainage_end\";i:1469907900;s:12:\"price_ladder\";a:3:{i:0;a:2:{s:6:\"amount\";i:5;s:5:\"price\";d:48;}i:1;a:2:{s:6:\"amount\";i:8;s:5:\"price\";d:45;}i:2;a:2:{s:6:\"amount\";i:12;s:5:\"price\";d:42;}}s:15:\"restrict_amount\";i:200;s:13:\"gift_integral\";i:66;s:7:\"deposit\";d:66;s:13:\"deliver_goods\";s:62:\"1.预计2016-08-5 24时前发货。2.付款后5天内发货。\";}',0,0),(28,'一米画纱桑蚕丝吊带睡裙女夏季纯色真丝睡衣 ','',5,67,0,'一米画纱桑蚕丝吊带睡裙女夏季纯色真丝睡衣 ',1437638400,1469520000,0,'a:8:{s:10:\"sale_price\";d:0;s:15:\"retainage_start\";i:1469562420;s:13:\"retainage_end\";i:1469908020;s:12:\"price_ladder\";a:1:{i:0;a:2:{s:6:\"amount\";i:6;s:5:\"price\";d:88;}}s:15:\"restrict_amount\";i:0;s:13:\"gift_integral\";i:0;s:7:\"deposit\";d:100;s:13:\"deliver_goods\";s:63:\"1.预计2016-08-5 24时前发货。2.付款后10天内发货。\";}',0,0),(29,'波兰 进口牛奶 日昇（MLEKOVITA）全脂牛奶1L*12盒','',5,72,0,'波兰 进口牛奶 日昇（MLEKOVITA）全脂牛奶1L*12盒',1437638400,1469520000,0,'a:8:{s:10:\"sale_price\";d:0;s:15:\"retainage_start\";i:1469562540;s:13:\"retainage_end\";i:1469821740;s:12:\"price_ladder\";a:1:{i:0;a:2:{s:6:\"amount\";i:10;s:5:\"price\";d:50;}}s:15:\"restrict_amount\";i:0;s:13:\"gift_integral\";i:0;s:7:\"deposit\";d:50;s:13:\"deliver_goods\";s:62:\"1.预计2016-08-5 24时前发货。2.付款后5天内发货。\";}',0,0),(30,'德运Devondale 脱脂高钙奶粉1kg','',5,74,0,'德运Devondale 脱脂高钙奶粉1kg',1437638400,1437897600,0,'a:8:{s:10:\"sale_price\";d:0;s:15:\"retainage_start\";i:1469562660;s:13:\"retainage_end\";i:1469821860;s:12:\"price_ladder\";a:1:{i:0;a:2:{s:6:\"amount\";i:5;s:5:\"price\";d:49;}}s:15:\"restrict_amount\";i:100;s:13:\"gift_integral\";i:33;s:7:\"deposit\";d:66;s:13:\"deliver_goods\";s:62:\"1.预计2016-08-5 24时前发货。2.付款后5天内发货。\";}',0,0),(31,'坚果炒货零食特产扁桃仁235gx2袋','',5,50,0,'坚果炒货零食特产扁桃仁235gx2袋',1437638400,1437897600,0,'a:8:{s:10:\"sale_price\";d:0;s:15:\"retainage_start\";i:1469563200;s:13:\"retainage_end\";i:1469822400;s:12:\"price_ladder\";a:1:{i:0;a:2:{s:6:\"amount\";i:2;s:5:\"price\";d:55;}}s:15:\"restrict_amount\";i:100;s:13:\"gift_integral\";i:55;s:7:\"deposit\";d:55;s:13:\"deliver_goods\";s:62:\"1.预计2016-08-5 24时前发货。2.付款后5天内发货。\";}',0,0),(32,'Lindt瑞士莲黑巧克力特醇排装德国进口 70%可可黑巧克力10块组合 特惠分享装','',5,32,0,'Lindt瑞士莲黑巧克力特醇排装德国进口 70%可可黑巧克力10块组合 特惠分享装',1437638400,1437897600,0,'a:8:{s:10:\"sale_price\";d:0;s:15:\"retainage_start\";i:1469563620;s:13:\"retainage_end\";i:1469822880;s:12:\"price_ladder\";a:1:{i:0;a:2:{s:6:\"amount\";i:6;s:5:\"price\";d:40;}}s:15:\"restrict_amount\";i:100;s:13:\"gift_integral\";i:40;s:7:\"deposit\";d:40;s:13:\"deliver_goods\";s:62:\"1.预计2016-08-5 24时前发货。2.付款后5天内发货。\";}',0,0),(33,'奇居良品 欧式家居装饰摆件 可莉尔裂纹贴花陶瓷水果盘','',2,232,0,'奇居良品 欧式家居装饰摆件 可莉尔裂纹贴花陶瓷水果盘',1460361600,1462003200,0,'a:5:{s:7:\"deposit\";d:20;s:11:\"start_price\";d:1;s:9:\"end_price\";i:0;s:9:\"amplitude\";d:10;s:6:\"no_top\";i:1;}',0,4);
/*!40000 ALTER TABLE `ecs_goods_activity` ENABLE KEYS */;
UNLOCK TABLES;

--
-- Table structure for table `ecs_goods_article`
--

DROP TABLE IF EXISTS `ecs_goods_article`;
/*!40101 SET @saved_cs_client     = @@character_set_client */;
/*!40101 SET character_set_client = utf8 */;
CREATE TABLE `ecs_goods_article` (
  `goods_id` mediumint(8) unsigned NOT NULL DEFAULT '0',
  `article_id` mediumint(8) unsigned NOT NULL DEFAULT '0',
  `admin_id` tinyint(3) unsigned NOT NULL DEFAULT '0',
  PRIMARY KEY (`goods_id`,`article_id`,`admin_id`)
) ENGINE=MyISAM DEFAULT CHARSET=utf8;
/*!40101 SET character_set_client = @saved_cs_client */;

--
-- Dumping data for table `ecs_goods_article`
--

LOCK TABLES `ecs_goods_article` WRITE;
/*!40000 ALTER TABLE `ecs_goods_article` DISABLE KEYS */;
/*!40000 ALTER TABLE `ecs_goods_article` ENABLE KEYS */;
UNLOCK TABLES;

--
-- Table structure for table `ecs_goods_attr`
--

DROP TABLE IF EXISTS `ecs_goods_attr`;
/*!40101 SET @saved_cs_client     = @@character_set_client */;
/*!40101 SET character_set_client = utf8 */;
CREATE TABLE `ecs_goods_attr` (
  `goods_attr_id` int(10) unsigned NOT NULL AUTO_INCREMENT,
  `goods_id` mediumint(8) unsigned NOT NULL DEFAULT '0',
  `attr_id` smallint(5) unsigned NOT NULL DEFAULT '0',
  `attr_value` text NOT NULL,
  `attr_price` varchar(255) NOT NULL DEFAULT '',
  PRIMARY KEY (`goods_attr_id`),
  KEY `goods_id` (`goods_id`),
  KEY `attr_id` (`attr_id`)
) ENGINE=MyISAM AUTO_INCREMENT=305 DEFAULT CHARSET=utf8;
/*!40101 SET character_set_client = @saved_cs_client */;

--
-- Dumping data for table `ecs_goods_attr`
--

LOCK TABLES `ecs_goods_attr` WRITE;
/*!40000 ALTER TABLE `ecs_goods_attr` DISABLE KEYS */;
INSERT INTO `ecs_goods_attr` VALUES (1,34,18,'欧美','0'),(2,34,20,'后拉链','0'),(3,34,23,'无袖','0'),(4,34,25,'松紧腰','0'),(5,34,26,'网纱','0'),(6,34,29,'圆点','0'),(7,34,31,'A字裙','0'),(8,34,15,'米色',''),(9,34,15,'棕色',''),(10,34,16,'S',''),(11,34,16,'M',''),(12,34,16,'XL',''),(13,36,18,'甜美','0'),(14,36,20,'侧拉链','0'),(15,36,23,'短袖','0'),(16,36,24,'缝制鞋','0'),(17,36,25,'高腰','0'),(18,36,29,'其他','0'),(19,36,31,'A字裙','0'),(20,36,15,'白色',''),(21,36,15,'粉色',''),(22,36,16,'L',''),(23,36,16,'XL',''),(24,38,18,'优雅','0'),(25,38,20,'套筒','0'),(26,38,23,'短袖','0'),(27,38,24,'缝制鞋','0'),(28,38,25,'宽松腰','0'),(29,38,29,'纯色','0'),(30,38,31,'百褶裙','0'),(31,38,15,'蓝色',''),(32,38,15,'粉色',''),(33,38,16,'XL',''),(34,40,18,'OL','0'),(35,40,23,'长袖','0'),(36,40,25,'中腰','0'),(37,40,15,'蓝色',''),(38,40,16,'XL',''),(39,40,16,'XXL',''),(40,42,18,'文艺','0'),(41,42,23,'七分袖','0'),(42,42,25,'低腰','0'),(43,42,29,'条纹','0'),(44,42,15,'白色',''),(45,42,16,'XL',''),(46,45,18,'韩范','0'),(47,45,23,'五分袖','0'),(48,45,25,'超低腰','0'),(49,45,15,'米色',''),(50,45,16,'L',''),(51,45,16,'XL',''),(52,46,18,'名媛','0'),(53,46,25,'高腰','0'),(54,46,29,'纯色','0'),(55,46,15,'玫红',''),(56,46,16,'S',''),(57,46,16,'M',''),(58,49,18,'甜美','0'),(59,49,23,'短袖','0'),(60,49,25,'高腰','0'),(61,49,29,'纯色','0'),(62,49,31,'A字裙','0'),(63,49,15,'白色',''),(64,49,15,'蓝色',''),(68,48,18,'淑女','0'),(66,49,16,'S',''),(67,49,16,'M',''),(69,48,23,'长袖','0'),(70,48,25,'中腰','0'),(71,48,29,'纯色','0'),(72,48,31,'大摆型','0'),(73,48,15,'白色',''),(74,47,18,'休闲','0'),(75,47,25,'宽松腰','0'),(76,47,29,'植物花卉','0'),(77,47,31,'公主裙','0'),(78,44,18,'休闲','0'),(79,44,23,'无袖','0'),(80,44,25,'超低腰','0'),(81,44,29,'圆点','0'),(82,44,31,'一步裙','0'),(83,51,18,'学院','0'),(84,51,23,'短袖','0'),(85,51,15,'银色',''),(86,51,16,'XL',''),(87,56,18,'性感','0'),(88,56,24,'缝制鞋','0'),(89,56,31,'荷叶边裙','0'),(90,56,15,'粉色',''),(91,56,16,'XL',''),(125,113,11,'800万像素','0'),(124,113,10,'1300万像素','0'),(123,113,9,'5.5英寸','0'),(122,113,8,'苹果（IOS）','0'),(121,113,7,'2000万-5000万','0'),(188,113,3,'上海','0'),(115,100,1,'银色','100'),(114,100,1,'白色',''),(126,113,12,'四核','0'),(127,113,13,'1.7GHz','0'),(290,113,14,'1920×1080','0'),(129,113,1,'金色',''),(130,113,1,'银色','100'),(292,143,9,'5.2英寸','0'),(149,143,8,'安卓（Android）','0'),(148,143,7,'1600万以上','0'),(147,143,6,'3.0英寸','0'),(146,143,3,'广东','0'),(256,168,12,'四核','0'),(151,143,10,'800万像素','0'),(152,143,11,'500万像素','0'),(153,143,12,'双核','0'),(293,143,14,'1334×750','0'),(155,143,1,'粉色',''),(156,143,1,'黑色','300'),(254,168,8,'安卓（Android）','0'),(193,100,12,'四核','0'),(192,100,11,'800万像素','0'),(191,100,10,'1300万像素','0'),(190,100,8,'苹果（IOS）','0'),(189,100,3,'深圳','0'),(179,147,3,'云南','0'),(180,147,6,'2.7英寸','0'),(181,147,7,'1600万以上','0'),(182,147,8,'安卓（Android）','0'),(183,147,9,'4.7英寸','0'),(184,147,10,'500万像素','0'),(185,147,11,'30万像素','0'),(186,147,1,'白色',''),(187,147,1,'黑色',''),(221,155,1,'绿色',''),(220,155,1,'灰色',''),(219,155,12,'八核','0'),(218,155,11,'200万像素','0'),(217,155,8,'安卓（Android）','0'),(216,155,3,'湖南','0'),(228,162,3,'北京','0'),(229,162,8,'安卓（Android）','0'),(230,162,10,'1300万像素','0'),(231,162,11,'800万像素','0'),(232,162,12,'双核','0'),(233,162,1,'金色',''),(234,162,1,'橙黄',''),(255,168,11,'200万像素','0'),(253,168,3,'新疆','0'),(275,175,2,'购机入网送话费','0'),(260,179,3,'福建','0'),(261,179,1,'绿色',''),(262,179,1,'紫色',''),(269,207,1,'金色',''),(270,207,1,'黑色','100'),(271,207,1,'绿色','150'),(272,207,9,'3.5英寸','0'),(273,207,14,'480×854','0'),(274,207,2,'非合约机','0'),(276,175,9,'4.5英寸','0'),(277,175,14,'540×960','0'),(278,168,2,'联通4G版','0'),(279,168,9,'4.7英寸','0'),(280,168,14,'640×960','0'),(281,162,2,'联通4G版','0'),(282,162,9,'5.0英寸','0'),(283,162,14,'640×960','0'),(284,155,2,'电信4G版','0'),(285,155,9,'5.2英寸','0'),(286,155,14,'1334×750','0'),(287,100,2,'公开版','0'),(288,100,9,'6.0英寸','0'),(289,100,14,'1920×1152','0'),(291,113,2,'电信4G版','0'),(294,143,2,'移动4G版','0'),(295,223,17,'头层牛皮','0'),(296,223,18,'淑女','0'),(297,223,20,'一字式扣带','0'),(298,223,22,'橡胶发泡','0'),(299,223,15,'银色',''),(300,223,15,'黑色',''),(301,223,15,'金色',''),(302,223,16,'M',''),(303,223,16,'L',''),(304,223,16,'XL','');
/*!40000 ALTER TABLE `ecs_goods_attr` ENABLE KEYS */;
UNLOCK TABLES;

--
-- Table structure for table `ecs_goods_cat`
--

DROP TABLE IF EXISTS `ecs_goods_cat`;
/*!40101 SET @saved_cs_client     = @@character_set_client */;
/*!40101 SET character_set_client = utf8 */;
CREATE TABLE `ecs_goods_cat` (
  `goods_id` mediumint(8) unsigned NOT NULL DEFAULT '0',
  `cat_id` smallint(5) unsigned NOT NULL DEFAULT '0',
  PRIMARY KEY (`goods_id`,`cat_id`)
) ENGINE=MyISAM DEFAULT CHARSET=utf8;
/*!40101 SET character_set_client = @saved_cs_client */;

--
-- Dumping data for table `ecs_goods_cat`
--

LOCK TABLES `ecs_goods_cat` WRITE;
/*!40000 ALTER TABLE `ecs_goods_cat` DISABLE KEYS */;
INSERT INTO `ecs_goods_cat` VALUES (43,223),(49,223),(50,10),(119,307),(120,307),(130,307),(131,307),(137,307),(208,222),(209,222),(210,222),(211,222),(212,222);
/*!40000 ALTER TABLE `ecs_goods_cat` ENABLE KEYS */;
UNLOCK TABLES;

--
-- Table structure for table `ecs_goods_gallery`
--

DROP TABLE IF EXISTS `ecs_goods_gallery`;
/*!40101 SET @saved_cs_client     = @@character_set_client */;
/*!40101 SET character_set_client = utf8 */;
CREATE TABLE `ecs_goods_gallery` (
  `img_id` mediumint(8) unsigned NOT NULL AUTO_INCREMENT,
  `goods_id` mediumint(8) unsigned NOT NULL DEFAULT '0',
  `img_url` varchar(255) NOT NULL DEFAULT '',
  `img_desc` varchar(255) NOT NULL DEFAULT '',
  `thumb_url` varchar(255) NOT NULL DEFAULT '',
  `img_original` varchar(255) NOT NULL DEFAULT '',
  `goods_attr_id` int(10) unsigned NOT NULL DEFAULT '0',
  `is_attr_image` tinyint(1) unsigned NOT NULL DEFAULT '0',
  `img_sort` tinyint(3) NOT NULL DEFAULT '0' COMMENT '商品图片显示顺序',
  PRIMARY KEY (`img_id`),
  KEY `goods_id` (`goods_id`,`goods_attr_id`)
) ENGINE=MyISAM AUTO_INCREMENT=487 DEFAULT CHARSET=utf8;
/*!40101 SET character_set_client = @saved_cs_client */;

--
-- Dumping data for table `ecs_goods_gallery`
--

LOCK TABLES `ecs_goods_gallery` WRITE;
/*!40000 ALTER TABLE `ecs_goods_gallery` DISABLE KEYS */;
INSERT INTO `ecs_goods_gallery` VALUES (1,1,'images/201507/goods_img/1_P_1437501058824.jpg','','images/201507/thumb_img/1_thumb_P_1437501058788.jpg','images/201507/source_img/1_P_1437501058946.jpg',0,0,0),(2,1,'images/201507/goods_img/1_P_1437501126805.jpg','','images/201507/thumb_img/1_thumb_P_1437501126252.jpg','images/201507/source_img/1_P_1437501126841.jpg',0,0,0),(3,2,'images/201507/goods_img/2_P_1437501414826.jpg','','images/201507/thumb_img/2_thumb_P_1437501414170.jpg','images/201507/source_img/2_P_1437501414533.jpg',0,0,0),(4,2,'images/201507/goods_img/2_P_1437501426081.jpg','','images/201507/thumb_img/2_thumb_P_1437501426548.jpg','images/201507/source_img/2_P_1437501426217.jpg',0,0,0),(5,3,'images/201507/goods_img/3_P_1437501601546.jpg','','images/201507/thumb_img/3_thumb_P_1437501601744.jpg','images/201507/source_img/3_P_1437501601434.jpg',0,0,0),(6,3,'images/201507/goods_img/3_P_1437501618875.jpg','','images/201507/thumb_img/3_thumb_P_1437501618386.jpg','images/201507/source_img/3_P_1437501618052.jpg',0,0,0),(7,4,'images/201507/goods_img/4_P_1437501961337.jpg','','images/201507/thumb_img/4_thumb_P_1437501961232.jpg','images/201507/source_img/4_P_1437501961419.jpg',0,0,0),(8,4,'images/201507/goods_img/4_P_1437501972274.jpg','','images/201507/thumb_img/4_thumb_P_1437501972624.jpg','images/201507/source_img/4_P_1437501972882.jpg',0,0,0),(9,5,'images/201507/goods_img/5_P_1437502904336.jpg','','images/201507/thumb_img/5_thumb_P_1437502904608.jpg','images/201507/source_img/5_P_1437502904988.jpg',0,0,0),(10,5,'images/201507/goods_img/5_P_1437502951836.jpg','','images/201507/thumb_img/5_thumb_P_1437502951695.jpg','images/201507/source_img/5_P_1437502951274.jpg',0,0,0),(11,6,'images/201507/goods_img/6_P_1437503036133.jpg','','images/201507/thumb_img/6_thumb_P_1437503036195.jpg','images/201507/source_img/6_P_1437503036755.jpg',0,0,0),(12,7,'images/201507/goods_img/7_P_1437503112548.jpg','','images/201507/thumb_img/7_thumb_P_1437503112179.jpg','images/201507/source_img/7_P_1437503112426.jpg',0,0,0),(13,7,'images/201507/goods_img/7_P_1437503124784.jpg','','images/201507/thumb_img/7_thumb_P_1437503124985.jpg','images/201507/source_img/7_P_1437503124814.jpg',0,0,0),(14,7,'images/201507/goods_img/7_P_1437503125636.jpg','','images/201507/thumb_img/7_thumb_P_1437503125410.jpg','images/201507/source_img/7_P_1437503125321.jpg',0,0,0),(15,8,'images/201507/goods_img/_P_1437503135822.jpg','','images/201507/thumb_img/_thumb_P_1437503135182.jpg','images/201507/source_img/_P_1437503135783.jpg',0,0,0),(16,8,'images/201507/goods_img/_P_1437503136275.jpg','','images/201507/thumb_img/_thumb_P_1437503136571.jpg','images/201507/source_img/_P_1437503136068.jpg',0,0,0),(17,8,'images/201507/goods_img/_P_1437503136141.jpg','','images/201507/thumb_img/_thumb_P_1437503136302.jpg','images/201507/source_img/_P_1437503136103.jpg',0,0,0),(18,8,'images/201507/goods_img/_P_1437503136275.jpg','','images/201507/thumb_img/_thumb_P_1437503136621.jpg','images/201507/source_img/_P_1437503136475.jpg',0,0,0),(19,8,'images/201507/goods_img/_P_1437503137586.jpg','','images/201507/thumb_img/_thumb_P_1437503137453.jpg','images/201507/source_img/_P_1437503137094.jpg',0,0,0),(20,8,'images/201507/goods_img/_P_1437503289829.jpg','','images/201507/thumb_img/_thumb_P_1437503289957.jpg','images/201507/source_img/_P_1437503289269.jpg',0,0,0),(21,8,'images/201507/goods_img/_P_1437503289778.jpg','','images/201507/thumb_img/_thumb_P_1437503289517.jpg','images/201507/source_img/_P_1437503289614.jpg',0,0,0),(22,8,'images/201507/goods_img/_P_1437503289164.jpg','','images/201507/thumb_img/_thumb_P_1437503289534.jpg','images/201507/source_img/_P_1437503289154.jpg',0,0,0),(23,8,'images/201507/goods_img/_P_1437503290104.jpg','','images/201507/thumb_img/_thumb_P_1437503290611.jpg','images/201507/source_img/_P_1437503290959.jpg',0,0,0),(24,8,'images/201507/goods_img/_P_1437503290536.jpg','','images/201507/thumb_img/_thumb_P_1437503290887.jpg','images/201507/source_img/_P_1437503290591.jpg',0,0,0),(25,10,'images/201507/goods_img/10_P_1437503428721.jpg','','images/201507/thumb_img/10_thumb_P_1437503428880.jpg','images/201507/source_img/10_P_1437503428769.jpg',0,0,0),(26,9,'images/201507/goods_img/_P_1437503440556.jpg','','images/201507/thumb_img/_thumb_P_1437503440066.jpg','images/201507/source_img/_P_1437503440645.jpg',0,0,0),(27,9,'images/201507/goods_img/_P_1437503441542.jpg','','images/201507/thumb_img/_thumb_P_1437503441229.jpg','images/201507/source_img/_P_1437503441469.jpg',0,0,0),(28,9,'images/201507/goods_img/_P_1437503441124.jpg','','images/201507/thumb_img/_thumb_P_1437503441971.jpg','images/201507/source_img/_P_1437503441708.jpg',0,0,0),(29,9,'images/201507/goods_img/_P_1437503441191.jpg','','images/201507/thumb_img/_thumb_P_1437503441474.jpg','images/201507/source_img/_P_1437503441185.jpg',0,0,0),(30,9,'images/201507/goods_img/_P_1437503442132.jpg','','images/201507/thumb_img/_thumb_P_1437503442198.jpg','images/201507/source_img/_P_1437503442904.jpg',0,0,0),(31,11,'images/201507/goods_img/11_P_1437503527925.jpg','','images/201507/thumb_img/11_thumb_P_1437503527100.jpg','images/201507/source_img/11_P_1437503527692.jpg',0,0,0),(32,13,'images/201507/goods_img/13_P_1437503573782.jpg','','images/201507/thumb_img/13_thumb_P_1437503573212.jpg','images/201507/source_img/13_P_1437503573380.jpg',0,0,0),(33,12,'images/201507/goods_img/_P_1437503572166.jpg','','images/201507/thumb_img/_thumb_P_1437503572386.jpg','images/201507/source_img/_P_1437503572339.jpg',0,0,0),(34,12,'images/201507/goods_img/_P_1437503572714.jpg','','images/201507/thumb_img/_thumb_P_1437503572075.jpg','images/201507/source_img/_P_1437503572587.jpg',0,0,0),(35,12,'images/201507/goods_img/_P_1437503573268.jpg','','images/201507/thumb_img/_thumb_P_1437503573400.jpg','images/201507/source_img/_P_1437503573010.jpg',0,0,0),(36,12,'images/201507/goods_img/_P_1437503573075.jpg','','images/201507/thumb_img/_thumb_P_1437503573553.jpg','images/201507/source_img/_P_1437503573793.jpg',0,0,0),(37,12,'images/201507/goods_img/_P_1437503573241.jpg','','images/201507/thumb_img/_thumb_P_1437503573165.jpg','images/201507/source_img/_P_1437503573961.jpg',0,0,0),(38,14,'images/201507/goods_img/14_P_1437503630970.jpg','','images/201507/thumb_img/14_thumb_P_1437503630047.jpg','images/201507/source_img/14_P_1437503630491.jpg',0,0,0),(39,15,'images/201507/goods_img/_P_1437503673484.jpg','','images/201507/thumb_img/_thumb_P_1437503673402.jpg','images/201507/source_img/_P_1437503673564.jpg',0,0,0),(40,15,'images/201507/goods_img/_P_1437503674547.jpg','','images/201507/thumb_img/_thumb_P_1437503674385.jpg','images/201507/source_img/_P_1437503674987.jpg',0,0,0),(41,15,'images/201507/goods_img/_P_1437503674725.jpg','','images/201507/thumb_img/_thumb_P_1437503674545.jpg','images/201507/source_img/_P_1437503674435.jpg',0,0,0),(42,15,'images/201507/goods_img/_P_1437503674824.jpg','','images/201507/thumb_img/_thumb_P_1437503674377.jpg','images/201507/source_img/_P_1437503674096.jpg',0,0,0),(43,15,'images/201507/goods_img/_P_1437503674527.jpg','','images/201507/thumb_img/_thumb_P_1437503674581.jpg','images/201507/source_img/_P_1437503674797.jpg',0,0,0),(44,16,'images/201507/goods_img/16_P_1437503698171.jpg','','images/201507/thumb_img/16_thumb_P_1437503698817.jpg','images/201507/source_img/16_P_1437503698336.jpg',0,0,0),(45,17,'images/201507/goods_img/_P_1437503740614.jpg','','images/201507/thumb_img/_thumb_P_1437503740648.jpg','images/201507/source_img/_P_1437503740811.jpg',0,0,0),(46,17,'images/201507/goods_img/_P_1437503741592.jpg','','images/201507/thumb_img/_thumb_P_1437503741729.jpg','images/201507/source_img/_P_1437503741859.jpg',0,0,0),(47,17,'images/201507/goods_img/_P_1437503741941.jpg','','images/201507/thumb_img/_thumb_P_1437503741302.jpg','images/201507/source_img/_P_1437503741102.jpg',0,0,0),(48,17,'images/201507/goods_img/_P_1437503741240.jpg','','images/201507/thumb_img/_thumb_P_1437503741022.jpg','images/201507/source_img/_P_1437503741896.jpg',0,0,0),(49,17,'images/201507/goods_img/_P_1437503742787.jpg','','images/201507/thumb_img/_thumb_P_1437503742394.jpg','images/201507/source_img/_P_1437503742355.jpg',0,0,0),(50,18,'images/201507/goods_img/_P_1437503859892.jpg','','images/201507/thumb_img/_thumb_P_1437503859033.jpg','images/201507/source_img/_P_1437503859857.jpg',0,0,0),(51,18,'images/201507/goods_img/_P_1437503859275.jpg','','images/201507/thumb_img/_thumb_P_1437503859367.jpg','images/201507/source_img/_P_1437503859599.jpg',0,0,0),(52,18,'images/201507/goods_img/_P_1437503860304.jpg','','images/201507/thumb_img/_thumb_P_1437503860996.jpg','images/201507/source_img/_P_1437503860204.jpg',0,0,0),(53,18,'images/201507/goods_img/_P_1437503860216.jpg','','images/201507/thumb_img/_thumb_P_1437503860730.jpg','images/201507/source_img/_P_1437503860869.jpg',0,0,0),(54,18,'images/201507/goods_img/_P_1437503860199.jpg','','images/201507/thumb_img/_thumb_P_1437503860422.jpg','images/201507/source_img/_P_1437503860504.jpg',0,0,0),(55,19,'images/201507/goods_img/_P_1437504090539.jpg','','images/201507/thumb_img/_thumb_P_1437504090569.jpg','images/201507/source_img/_P_1437504090926.jpg',0,0,0),(56,19,'images/201507/goods_img/_P_1437504091063.jpg','','images/201507/thumb_img/_thumb_P_1437504091266.jpg','images/201507/source_img/_P_1437504091671.jpg',0,0,0),(57,19,'images/201507/goods_img/_P_1437504091783.jpg','','images/201507/thumb_img/_thumb_P_1437504091456.jpg','images/201507/source_img/_P_1437504091484.jpg',0,0,0),(58,19,'images/201507/goods_img/_P_1437504091343.jpg','','images/201507/thumb_img/_thumb_P_1437504091544.jpg','images/201507/source_img/_P_1437504091084.jpg',0,0,0),(59,19,'images/201507/goods_img/_P_1437504092452.jpg','','images/201507/thumb_img/_thumb_P_1437504092776.jpg','images/201507/source_img/_P_1437504092768.jpg',0,0,0),(60,20,'images/201507/goods_img/20_P_1437504111271.jpg','','images/201507/thumb_img/20_thumb_P_1437504111205.jpg','images/201507/source_img/20_P_1437504111405.jpg',0,0,0),(61,21,'images/201507/goods_img/_P_1437504166452.jpg','','images/201507/thumb_img/_thumb_P_1437504166725.jpg','images/201507/source_img/_P_1437504166051.jpg',0,0,0),(62,21,'images/201507/goods_img/_P_1437504166035.jpg','','images/201507/thumb_img/_thumb_P_1437504166804.jpg','images/201507/source_img/_P_1437504166903.jpg',0,0,0),(63,21,'images/201507/goods_img/_P_1437504166270.jpg','','images/201507/thumb_img/_thumb_P_1437504166404.jpg','images/201507/source_img/_P_1437504166061.jpg',0,0,0),(64,21,'images/201507/goods_img/_P_1437504167332.jpg','','images/201507/thumb_img/_thumb_P_1437504167068.jpg','images/201507/source_img/_P_1437504167681.jpg',0,0,0),(65,21,'images/201507/goods_img/_P_1437504167664.jpg','','images/201507/thumb_img/_thumb_P_1437504167137.jpg','images/201507/source_img/_P_1437504167138.jpg',0,0,0),(66,22,'images/201507/goods_img/22_P_1437504174576.jpg','','images/201507/thumb_img/22_thumb_P_1437504174495.jpg','images/201507/source_img/22_P_1437504174591.jpg',0,0,0),(67,23,'images/201507/goods_img/23_P_1437504225883.jpg','','images/201507/thumb_img/23_thumb_P_1437504225985.jpg','images/201507/source_img/23_P_1437504225276.jpg',0,0,0),(68,24,'images/201507/goods_img/24_P_1437504375768.jpg','','images/201507/thumb_img/24_thumb_P_1437504375565.jpg','images/201507/source_img/24_P_1437504375751.jpg',0,0,0),(69,25,'images/201507/goods_img/25_P_1437504443886.jpg','','images/201507/thumb_img/25_thumb_P_1437504443583.jpg','images/201507/source_img/25_P_1437504443263.jpg',0,0,0),(70,8,'images/201507/goods_img/8_P_1437505162282.jpg','','images/201507/thumb_img/8_thumb_P_1437505162844.jpg','images/201507/source_img/8_P_1437505162770.jpg',0,0,0),(71,12,'images/201507/goods_img/12_P_1437505924491.jpg','','images/201507/thumb_img/12_thumb_P_1437505924750.jpg','images/201507/source_img/12_P_1437505924712.jpg',0,0,0),(72,0,'images/201507/goods_img/0_P_1437505956386.jpg','','images/201507/thumb_img/0_thumb_P_1437505956058.jpg','images/201507/source_img/0_P_1437505956741.jpg',0,0,0),(73,9,'images/201507/goods_img/9_P_1437505965315.jpg','','images/201507/thumb_img/9_thumb_P_1437505965477.jpg','images/201507/source_img/9_P_1437505965761.jpg',0,0,0),(74,26,'images/201507/goods_img/26_P_1437505984456.jpg','','images/201507/thumb_img/26_thumb_P_1437505984498.jpg','images/201507/source_img/26_P_1437505984271.jpg',0,0,0),(75,15,'images/201507/goods_img/15_P_1437506048851.jpg','','images/201507/thumb_img/15_thumb_P_1437506048955.jpg','images/201507/source_img/15_P_1437506048172.jpg',0,0,0),(76,0,'images/201507/goods_img/0_P_1437506096808.jpg','','images/201507/thumb_img/0_thumb_P_1437506096566.jpg','images/201507/source_img/0_P_1437506096059.jpg',0,0,0),(77,0,'images/201507/goods_img/0_P_1437506140927.jpg','','images/201507/thumb_img/0_thumb_P_1437506140035.jpg','images/201507/source_img/0_P_1437506140280.jpg',0,0,0),(78,17,'images/201507/goods_img/17_P_1437506177644.jpg','','images/201507/thumb_img/17_thumb_P_1437506177631.jpg','images/201507/source_img/17_P_1437506177299.jpg',0,0,0),(79,0,'images/201507/goods_img/0_P_1437506293853.jpg','','images/201507/thumb_img/0_thumb_P_1437506293020.jpg','images/201507/source_img/0_P_1437506293384.jpg',0,0,0),(80,29,'images/201507/goods_img/29_P_1437506331565.jpg','','images/201507/thumb_img/29_thumb_P_1437506331713.jpg','images/201507/source_img/29_P_1437506331245.jpg',0,0,0),(81,28,'images/201507/goods_img/28_P_1437506346757.jpg','','images/201507/thumb_img/28_thumb_P_1437506346873.jpg','images/201507/source_img/28_P_1437506346008.jpg',0,0,0),(82,18,'images/201507/goods_img/18_P_1437506351499.jpg','','images/201507/thumb_img/18_thumb_P_1437506351095.jpg','images/201507/source_img/18_P_1437506351750.jpg',0,0,0),(83,27,'images/201507/goods_img/27_P_1437506372787.jpg','','images/201507/thumb_img/27_thumb_P_1437506372746.jpg','images/201507/source_img/27_P_1437506372987.jpg',0,0,0),(84,0,'images/201507/goods_img/0_P_1437506467545.jpg','','images/201507/thumb_img/0_thumb_P_1437506467303.jpg','images/201507/source_img/0_P_1437506467492.jpg',0,0,0),(85,30,'images/201507/goods_img/30_P_1437506667316.jpg','','images/201507/thumb_img/30_thumb_P_1437506667035.jpg','images/201507/source_img/30_P_1437506667608.jpg',0,0,0),(86,31,'images/201507/goods_img/31_P_1437506821653.jpg','','images/201507/thumb_img/31_thumb_P_1437506821503.jpg','images/201507/source_img/31_P_1437506821306.jpg',0,0,0),(87,32,'images/201507/goods_img/32_P_1437506920822.jpg','','images/201507/thumb_img/32_thumb_P_1437506920908.jpg','images/201507/source_img/32_P_1437506920343.jpg',0,0,0),(88,33,'images/201507/goods_img/33_P_1437507221495.jpg','','images/201507/thumb_img/33_thumb_P_1437507221625.jpg','images/201507/source_img/33_P_1437507221710.jpg',0,0,0),(89,34,'images/201507/goods_img/34_P_1437507487311.jpg','','images/201507/thumb_img/34_thumb_P_1437507487579.jpg','images/201507/source_img/34_P_1437507487808.jpg',0,0,0),(90,34,'images/201507/goods_img/34_P_1437507745162.jpg','','images/201507/thumb_img/34_thumb_P_1437507745141.jpg','images/201507/source_img/34_P_1437507745084.jpg',8,1,0),(91,34,'images/201507/goods_img/34_P_1437507751052.jpg','','images/201507/thumb_img/34_thumb_P_1437507751491.jpg','images/201507/source_img/34_P_1437507751276.jpg',9,1,0),(92,34,'images/201507/goods_img/34_P_1437507915751.jpg','','images/201507/thumb_img/34_thumb_P_1437507915382.jpg','images/201507/source_img/34_P_1437507915528.jpg',8,0,0),(93,34,'images/201507/goods_img/34_P_1437507915707.jpg','','images/201507/thumb_img/34_thumb_P_1437507915391.jpg','images/201507/source_img/34_P_1437507915224.jpg',8,0,0),(94,34,'images/201507/goods_img/34_P_1437507915197.jpg','','images/201507/thumb_img/34_thumb_P_1437507915097.jpg','images/201507/source_img/34_P_1437507915814.jpg',8,0,0),(95,34,'images/201507/goods_img/34_P_1437507915386.jpg','','images/201507/thumb_img/34_thumb_P_1437507916347.jpg','images/201507/source_img/34_P_1437507915642.jpg',8,0,0),(96,34,'images/201507/goods_img/34_P_1437507940045.jpg','','images/201507/thumb_img/34_thumb_P_1437507940639.jpg','images/201507/source_img/34_P_1437507940703.jpg',9,0,0),(97,34,'images/201507/goods_img/34_P_1437507940501.jpg','','images/201507/thumb_img/34_thumb_P_1437507940022.jpg','images/201507/source_img/34_P_1437507940641.jpg',9,0,0),(98,34,'images/201507/goods_img/34_P_1437507940964.jpg','','images/201507/thumb_img/34_thumb_P_1437507940417.jpg','images/201507/source_img/34_P_1437507940265.jpg',9,0,0),(99,35,'images/201507/goods_img/35_P_1437508226369.jpg','','images/201507/thumb_img/35_thumb_P_1437508226056.jpg','images/201507/source_img/35_P_1437508226131.jpg',0,0,0),(100,35,'images/201507/goods_img/35_P_1437508512606.jpg','','images/201507/thumb_img/35_thumb_P_1437508512493.jpg','images/201507/source_img/35_P_1437508512966.jpg',0,0,0),(101,36,'images/201507/goods_img/36_P_1437508564080.jpg','','images/201507/thumb_img/36_thumb_P_1437508564357.jpg','images/201507/source_img/36_P_1437508564659.jpg',0,0,0),(102,36,'images/201507/goods_img/36_P_1437508586167.jpg','','images/201507/thumb_img/36_thumb_P_1437508586948.jpg','images/201507/source_img/36_P_1437508586722.jpg',20,0,0),(103,36,'images/201507/goods_img/36_P_1437508586759.jpg','','images/201507/thumb_img/36_thumb_P_1437508586216.jpg','images/201507/source_img/36_P_1437508586823.jpg',20,0,0),(104,36,'images/201507/goods_img/36_P_1437508587939.jpg','','images/201507/thumb_img/36_thumb_P_1437508587563.jpg','images/201507/source_img/36_P_1437508587251.jpg',20,0,0),(105,36,'images/201507/goods_img/36_P_1437508587908.jpg','','images/201507/thumb_img/36_thumb_P_1437508587191.jpg','images/201507/source_img/36_P_1437508587014.jpg',20,0,0),(106,36,'images/201507/goods_img/36_P_1437508588143.jpg','','images/201507/thumb_img/36_thumb_P_1437508588130.jpg','images/201507/source_img/36_P_1437508588952.jpg',20,1,0),(112,36,'images/201507/goods_img/36_P_1437508625365.jpg','','images/201507/thumb_img/36_thumb_P_1437508625365.jpg','images/201507/source_img/36_P_1437508625992.jpg',21,1,0),(108,36,'images/201507/goods_img/36_P_1437508616504.jpg','','images/201507/thumb_img/36_thumb_P_1437508616097.jpg','images/201507/source_img/36_P_1437508616785.jpg',21,0,0),(109,36,'images/201507/goods_img/36_P_1437508617571.jpg','','images/201507/thumb_img/36_thumb_P_1437508617548.jpg','images/201507/source_img/36_P_1437508617387.jpg',21,0,0),(110,36,'images/201507/goods_img/36_P_1437508617856.jpg','','images/201507/thumb_img/36_thumb_P_1437508617415.jpg','images/201507/source_img/36_P_1437508617642.jpg',21,0,0),(111,36,'images/201507/goods_img/36_P_1437508618883.jpg','','images/201507/thumb_img/36_thumb_P_1437508618399.jpg','images/201507/source_img/36_P_1437508618833.jpg',21,0,0),(113,35,'images/201507/goods_img/35_P_1437508751206.jpg','','images/201507/thumb_img/35_thumb_P_1437508751351.jpg','images/201507/source_img/35_P_1437508751587.jpg',0,0,0),(114,37,'images/201507/goods_img/37_P_1437508806550.jpg','','images/201507/thumb_img/37_thumb_P_1437508806860.jpg','images/201507/source_img/37_P_1437508806154.jpg',0,0,0),(115,38,'images/201507/goods_img/38_P_1437508918193.jpg','','images/201507/thumb_img/38_thumb_P_1437508918157.jpg','images/201507/source_img/38_P_1437508918692.jpg',0,0,0),(116,38,'images/201507/goods_img/38_P_1437514275008.jpg','','images/201507/thumb_img/38_thumb_P_1437514275314.jpg','images/201507/source_img/38_P_1437514275905.jpg',0,0,0),(117,38,'images/201507/goods_img/38_P_1437514292403.jpg','','images/201507/thumb_img/38_thumb_P_1437514292073.jpg','images/201507/source_img/38_P_1437514292840.jpg',31,1,0),(118,38,'images/201507/goods_img/38_P_1437514299120.jpg','','images/201507/thumb_img/38_thumb_P_1437514299721.jpg','images/201507/source_img/38_P_1437514299877.jpg',31,0,0),(119,38,'images/201507/goods_img/38_P_1437514309870.jpg','','images/201507/thumb_img/38_thumb_P_1437514309046.jpg','images/201507/source_img/38_P_1437514309477.jpg',32,1,0),(120,38,'images/201507/goods_img/38_P_1437514319433.jpg','','images/201507/thumb_img/38_thumb_P_1437514319339.jpg','images/201507/source_img/38_P_1437514319739.jpg',32,0,0),(121,38,'images/201507/goods_img/38_P_1437514319977.jpg','','images/201507/thumb_img/38_thumb_P_1437514319920.jpg','images/201507/source_img/38_P_1437514319416.jpg',32,0,0),(122,39,'images/201507/goods_img/39_P_1437515362854.jpg','','images/201507/thumb_img/39_thumb_P_1437515362337.jpg','images/201507/source_img/39_P_1437515362066.jpg',0,0,0),(123,40,'images/201507/goods_img/40_P_1437515363030.jpg','','images/201507/thumb_img/40_thumb_P_1437515363468.jpg','images/201507/source_img/40_P_1437515363282.jpg',0,0,0),(124,41,'images/201507/goods_img/41_P_1437515470112.jpg','','images/201507/thumb_img/41_thumb_P_1437515470317.jpg','images/201507/source_img/41_P_1437515470303.jpg',0,0,0),(125,40,'images/201507/goods_img/40_P_1437515561939.jpg','','images/201507/thumb_img/40_thumb_P_1437515561269.jpg','images/201507/source_img/40_P_1437515561481.jpg',37,1,0),(126,40,'images/201507/goods_img/40_P_1437515569119.jpg','','images/201507/thumb_img/40_thumb_P_1437515569907.jpg','images/201507/source_img/40_P_1437515569819.jpg',37,0,0),(127,40,'images/201507/goods_img/40_P_1437515569569.jpg','','images/201507/thumb_img/40_thumb_P_1437515569450.jpg','images/201507/source_img/40_P_1437515569341.jpg',37,0,0),(128,40,'images/201507/goods_img/40_P_1437515569282.jpg','','images/201507/thumb_img/40_thumb_P_1437515569883.jpg','images/201507/source_img/40_P_1437515569707.jpg',37,0,0),(129,40,'images/201507/goods_img/40_P_1437515570861.jpg','','images/201507/thumb_img/40_thumb_P_1437515570045.jpg','images/201507/source_img/40_P_1437515570533.jpg',37,0,0),(130,40,'images/201507/goods_img/40_P_1437515577682.jpg','','images/201507/thumb_img/40_thumb_P_1437515577961.jpg','images/201507/source_img/40_P_1437515577359.jpg',0,0,0),(131,40,'images/201507/goods_img/40_P_1437515577604.jpg','','images/201507/thumb_img/40_thumb_P_1437515577568.jpg','images/201507/source_img/40_P_1437515577669.jpg',0,0,0),(132,40,'images/201507/goods_img/40_P_1437515577024.jpg','','images/201507/thumb_img/40_thumb_P_1437515577614.jpg','images/201507/source_img/40_P_1437515577949.jpg',0,0,0),(133,40,'images/201507/goods_img/40_P_1437515577109.jpg','','images/201507/thumb_img/40_thumb_P_1437515577746.jpg','images/201507/source_img/40_P_1437515577544.jpg',0,0,0),(134,42,'images/201507/goods_img/42_P_1437515742143.jpg','','images/201507/thumb_img/42_thumb_P_1437515742145.jpg','images/201507/source_img/42_P_1437515742366.jpg',0,0,0),(135,43,'images/201507/goods_img/43_P_1437515785156.jpg','','images/201507/thumb_img/43_thumb_P_1437515785267.jpg','images/201507/source_img/43_P_1437515785357.jpg',0,0,0),(136,44,'images/201507/goods_img/44_P_1437515947986.jpg','','images/201507/thumb_img/44_thumb_P_1437515947506.jpg','images/201507/source_img/44_P_1437515947068.jpg',0,0,0),(137,45,'images/201507/goods_img/45_P_1437516035119.jpg','','images/201507/thumb_img/45_thumb_P_1437516035017.jpg','images/201507/source_img/45_P_1437516035784.jpg',0,0,0),(138,46,'images/201507/goods_img/46_P_1437516342776.jpg','','images/201507/thumb_img/46_thumb_P_1437516342148.jpg','images/201507/source_img/46_P_1437516342080.jpg',0,0,0),(139,47,'images/201507/goods_img/47_P_1437516432156.jpg','','images/201507/thumb_img/47_thumb_P_1437516432035.jpg','images/201507/source_img/47_P_1437516432332.jpg',0,0,0),(140,48,'images/201507/goods_img/48_P_1437516602928.jpg','','images/201507/thumb_img/48_thumb_P_1437516602163.jpg','images/201507/source_img/48_P_1437516602283.jpg',0,0,0),(141,49,'images/201507/goods_img/49_P_1437517210547.jpg','','images/201507/thumb_img/49_thumb_P_1437517210375.jpg','images/201507/source_img/49_P_1437517210989.jpg',0,0,0),(142,0,'images/201507/goods_img/0_P_1437519256704.jpg','','images/201507/thumb_img/0_thumb_P_1437519256721.jpg','images/201507/source_img/0_P_1437519256384.jpg',0,0,0),(143,0,'images/201507/goods_img/0_P_1437519674673.jpg','','images/201507/thumb_img/0_thumb_P_1437519674386.jpg','images/201507/source_img/0_P_1437519674228.jpg',0,0,0),(144,50,'images/201507/goods_img/50_P_1437519734522.jpg','','images/201507/thumb_img/50_thumb_P_1437519734649.jpg','images/201507/source_img/50_P_1437519734814.jpg',0,0,0),(145,0,'images/201507/goods_img/0_P_1437519847524.jpg','','images/201507/thumb_img/0_thumb_P_1437519847497.jpg','images/201507/source_img/0_P_1437519847329.jpg',0,0,0),(146,51,'images/201507/goods_img/51_P_1437519866477.jpg','','images/201507/thumb_img/51_thumb_P_1437519866694.jpg','images/201507/source_img/51_P_1437519866872.jpg',0,0,0),(147,54,'images/201507/goods_img/54_P_1437520360845.jpg','','images/201507/thumb_img/54_thumb_P_1437520360256.jpg','images/201507/source_img/54_P_1437520360291.jpg',0,0,0),(148,53,'images/201507/goods_img/53_P_1437520392026.jpg','','images/201507/thumb_img/53_thumb_P_1437520392636.jpg','images/201507/source_img/53_P_1437520392267.jpg',0,0,0),(149,52,'images/201507/goods_img/52_P_1437520436385.jpg','','images/201507/thumb_img/52_thumb_P_1437520436055.jpg','images/201507/source_img/52_P_1437520436934.jpg',0,0,0),(150,50,'images/201507/goods_img/50_P_1437520471610.jpg','','images/201507/thumb_img/50_thumb_P_1437520471468.jpg','images/201507/source_img/50_P_1437520471128.jpg',0,0,0),(151,0,'images/201507/goods_img/0_P_1437520567812.jpg','','images/201507/thumb_img/0_thumb_P_1437520567337.jpg','images/201507/source_img/0_P_1437520567864.jpg',0,0,0),(152,0,'images/201507/goods_img/0_P_1437520572189.jpg','','images/201507/thumb_img/0_thumb_P_1437520572162.jpg','images/201507/source_img/0_P_1437520572988.jpg',0,0,0),(153,55,'images/201507/goods_img/55_P_1437520599475.jpg','','images/201507/thumb_img/55_thumb_P_1437520599822.jpg','images/201507/source_img/55_P_1437520599203.jpg',0,0,0),(154,0,'images/201507/goods_img/0_P_1437520605613.jpg','','images/201507/thumb_img/0_thumb_P_1437520605379.jpg','images/201507/source_img/0_P_1437520605140.jpg',0,0,0),(155,57,'images/201507/goods_img/57_P_1437520695848.jpg','','images/201507/thumb_img/57_thumb_P_1437520695927.jpg','images/201507/source_img/57_P_1437520695558.jpg',0,0,0),(156,0,'images/201507/goods_img/0_P_1437520773380.jpg','','images/201507/thumb_img/0_thumb_P_1437520773556.jpg','images/201507/source_img/0_P_1437520773127.jpg',0,0,0),(157,58,'images/201507/goods_img/58_P_1437520784577.jpg','','images/201507/thumb_img/58_thumb_P_1437520784921.jpg','images/201507/source_img/58_P_1437520784585.jpg',0,0,0),(158,56,'images/201507/goods_img/56_P_1437520837797.jpg','','images/201507/thumb_img/56_thumb_P_1437520837253.jpg','images/201507/source_img/56_P_1437520837688.jpg',0,0,0),(159,0,'images/201507/goods_img/0_P_1437520877518.jpg','','images/201507/thumb_img/0_thumb_P_1437520877517.jpg','images/201507/source_img/0_P_1437520877700.jpg',0,0,0),(160,59,'images/201507/goods_img/59_P_1437520891383.jpg','','images/201507/thumb_img/59_thumb_P_1437520891917.jpg','images/201507/source_img/59_P_1437520891926.jpg',0,0,0),(161,0,'images/201507/goods_img/0_P_1437520972580.jpg','','images/201507/thumb_img/0_thumb_P_1437520972692.jpg','images/201507/source_img/0_P_1437520972030.jpg',0,0,0),(162,0,'images/201507/goods_img/0_P_1437520979954.jpg','','images/201507/thumb_img/0_thumb_P_1437520979341.jpg','images/201507/source_img/0_P_1437520979515.jpg',0,0,0),(163,60,'images/201507/goods_img/60_P_1437520982218.jpg','','images/201507/thumb_img/60_thumb_P_1437520982786.jpg','images/201507/source_img/60_P_1437520982253.jpg',0,0,0),(164,61,'images/201507/goods_img/61_P_1437520995183.jpg','','images/201507/thumb_img/61_thumb_P_1437520995338.jpg','images/201507/source_img/61_P_1437520995154.jpg',0,0,0),(165,0,'images/201507/goods_img/0_P_1437521058253.jpg','','images/201507/thumb_img/0_thumb_P_1437521058597.jpg','images/201507/source_img/0_P_1437521058561.jpg',0,0,0),(166,62,'images/201507/goods_img/62_P_1437521071092.jpg','','images/201507/thumb_img/62_thumb_P_1437521071058.jpg','images/201507/source_img/62_P_1437521071578.jpg',0,0,0),(167,0,'images/201507/goods_img/0_P_1437521075543.jpg','','images/201507/thumb_img/0_thumb_P_1437521075227.jpg','images/201507/source_img/0_P_1437521075486.jpg',0,0,0),(168,63,'images/201507/goods_img/63_P_1437521098114.jpg','','images/201507/thumb_img/63_thumb_P_1437521098604.jpg','images/201507/source_img/63_P_1437521098864.jpg',0,0,0),(169,64,'images/201507/goods_img/64_P_1437521108654.jpg','','images/201507/thumb_img/64_thumb_P_1437521108401.jpg','images/201507/source_img/64_P_1437521108167.jpg',0,0,0),(170,0,'images/201507/goods_img/0_P_1437521118729.jpg','','images/201507/thumb_img/0_thumb_P_1437521118611.jpg','images/201507/source_img/0_P_1437521118233.jpg',0,0,0),(171,65,'images/201507/goods_img/65_P_1437521163218.jpg','','images/201507/thumb_img/65_thumb_P_1437521163158.jpg','images/201507/source_img/65_P_1437521163756.jpg',0,0,0),(172,0,'images/201507/goods_img/0_P_1437521291300.jpg','','images/201507/thumb_img/0_thumb_P_1437521291112.jpg','images/201507/source_img/0_P_1437521291263.jpg',0,0,0),(173,66,'images/201507/goods_img/66_P_1437521319928.jpg','','images/201507/thumb_img/66_thumb_P_1437521319127.jpg','images/201507/source_img/66_P_1437521319324.jpg',0,0,0),(174,67,'images/201507/goods_img/67_P_1437521471898.jpg','','images/201507/thumb_img/67_thumb_P_1437521471089.jpg','images/201507/source_img/67_P_1437521471548.jpg',0,0,0),(175,0,'images/201507/goods_img/0_P_1437521638071.jpg','','images/201507/thumb_img/0_thumb_P_1437521638887.jpg','images/201507/source_img/0_P_1437521638045.jpg',0,0,0),(176,68,'images/201507/goods_img/68_P_1437521651373.jpg','','images/201507/thumb_img/68_thumb_P_1437521651336.jpg','images/201507/source_img/68_P_1437521651848.jpg',0,0,0),(177,69,'images/201507/goods_img/69_P_1437521666580.jpg','','images/201507/thumb_img/69_thumb_P_1437521666739.jpg','images/201507/source_img/69_P_1437521666196.jpg',0,0,0),(178,70,'images/201507/goods_img/70_P_1437521749361.jpg','','images/201507/thumb_img/70_thumb_P_1437521749899.jpg','images/201507/source_img/70_P_1437521749842.jpg',0,0,0),(179,0,'images/201507/goods_img/0_P_1437521828569.jpg','','images/201507/thumb_img/0_thumb_P_1437521828422.jpg','images/201507/source_img/0_P_1437521828225.jpg',0,0,0),(180,71,'images/201507/goods_img/71_P_1437521834407.jpg','','images/201507/thumb_img/71_thumb_P_1437521834856.jpg','images/201507/source_img/71_P_1437521834122.jpg',0,0,0),(181,72,'images/201507/goods_img/72_P_1437521848487.jpg','','images/201507/thumb_img/72_thumb_P_1437521848114.jpg','images/201507/source_img/72_P_1437521848042.jpg',0,0,0),(182,73,'images/201507/goods_img/73_P_1437521912296.jpg','','images/201507/thumb_img/73_thumb_P_1437521912781.jpg','images/201507/source_img/73_P_1437521912047.jpg',0,0,0),(183,71,'images/201507/goods_img/71_P_1437521951896.jpg','','images/201507/thumb_img/71_thumb_P_1437521951609.jpg','images/201507/source_img/71_P_1437521951210.jpg',0,0,0),(184,0,'images/201507/goods_img/0_P_1437521977488.jpg','','images/201507/thumb_img/0_thumb_P_1437521977210.jpg','images/201507/source_img/0_P_1437521977847.jpg',0,0,0),(185,74,'images/201507/goods_img/74_P_1437521987593.jpg','','images/201507/thumb_img/74_thumb_P_1437521987155.jpg','images/201507/source_img/74_P_1437521987319.jpg',0,0,0),(186,0,'images/201507/goods_img/0_P_1437522082487.jpg','','images/201507/thumb_img/0_thumb_P_1437522082432.jpg','images/201507/source_img/0_P_1437522082529.jpg',0,0,0),(187,75,'images/201507/goods_img/75_P_1437522091489.jpg','','images/201507/thumb_img/75_thumb_P_1437522091787.jpg','images/201507/source_img/75_P_1437522091370.jpg',0,0,0),(188,0,'images/201507/goods_img/0_P_1437522136174.jpg','','images/201507/thumb_img/0_thumb_P_1437522136603.jpg','images/201507/source_img/0_P_1437522136319.jpg',0,0,0),(189,77,'images/201507/goods_img/77_P_1437522146388.jpg','','images/201507/thumb_img/77_thumb_P_1437522146367.jpg','images/201507/source_img/77_P_1437522146908.jpg',0,0,0),(190,76,'images/201507/goods_img/76_P_1437522158064.jpg','','images/201507/thumb_img/76_thumb_P_1437522158626.jpg','images/201507/source_img/76_P_1437522158755.jpg',0,0,0),(191,78,'images/201507/goods_img/78_P_1437522187203.jpg','','images/201507/thumb_img/78_thumb_P_1437522187223.jpg','images/201507/source_img/78_P_1437522187750.jpg',0,0,0),(192,0,'images/201507/goods_img/0_P_1437522190255.jpg','','images/201507/thumb_img/0_thumb_P_1437522190431.jpg','images/201507/source_img/0_P_1437522190489.jpg',0,0,0),(193,79,'images/201507/goods_img/79_P_1437522204048.jpg','','images/201507/thumb_img/79_thumb_P_1437522204574.jpg','images/201507/source_img/79_P_1437522204797.jpg',0,0,0),(194,0,'images/201507/goods_img/0_P_1437522217913.jpg','','images/201507/thumb_img/0_thumb_P_1437522217125.jpg','images/201507/source_img/0_P_1437522217371.jpg',0,0,0),(195,80,'images/201507/goods_img/80_P_1437522232685.jpg','','images/201507/thumb_img/80_thumb_P_1437522232077.jpg','images/201507/source_img/80_P_1437522232277.jpg',0,0,0),(196,0,'images/201507/goods_img/0_P_1437522264818.jpg','','images/201507/thumb_img/0_thumb_P_1437522264057.jpg','images/201507/source_img/0_P_1437522264338.jpg',0,0,0),(197,81,'images/201507/goods_img/81_P_1437522277679.jpg','','images/201507/thumb_img/81_thumb_P_1437522277700.jpg','images/201507/source_img/81_P_1437522277486.jpg',0,0,0),(198,82,'images/201507/goods_img/82_P_1437522300848.jpg','','images/201507/thumb_img/82_thumb_P_1437522300957.jpg','images/201507/source_img/82_P_1437522300989.jpg',0,0,0),(199,0,'images/201507/goods_img/0_P_1437522328533.jpg','','images/201507/thumb_img/0_thumb_P_1437522328683.jpg','images/201507/source_img/0_P_1437522328607.jpg',0,0,0),(200,83,'images/201507/goods_img/83_P_1437522343870.jpg','','images/201507/thumb_img/83_thumb_P_1437522343379.jpg','images/201507/source_img/83_P_1437522343296.jpg',0,0,0),(201,84,'images/201507/goods_img/84_P_1437522463211.jpg','','images/201507/thumb_img/84_thumb_P_1437522463425.jpg','images/201507/source_img/84_P_1437522463252.jpg',0,0,0),(202,0,'images/201507/goods_img/0_P_1437522479857.jpg','','images/201507/thumb_img/0_thumb_P_1437522479945.jpg','images/201507/source_img/0_P_1437522479702.jpg',0,0,0),(203,85,'images/201507/goods_img/85_P_1437522493849.jpg','','images/201507/thumb_img/85_thumb_P_1437522493825.jpg','images/201507/source_img/85_P_1437522493614.jpg',0,0,0),(204,0,'images/201507/goods_img/0_P_1437522598243.jpg','','images/201507/thumb_img/0_thumb_P_1437522598844.jpg','images/201507/source_img/0_P_1437522598592.jpg',0,0,0),(205,86,'images/201507/goods_img/86_P_1437522610302.jpg','','images/201507/thumb_img/86_thumb_P_1437522610654.jpg','images/201507/source_img/86_P_1437522610560.jpg',0,0,0),(206,87,'images/201507/goods_img/87_P_1437522646759.jpg','','images/201507/thumb_img/87_thumb_P_1437522646985.jpg','images/201507/source_img/87_P_1437522646035.jpg',0,0,0),(207,0,'images/201507/goods_img/0_P_1437522776824.jpg','','images/201507/thumb_img/0_thumb_P_1437522776756.jpg','images/201507/source_img/0_P_1437522776026.jpg',0,0,0),(208,88,'images/201507/goods_img/88_P_1437522788449.jpg','','images/201507/thumb_img/88_thumb_P_1437522788040.jpg','images/201507/source_img/88_P_1437522788103.jpg',0,0,0),(209,0,'images/201507/goods_img/0_P_1437522839129.jpg','','images/201507/thumb_img/0_thumb_P_1437522839058.jpg','images/201507/source_img/0_P_1437522839663.jpg',0,0,0),(210,89,'images/201507/goods_img/89_P_1437522853986.jpg','','images/201507/thumb_img/89_thumb_P_1437522853840.jpg','images/201507/source_img/89_P_1437522853873.jpg',0,0,0),(211,0,'images/201507/goods_img/0_P_1437522885753.jpg','','images/201507/thumb_img/0_thumb_P_1437522885632.jpg','images/201507/source_img/0_P_1437522885571.jpg',0,0,0),(212,90,'images/201507/goods_img/90_P_1437522897619.jpg','','images/201507/thumb_img/90_thumb_P_1437522897582.jpg','images/201507/source_img/90_P_1437522897505.jpg',0,0,0),(213,0,'images/201507/goods_img/0_P_1437522928990.jpg','','images/201507/thumb_img/0_thumb_P_1437522928442.jpg','images/201507/source_img/0_P_1437522928641.png',0,0,0),(214,91,'images/201507/goods_img/91_P_1437522939204.jpg','','images/201507/thumb_img/91_thumb_P_1437522939065.jpg','images/201507/source_img/91_P_1437522939710.png',0,0,0),(215,92,'images/201507/goods_img/92_P_1437523024276.jpg','','images/201507/thumb_img/92_thumb_P_1437523024400.jpg','images/201507/source_img/92_P_1437523024441.jpg',0,0,0),(216,0,'images/201507/goods_img/0_P_1437523034768.jpg','','images/201507/thumb_img/0_thumb_P_1437523034069.jpg','images/201507/source_img/0_P_1437523034839.jpg',0,0,0),(217,93,'images/201507/goods_img/93_P_1437523047541.jpg','','images/201507/thumb_img/93_thumb_P_1437523047575.jpg','images/201507/source_img/93_P_1437523047735.jpg',0,0,0),(218,0,'images/201507/goods_img/0_P_1437523127143.jpg','','images/201507/thumb_img/0_thumb_P_1437523127314.jpg','images/201507/source_img/0_P_1437523127684.jpg',0,0,0),(219,94,'images/201507/goods_img/94_P_1437523136629.jpg','','images/201507/thumb_img/94_thumb_P_1437523136805.jpg','images/201507/source_img/94_P_1437523136147.jpg',0,0,0),(220,95,'images/201507/goods_img/95_P_1437523157370.jpg','','images/201507/thumb_img/95_thumb_P_1437523157269.jpg','images/201507/source_img/95_P_1437523157080.jpg',0,0,0),(221,96,'images/201507/goods_img/96_P_1437523238249.jpg','','images/201507/thumb_img/96_thumb_P_1437523238061.jpg','images/201507/source_img/96_P_1437523238391.jpg',0,0,0),(222,0,'images/201507/goods_img/0_P_1437523241767.jpg','','images/201507/thumb_img/0_thumb_P_1437523241945.jpg','images/201507/source_img/0_P_1437523241836.jpg',0,0,0),(223,98,'images/201507/goods_img/98_P_1437523250702.jpg','','images/201507/thumb_img/98_thumb_P_1437523250908.jpg','images/201507/source_img/98_P_1437523250706.jpg',0,0,0),(224,97,'images/201507/goods_img/97_P_1437523257130.jpg','','images/201507/thumb_img/97_thumb_P_1437523257664.jpg','images/201507/source_img/97_P_1437523257364.jpg',0,0,0),(225,99,'images/201507/goods_img/99_P_1437523325747.jpg','','images/201507/thumb_img/99_thumb_P_1437523325892.jpg','images/201507/source_img/99_P_1437523325532.jpg',0,0,0),(240,105,'images/201507/goods_img/105_P_1437523502906.jpg','','images/201507/thumb_img/105_thumb_P_1437523502105.jpg','images/201507/source_img/105_P_1437523502898.jpg',0,0,0),(227,0,'images/201507/goods_img/0_P_1437523363754.jpg','','images/201507/thumb_img/0_thumb_P_1437523363502.jpg','images/201507/source_img/0_P_1437523363778.jpg',0,0,0),(228,101,'images/201507/goods_img/101_P_1437523379375.jpg','','images/201507/thumb_img/101_thumb_P_1437523379581.jpg','images/201507/source_img/101_P_1437523379891.jpg',0,0,0),(229,100,'images/201507/goods_img/100_P_1437523415429.jpg','','images/201507/thumb_img/100_thumb_P_1437523415673.jpg','images/201507/source_img/100_P_1437523415752.jpg',114,0,5),(230,100,'images/201507/goods_img/100_P_1437523415539.jpg','','images/201507/thumb_img/100_thumb_P_1437523415326.jpg','images/201507/source_img/100_P_1437523415650.jpg',114,0,5),(231,100,'images/201507/goods_img/100_P_1437523415086.jpg','','images/201507/thumb_img/100_thumb_P_1437523415077.jpg','images/201507/source_img/100_P_1437523415946.jpg',114,0,5),(232,100,'images/201507/goods_img/100_P_1437523425720.jpg','','images/201507/thumb_img/100_thumb_P_1437523425602.jpg','images/201507/source_img/100_P_1437523425758.jpg',115,1,0),(233,100,'images/201507/goods_img/100_P_1437523425879.jpg','','images/201507/thumb_img/100_thumb_P_1437523425919.jpg','images/201507/source_img/100_P_1437523425105.jpg',115,0,0),(234,100,'images/201507/goods_img/100_P_1437523425957.jpg','','images/201507/thumb_img/100_thumb_P_1437523425299.jpg','images/201507/source_img/100_P_1437523425059.jpg',115,0,0),(235,0,'images/201507/goods_img/0_P_1437523440017.jpg','','images/201507/thumb_img/0_thumb_P_1437523440195.jpg','images/201507/source_img/0_P_1437523440791.jpg',0,0,0),(236,104,'images/201507/goods_img/104_P_1437523450474.jpg','','images/201507/thumb_img/104_thumb_P_1437523450122.jpg','images/201507/source_img/104_P_1437523450120.jpg',0,0,0),(237,103,'images/201507/goods_img/103_P_1437523455249.jpg','','images/201507/thumb_img/103_thumb_P_1437523455416.jpg','images/201507/source_img/103_P_1437523455752.jpg',0,0,0),(238,102,'images/201507/goods_img/102_P_1437523460773.jpg','','images/201507/thumb_img/102_thumb_P_1437523460532.jpg','images/201507/source_img/102_P_1437523460477.jpg',0,0,0),(239,100,'images/201507/goods_img/100_P_1437523484707.jpg','','images/201507/thumb_img/100_thumb_P_1437523484036.jpg','images/201507/source_img/100_P_1437523484248.jpg',0,0,0),(241,100,'images/201507/goods_img/100_P_1437523504884.jpg','','images/201507/thumb_img/100_thumb_P_1437523504817.jpg','images/201507/source_img/100_P_1437523504771.jpg',114,1,1),(242,0,'images/201507/goods_img/0_P_1437523551807.jpg','','images/201507/thumb_img/0_thumb_P_1437523551377.jpg','images/201507/source_img/0_P_1437523551709.jpg',0,0,0),(243,107,'images/201507/goods_img/107_P_1437523565305.jpg','','images/201507/thumb_img/107_thumb_P_1437523565766.jpg','images/201507/source_img/107_P_1437523565488.jpg',0,0,0),(244,106,'images/201507/goods_img/106_P_1437523569881.jpg','','images/201507/thumb_img/106_thumb_P_1437523569300.jpg','images/201507/source_img/106_P_1437523569633.jpg',0,0,0),(245,108,'images/201507/goods_img/108_P_1437523652507.jpg','','images/201507/thumb_img/108_thumb_P_1437523652175.jpg','images/201507/source_img/108_P_1437523652936.jpg',0,0,0),(246,0,'images/201507/goods_img/0_P_1437523676952.jpg','','images/201507/thumb_img/0_thumb_P_1437523676788.jpg','images/201507/source_img/0_P_1437523676870.jpg',0,0,0),(247,96,'images/201507/goods_img/96_P_1437523681050.jpg','','images/201507/thumb_img/96_thumb_P_1437523681315.jpg','images/201507/source_img/96_P_1437523681994.jpg',0,0,0),(248,109,'images/201507/goods_img/109_P_1437523690598.jpg','','images/201507/thumb_img/109_thumb_P_1437523691252.jpg','images/201507/source_img/109_P_1437523690777.jpg',0,0,0),(249,90,'images/201507/goods_img/90_P_1437523731102.jpg','','images/201507/thumb_img/90_thumb_P_1437523731023.jpg','images/201507/source_img/90_P_1437523731804.jpg',0,0,0),(250,0,'images/201507/goods_img/0_P_1437523799357.jpg','','images/201507/thumb_img/0_thumb_P_1437523799518.jpg','images/201507/source_img/0_P_1437523799238.jpg',0,0,0),(251,110,'images/201507/goods_img/110_P_1437523813693.jpg','','images/201507/thumb_img/110_thumb_P_1437523813997.jpg','images/201507/source_img/110_P_1437523812926.jpg',0,0,0),(252,96,'images/201507/goods_img/96_P_1437523830826.jpg','','images/201507/thumb_img/96_thumb_P_1437523830850.jpg','images/201507/source_img/96_P_1437523830419.jpg',0,0,0),(253,111,'images/201507/goods_img/111_P_1437523855231.jpg','','images/201507/thumb_img/111_thumb_P_1437523855658.jpg','images/201507/source_img/111_P_1437523855766.jpg',0,0,0),(254,0,'images/201507/goods_img/0_P_1437523988353.jpg','','images/201507/thumb_img/0_thumb_P_1437523988167.jpg','images/201507/source_img/0_P_1437523988382.jpg',0,0,0),(255,112,'images/201507/goods_img/112_P_1437524004662.jpg','','images/201507/thumb_img/112_thumb_P_1437524004224.jpg','images/201507/source_img/112_P_1437524004657.jpg',0,0,0),(256,0,'images/201507/goods_img/0_P_1437524058652.jpg','','images/201507/thumb_img/0_thumb_P_1437524058275.jpg','images/201507/source_img/0_P_1437524058547.jpg',0,0,0),(257,0,'images/201507/goods_img/0_P_1437524074829.jpg','','images/201507/thumb_img/0_thumb_P_1437524074170.jpg','images/201507/source_img/0_P_1437524074688.jpg',0,0,0),(258,114,'images/201507/goods_img/114_P_1437524086173.jpg','','images/201507/thumb_img/114_thumb_P_1437524086157.jpg','images/201507/source_img/114_P_1437524086950.jpg',0,0,0),(259,0,'images/201507/goods_img/0_P_1437524156062.jpg','','images/201507/thumb_img/0_thumb_P_1437524156128.jpg','images/201507/source_img/0_P_1437524156099.jpg',0,0,0),(260,115,'images/201507/goods_img/115_P_1437524170200.jpg','','images/201507/thumb_img/115_thumb_P_1437524170180.jpg','images/201507/source_img/115_P_1437524170193.jpg',0,0,0),(261,0,'images/201507/goods_img/0_P_1437524240762.jpg','','images/201507/thumb_img/0_thumb_P_1437524240545.jpg','images/201507/source_img/0_P_1437524240398.jpg',0,0,0),(262,116,'images/201507/goods_img/116_P_1437524258992.jpg','','images/201507/thumb_img/116_thumb_P_1437524258506.jpg','images/201507/source_img/116_P_1437524258610.jpg',0,0,0),(263,113,'images/201507/goods_img/113_P_1437524324231.jpg','','images/201507/thumb_img/113_thumb_P_1437524324164.jpg','images/201507/source_img/113_P_1437524324688.jpg',0,0,0),(264,0,'images/201507/goods_img/0_P_1437524369604.jpg','','images/201507/thumb_img/0_thumb_P_1437524369244.jpg','images/201507/source_img/0_P_1437524369425.jpg',0,0,0),(265,117,'images/201507/goods_img/117_P_1437524390798.jpg','','images/201507/thumb_img/117_thumb_P_1437524390004.jpg','images/201507/source_img/117_P_1437524390018.jpg',0,0,0),(266,76,'images/201507/goods_img/76_P_1437524522931.jpg','','images/201507/thumb_img/76_thumb_P_1437524522349.jpg','images/201507/source_img/76_P_1437524522335.jpg',0,0,0),(267,113,'images/201507/goods_img/113_P_1437524754691.jpg','','images/201507/thumb_img/113_thumb_P_1437524754908.jpg','images/201507/source_img/113_P_1437524754898.jpg',129,1,0),(268,113,'images/201507/goods_img/113_P_1437524770753.jpg','','images/201507/thumb_img/113_thumb_P_1437524770328.jpg','images/201507/source_img/113_P_1437524770788.jpg',129,0,0),(269,113,'images/201507/goods_img/113_P_1437524770721.jpg','','images/201507/thumb_img/113_thumb_P_1437524770007.jpg','images/201507/source_img/113_P_1437524770394.jpg',129,0,0),(270,113,'images/201507/goods_img/113_P_1437524779963.jpg','','images/201507/thumb_img/113_thumb_P_1437524779943.jpg','images/201507/source_img/113_P_1437524779683.jpg',129,0,0),(271,113,'images/201507/goods_img/113_P_1437524791174.jpg','','images/201507/thumb_img/113_thumb_P_1437524791427.jpg','images/201507/source_img/113_P_1437524791741.jpg',130,1,0),(272,113,'images/201507/goods_img/113_P_1437524791446.jpg','','images/201507/thumb_img/113_thumb_P_1437524791806.jpg','images/201507/source_img/113_P_1437524791400.jpg',130,0,0),(273,113,'images/201507/goods_img/113_P_1437524791342.jpg','','images/201507/thumb_img/113_thumb_P_1437524791567.jpg','images/201507/source_img/113_P_1437524791749.jpg',130,0,0),(274,0,'images/201507/goods_img/0_P_1437524860958.jpg','','images/201507/thumb_img/0_thumb_P_1437524860570.jpg','images/201507/source_img/0_P_1437524860322.jpg',0,0,0),(275,118,'images/201507/goods_img/118_P_1437524872150.jpg','','images/201507/thumb_img/118_thumb_P_1437524872280.jpg','images/201507/source_img/118_P_1437524872046.jpg',0,0,0),(276,119,'images/201507/goods_img/119_P_1437525155049.jpg','','images/201507/thumb_img/119_thumb_P_1437525155935.jpg','images/201507/source_img/119_P_1437525155081.jpg',0,0,0),(277,120,'images/201507/goods_img/120_P_1437525234944.jpg','','images/201507/thumb_img/120_thumb_P_1437525234238.jpg','images/201507/source_img/120_P_1437525234130.jpg',0,0,0),(278,121,'images/201507/goods_img/121_P_1437525509528.jpg','','images/201507/thumb_img/121_thumb_P_1437525509720.jpg','images/201507/source_img/121_P_1437525509665.jpg',0,0,0),(279,0,'images/201507/goods_img/0_P_1437525577211.jpg','','images/201507/thumb_img/0_thumb_P_1437525577382.jpg','images/201507/source_img/0_P_1437525577944.jpg',0,0,0),(280,122,'images/201507/goods_img/122_P_1437525597039.jpg','','images/201507/thumb_img/122_thumb_P_1437525597800.jpg','images/201507/source_img/122_P_1437525597284.jpg',0,0,0),(281,0,'images/201507/goods_img/0_P_1437525692348.jpg','','images/201507/thumb_img/0_thumb_P_1437525692579.jpg','images/201507/source_img/0_P_1437525692938.jpg',0,0,0),(282,123,'images/201507/goods_img/123_P_1437525706339.jpg','','images/201507/thumb_img/123_thumb_P_1437525706877.jpg','images/201507/source_img/123_P_1437525706771.jpg',0,0,0),(283,0,'images/201507/goods_img/0_P_1437525813271.jpg','','images/201507/thumb_img/0_thumb_P_1437525813362.jpg','images/201507/source_img/0_P_1437525813551.jpg',0,0,0),(284,124,'images/201507/goods_img/124_P_1437525834744.jpg','','images/201507/thumb_img/124_thumb_P_1437525834612.jpg','images/201507/source_img/124_P_1437525834674.jpg',0,0,0),(285,0,'images/201507/goods_img/0_P_1437525885605.jpg','','images/201507/thumb_img/0_thumb_P_1437525885660.jpg','images/201507/source_img/0_P_1437525885224.jpg',0,0,0),(286,125,'images/201507/goods_img/125_P_1437525897393.jpg','','images/201507/thumb_img/125_thumb_P_1437525897775.jpg','images/201507/source_img/125_P_1437525897165.jpg',0,0,0),(287,0,'images/201507/goods_img/0_P_1437525940509.jpg','','images/201507/thumb_img/0_thumb_P_1437525940964.jpg','images/201507/source_img/0_P_1437525940432.jpg',0,0,0),(288,126,'images/201507/goods_img/126_P_1437525951498.jpg','','images/201507/thumb_img/126_thumb_P_1437525951183.jpg','images/201507/source_img/126_P_1437525951898.jpg',0,0,0),(289,0,'images/201507/goods_img/0_P_1437526058055.jpg','','images/201507/thumb_img/0_thumb_P_1437526058309.jpg','images/201507/source_img/0_P_1437526058814.jpg',0,0,0),(290,127,'images/201507/goods_img/127_P_1437526071861.jpg','','images/201507/thumb_img/127_thumb_P_1437526071969.jpg','images/201507/source_img/127_P_1437526071182.jpg',0,0,0),(291,0,'images/201507/goods_img/0_P_1437526257859.jpg','','images/201507/thumb_img/0_thumb_P_1437526257968.jpg','images/201507/source_img/0_P_1437526257904.jpg',0,0,0),(292,128,'images/201507/goods_img/128_P_1437526271792.jpg','','images/201507/thumb_img/128_thumb_P_1437526271663.jpg','images/201507/source_img/128_P_1437526271927.jpg',0,0,0),(293,129,'images/201507/goods_img/129_P_1437527006339.jpg','','images/201507/thumb_img/129_thumb_P_1437527006285.jpg','images/201507/source_img/129_P_1437527006811.jpg',0,0,0),(294,130,'images/201507/goods_img/130_P_1437527119107.jpg','','images/201507/thumb_img/130_thumb_P_1437527119437.jpg','images/201507/source_img/130_P_1437527119810.jpg',0,0,0),(295,131,'images/201507/goods_img/131_P_1437527214321.jpg','','images/201507/thumb_img/131_thumb_P_1437527214639.jpg','images/201507/source_img/131_P_1437527214154.jpg',0,0,0),(296,132,'images/201507/goods_img/132_P_1437528103510.jpg','','images/201507/thumb_img/132_thumb_P_1437528103561.jpg','images/201507/source_img/132_P_1437528103573.jpg',0,0,0),(297,133,'images/201507/goods_img/133_P_1437528350977.jpg','','images/201507/thumb_img/133_thumb_P_1437528350528.jpg','images/201507/source_img/133_P_1437528350513.jpg',0,0,0),(298,134,'images/201507/goods_img/134_P_1437528500247.jpg','','images/201507/thumb_img/134_thumb_P_1437528500211.jpg','images/201507/source_img/134_P_1437528500799.jpg',0,0,0),(299,135,'images/201507/goods_img/135_P_1437528636553.jpg','','images/201507/thumb_img/135_thumb_P_1437528636054.jpg','images/201507/source_img/135_P_1437528636367.jpg',0,0,0),(300,136,'images/201507/goods_img/136_P_1437528720826.jpg','','images/201507/thumb_img/136_thumb_P_1437528720324.jpg','images/201507/source_img/136_P_1437528720720.jpg',0,0,0),(301,137,'images/201507/goods_img/137_P_1437528855182.jpg','','images/201507/thumb_img/137_thumb_P_1437528855973.jpg','images/201507/source_img/137_P_1437528855602.jpg',0,0,0),(302,138,'images/201507/goods_img/138_P_1437528884348.jpg','','images/201507/thumb_img/138_thumb_P_1437528884629.jpg','images/201507/source_img/138_P_1437528884566.jpg',0,0,0),(303,139,'images/201507/goods_img/139_P_1437528892973.jpg','','images/201507/thumb_img/139_thumb_P_1437528892913.jpg','images/201507/source_img/139_P_1437528892731.jpg',0,0,0),(304,140,'images/201507/goods_img/140_P_1437528915688.jpg','','images/201507/thumb_img/140_thumb_P_1437528915106.jpg','images/201507/source_img/140_P_1437528915923.jpg',0,0,0),(305,141,'images/201507/goods_img/141_P_1437529046129.jpg','','images/201507/thumb_img/141_thumb_P_1437529046978.jpg','images/201507/source_img/141_P_1437529046145.jpg',0,0,0),(306,142,'images/201507/goods_img/142_P_1437529449299.jpg','','images/201507/thumb_img/142_thumb_P_1437529449479.jpg','images/201507/source_img/142_P_1437529449291.jpg',0,0,0),(307,0,'images/201507/goods_img/0_P_1437529544542.jpg','','images/201507/thumb_img/0_thumb_P_1437529544141.jpg','images/201507/source_img/0_P_1437529544910.jpg',0,0,0),(308,144,'images/201507/goods_img/144_P_1437529582718.jpg','','images/201507/thumb_img/144_thumb_P_1437529582952.jpg','images/201507/source_img/144_P_1437529582257.jpg',0,0,0),(309,143,'images/201507/goods_img/143_P_1437529603863.jpg','','images/201507/thumb_img/143_thumb_P_1437529603170.jpg','images/201507/source_img/143_P_1437529603223.jpg',0,0,0),(310,143,'images/201507/goods_img/143_P_1437529623310.jpg','','images/201507/thumb_img/143_thumb_P_1437529623725.jpg','images/201507/source_img/143_P_1437529623922.jpg',155,1,0),(311,143,'images/201507/goods_img/143_P_1437529623020.jpg','','images/201507/thumb_img/143_thumb_P_1437529623454.jpg','images/201507/source_img/143_P_1437529623290.jpg',155,0,0),(312,143,'images/201507/goods_img/143_P_1437529623812.jpg','','images/201507/thumb_img/143_thumb_P_1437529623070.jpg','images/201507/source_img/143_P_1437529623340.jpg',155,0,0),(313,143,'images/201507/goods_img/143_P_1437529631498.jpg','','images/201507/thumb_img/143_thumb_P_1437529631002.jpg','images/201507/source_img/143_P_1437529631886.jpg',156,0,2),(314,143,'images/201507/goods_img/143_P_1437529631808.jpg','','images/201507/thumb_img/143_thumb_P_1437529631435.jpg','images/201507/source_img/143_P_1437529631707.jpg',156,1,1),(315,145,'images/201507/goods_img/145_P_1437529875188.jpg','','images/201507/thumb_img/145_thumb_P_1437529875358.jpg','images/201507/source_img/145_P_1437529875568.jpg',0,0,0),(316,146,'images/201507/goods_img/146_P_1437530004884.jpg','','images/201507/thumb_img/146_thumb_P_1437530004331.jpg','images/201507/source_img/146_P_1437530004922.jpg',0,0,0),(317,0,'images/201507/goods_img/0_P_1437530022146.jpg','','images/201507/thumb_img/0_thumb_P_1437530022313.jpg','images/201507/source_img/0_P_1437530022028.jpg',0,0,0),(318,0,'images/201507/goods_img/0_P_1437530095027.jpg','','images/201507/thumb_img/0_thumb_P_1437530095318.jpg','images/201507/source_img/0_P_1437530095068.jpg',0,0,0),(319,147,'images/201507/goods_img/147_P_1437530096574.jpg','','images/201507/thumb_img/147_thumb_P_1437530096821.jpg','images/201507/source_img/147_P_1437530096347.jpg',186,0,2),(320,147,'images/201507/goods_img/147_P_1437530096749.jpg','','images/201507/thumb_img/147_thumb_P_1437530096852.jpg','images/201507/source_img/147_P_1437530096862.jpg',186,0,3),(321,147,'images/201507/goods_img/147_P_1437530096131.jpg','','images/201507/thumb_img/147_thumb_P_1437530096337.jpg','images/201507/source_img/147_P_1437530096771.jpg',186,1,1),(322,147,'images/201507/goods_img/147_P_1437530120921.jpg','','images/201507/thumb_img/147_thumb_P_1437530120265.jpg','images/201507/source_img/147_P_1437530120184.jpg',187,1,0),(323,147,'images/201507/goods_img/147_P_1437530133882.jpg','','images/201507/thumb_img/147_thumb_P_1437530133009.jpg','images/201507/source_img/147_P_1437530133904.jpg',187,0,0),(324,147,'images/201507/goods_img/147_P_1437530142711.jpg','','images/201507/thumb_img/147_thumb_P_1437530142860.jpg','images/201507/source_img/147_P_1437530142150.jpg',0,0,0),(325,148,'images/201507/goods_img/148_P_1437530157594.jpg','','images/201507/thumb_img/148_thumb_P_1437530157214.jpg','images/201507/source_img/148_P_1437530157008.jpg',0,0,0),(326,149,'images/201507/goods_img/149_P_1437530202330.jpg','','images/201507/thumb_img/149_thumb_P_1437530202062.jpg','images/201507/source_img/149_P_1437530202114.jpg',0,0,0),(327,0,'images/201507/goods_img/0_P_1437530244605.jpg','','images/201507/thumb_img/0_thumb_P_1437530244489.jpg','images/201507/source_img/0_P_1437530244757.jpg',0,0,0),(328,151,'images/201507/goods_img/151_P_1437530254564.jpg','','images/201507/thumb_img/151_thumb_P_1437530254650.jpg','images/201507/source_img/151_P_1437530254633.jpg',0,0,0),(329,150,'images/201507/goods_img/150_P_1437530289182.jpg','','images/201507/thumb_img/150_thumb_P_1437530289035.jpg','images/201507/source_img/150_P_1437530289577.jpg',0,0,0),(330,152,'images/201507/goods_img/152_P_1437530333933.jpg','','images/201507/thumb_img/152_thumb_P_1437530333309.jpg','images/201507/source_img/152_P_1437530333687.jpg',0,0,0),(331,153,'images/201507/goods_img/153_P_1437530435757.jpg','','images/201507/thumb_img/153_thumb_P_1437530435717.jpg','images/201507/source_img/153_P_1437530435655.jpg',0,0,0),(332,0,'images/201507/goods_img/0_P_1437530438133.jpg','','images/201507/thumb_img/0_thumb_P_1437530438291.jpg','images/201507/source_img/0_P_1437530438865.jpg',0,0,0),(333,0,'images/201507/goods_img/0_P_1437530447016.jpg','','images/201507/thumb_img/0_thumb_P_1437530447432.jpg','images/201507/source_img/0_P_1437530447652.jpg',0,0,0),(334,154,'images/201507/goods_img/154_P_1437530449859.jpg','','images/201507/thumb_img/154_thumb_P_1437530449594.jpg','images/201507/source_img/154_P_1437530449907.jpg',0,0,0),(335,156,'images/201507/goods_img/156_P_1437530488628.jpg','','images/201507/thumb_img/156_thumb_P_1437530488816.jpg','images/201507/source_img/156_P_1437530488589.jpg',0,0,0),(336,155,'images/201507/goods_img/155_P_1437530544539.jpg','','images/201507/thumb_img/155_thumb_P_1437530544655.jpg','images/201507/source_img/155_P_1437530544018.jpg',220,0,3),(337,155,'images/201507/goods_img/155_P_1437530544936.jpg','','images/201507/thumb_img/155_thumb_P_1437530544464.jpg','images/201507/source_img/155_P_1437530544747.jpg',220,0,2),(338,155,'images/201507/goods_img/155_P_1437530544275.jpg','','images/201507/thumb_img/155_thumb_P_1437530544742.jpg','images/201507/source_img/155_P_1437530544280.jpg',220,1,1),(339,157,'images/201507/goods_img/157_P_1437530558723.jpg','','images/201507/thumb_img/157_thumb_P_1437530558578.jpg','images/201507/source_img/157_P_1437530558708.jpg',0,0,0),(340,158,'images/201507/goods_img/158_P_1437530565304.jpg','','images/201507/thumb_img/158_thumb_P_1437530565348.jpg','images/201507/source_img/158_P_1437530565091.jpg',0,0,0),(341,155,'images/201507/goods_img/155_P_1437530567394.jpg','','images/201507/thumb_img/155_thumb_P_1437530567275.jpg','images/201507/source_img/155_P_1437530567300.jpg',221,0,5),(342,155,'images/201507/goods_img/155_P_1437530567854.jpg','','images/201507/thumb_img/155_thumb_P_1437530567303.jpg','images/201507/source_img/155_P_1437530567055.jpg',221,0,5),(343,155,'images/201507/goods_img/155_P_1437530567803.jpg','','images/201507/thumb_img/155_thumb_P_1437530567363.jpg','images/201507/source_img/155_P_1437530567055.jpg',221,1,0),(344,155,'images/201507/goods_img/155_P_1437530585012.jpg','','images/201507/thumb_img/155_thumb_P_1437530585411.jpg','images/201507/source_img/155_P_1437530585095.jpg',0,0,0),(345,159,'images/201507/goods_img/159_P_1437530614772.jpg','','images/201507/thumb_img/159_thumb_P_1437530614441.jpg','images/201507/source_img/159_P_1437530614478.jpg',0,0,0),(346,160,'images/201507/goods_img/160_P_1437530668622.jpg','','images/201507/thumb_img/160_thumb_P_1437530668455.jpg','images/201507/source_img/160_P_1437530668519.jpg',0,0,0),(347,161,'images/201507/goods_img/161_P_1437530711751.jpg','','images/201507/thumb_img/161_thumb_P_1437530711137.jpg','images/201507/source_img/161_P_1437530711369.jpg',0,0,0),(348,0,'images/201507/goods_img/0_P_1437530843967.jpg','','images/201507/thumb_img/0_thumb_P_1437530843133.jpg','images/201507/source_img/0_P_1437530843331.jpg',0,0,0),(349,162,'images/201507/goods_img/162_P_1437530928846.jpg','','images/201507/thumb_img/162_thumb_P_1437530928804.jpg','images/201507/source_img/162_P_1437530928880.jpg',0,0,0),(350,163,'images/201507/goods_img/163_P_1437530957595.jpg','','images/201507/thumb_img/163_thumb_P_1437530957618.jpg','images/201507/source_img/163_P_1437530957526.jpg',0,0,0),(351,164,'images/201507/goods_img/164_P_1437531040785.jpg','','images/201507/thumb_img/164_thumb_P_1437531040088.jpg','images/201507/source_img/164_P_1437531040094.jpg',0,0,0),(352,162,'images/201507/goods_img/162_P_1437531046293.jpg','','images/201507/thumb_img/162_thumb_P_1437531046153.jpg','images/201507/source_img/162_P_1437531046748.jpg',233,1,0),(353,162,'images/201507/goods_img/162_P_1437531054274.jpg','','images/201507/thumb_img/162_thumb_P_1437531054987.jpg','images/201507/source_img/162_P_1437531054445.jpg',234,1,0),(354,165,'images/201507/goods_img/165_P_1437531060814.jpg','','images/201507/thumb_img/165_thumb_P_1437531060505.jpg','images/201507/source_img/165_P_1437531060019.jpg',0,0,0),(355,166,'images/201507/goods_img/166_P_1437531158717.jpg','','images/201507/thumb_img/166_thumb_P_1437531158846.jpg','images/201507/source_img/166_P_1437531158449.jpg',0,0,0),(356,167,'images/201507/goods_img/167_P_1437531185627.jpg','','images/201507/thumb_img/167_thumb_P_1437531185523.jpg','images/201507/source_img/167_P_1437531185549.jpg',0,0,0),(357,0,'images/201507/goods_img/0_P_1437531314791.jpg','','images/201507/thumb_img/0_thumb_P_1437531314441.jpg','images/201507/source_img/0_P_1437531314696.jpg',0,0,0),(358,168,'images/201507/goods_img/168_P_1437531325509.jpg','','images/201507/thumb_img/168_thumb_P_1437531325082.jpg','images/201507/source_img/168_P_1437531325125.jpg',0,1,0),(359,168,'images/201507/goods_img/168_P_1437531340121.jpg','','images/201507/thumb_img/168_thumb_P_1437531340104.jpg','images/201507/source_img/168_P_1437531340229.jpg',0,0,0),(360,168,'images/201507/goods_img/168_P_1437531340368.jpg','','images/201507/thumb_img/168_thumb_P_1437531340930.jpg','images/201507/source_img/168_P_1437531340510.jpg',0,0,0),(361,169,'images/201507/goods_img/169_P_1437531448656.jpg','','images/201507/thumb_img/169_thumb_P_1437531448368.jpg','images/201507/source_img/169_P_1437531448272.jpg',0,0,0),(362,170,'images/201507/goods_img/170_P_1437531516874.jpg','','images/201507/thumb_img/170_thumb_P_1437531516661.jpg','images/201507/source_img/170_P_1437531516384.jpg',0,0,0),(363,171,'images/201507/goods_img/171_P_1437531560903.jpg','','images/201507/thumb_img/171_thumb_P_1437531560276.jpg','images/201507/source_img/171_P_1437531560451.jpg',0,0,0),(364,173,'images/201507/goods_img/173_P_1437531646227.jpg','','images/201507/thumb_img/173_thumb_P_1437531646741.jpg','images/201507/source_img/173_P_1437531646793.jpg',0,0,0),(365,174,'images/201507/goods_img/174_P_1437531655537.jpg','','images/201507/thumb_img/174_thumb_P_1437531655545.jpg','images/201507/source_img/174_P_1437531655072.jpg',0,0,0),(366,0,'images/201507/goods_img/0_P_1437531660374.jpg','','images/201507/thumb_img/0_thumb_P_1437531660926.jpg','images/201507/source_img/0_P_1437531660463.jpg',0,0,0),(367,175,'images/201507/goods_img/175_P_1437531671011.jpg','','images/201507/thumb_img/175_thumb_P_1437531671761.jpg','images/201507/source_img/175_P_1437531671848.jpg',0,0,0),(368,176,'images/201507/goods_img/176_P_1437531716118.jpg','','images/201507/thumb_img/176_thumb_P_1437531716848.jpg','images/201507/source_img/176_P_1437531716456.jpg',0,0,0),(369,172,'images/201507/goods_img/172_P_1437531793043.jpg','','images/201507/thumb_img/172_thumb_P_1437531793446.jpg','images/201507/source_img/172_P_1437531793627.jpg',0,0,0),(370,177,'images/201507/goods_img/177_P_1437532120146.jpg','','images/201507/thumb_img/177_thumb_P_1437532120074.jpg','images/201507/source_img/177_P_1437532120015.jpg',0,0,0),(371,178,'images/201507/goods_img/178_P_1437532200918.jpg','','images/201507/thumb_img/178_thumb_P_1437532200707.jpg','images/201507/source_img/178_P_1437532200787.jpg',0,0,0),(372,0,'images/201507/goods_img/0_P_1437532283709.jpg','','images/201507/thumb_img/0_thumb_P_1437532283521.jpg','images/201507/source_img/0_P_1437532283991.jpg',0,0,0),(373,179,'images/201507/goods_img/179_P_1437532294779.jpg','','images/201507/thumb_img/179_thumb_P_1437532294932.jpg','images/201507/source_img/179_P_1437532294257.jpg',0,0,0),(374,180,'images/201507/goods_img/180_P_1437532312426.jpg','','images/201507/thumb_img/180_thumb_P_1437532312791.jpg','images/201507/source_img/180_P_1437532312417.jpg',0,0,0),(375,179,'images/201507/goods_img/179_P_1437532366705.jpg','','images/201507/thumb_img/179_thumb_P_1437532366914.jpg','images/201507/source_img/179_P_1437532366946.jpg',261,1,0),(376,179,'images/201507/goods_img/179_P_1437532366550.jpg','','images/201507/thumb_img/179_thumb_P_1437532366120.jpg','images/201507/source_img/179_P_1437532366664.jpg',261,0,0),(377,179,'images/201507/goods_img/179_P_1437532374763.jpg','','images/201507/thumb_img/179_thumb_P_1437532374325.jpg','images/201507/source_img/179_P_1437532374184.jpg',262,1,0),(378,181,'images/201507/goods_img/181_P_1437532546401.jpg','','images/201507/thumb_img/181_thumb_P_1437532546273.jpg','images/201507/source_img/181_P_1437532546398.jpg',0,0,0),(379,182,'images/201507/goods_img/182_P_1437532636635.jpg','','images/201507/thumb_img/182_thumb_P_1437532636789.jpg','images/201507/source_img/182_P_1437532636211.jpg',0,0,0),(380,0,'images/201507/goods_img/0_P_1437532671446.jpg','','images/201507/thumb_img/0_thumb_P_1437532671216.jpg','images/201507/source_img/0_P_1437532671817.jpg',0,0,0),(381,184,'images/201507/goods_img/184_P_1437532690969.jpg','','images/201507/thumb_img/184_thumb_P_1437532690106.jpg','images/201507/source_img/184_P_1437532690865.jpg',0,0,0),(382,183,'images/201507/goods_img/183_P_1437532716043.jpg','','images/201507/thumb_img/183_thumb_P_1437532716925.jpg','images/201507/source_img/183_P_1437532716491.jpg',0,0,0),(383,0,'images/201507/goods_img/0_P_1437532802434.jpg','','images/201507/thumb_img/0_thumb_P_1437532802475.jpg','images/201507/source_img/0_P_1437532802080.jpg',0,0,0),(384,185,'images/201507/goods_img/185_P_1437532813117.jpg','','images/201507/thumb_img/185_thumb_P_1437532813882.jpg','images/201507/source_img/185_P_1437532813274.jpg',0,0,0),(385,186,'images/201507/goods_img/186_P_1437532831024.jpg','','images/201507/thumb_img/186_thumb_P_1437532831371.jpg','images/201507/source_img/186_P_1437532831964.jpg',0,0,0),(386,187,'images/201507/goods_img/187_P_1437532892794.jpg','','images/201507/thumb_img/187_thumb_P_1437532892458.jpg','images/201507/source_img/187_P_1437532892315.jpg',0,0,0),(387,0,'images/201507/goods_img/0_P_1437532915211.jpg','','images/201507/thumb_img/0_thumb_P_1437532915958.jpg','images/201507/source_img/0_P_1437532915803.jpg',0,0,0),(388,188,'images/201507/goods_img/188_P_1437532927468.jpg','','images/201507/thumb_img/188_thumb_P_1437532927293.jpg','images/201507/source_img/188_P_1437532927352.jpg',0,0,0),(389,189,'images/201507/goods_img/189_P_1437532937210.jpg','','images/201507/thumb_img/189_thumb_P_1437532937057.jpg','images/201507/source_img/189_P_1437532937988.jpg',0,0,0),(390,190,'images/201507/goods_img/190_P_1437532975867.jpg','','images/201507/thumb_img/190_thumb_P_1437532975704.jpg','images/201507/source_img/190_P_1437532975001.jpg',0,0,0),(391,0,'images/201507/goods_img/0_P_1437533017559.jpg','','images/201507/thumb_img/0_thumb_P_1437533017182.jpg','images/201507/source_img/0_P_1437533017878.jpg',0,0,0),(392,191,'images/201507/goods_img/191_P_1437533027754.jpg','','images/201507/thumb_img/191_thumb_P_1437533027050.jpg','images/201507/source_img/191_P_1437533027783.jpg',0,0,0),(393,0,'images/201507/goods_img/0_P_1437533237743.jpg','','images/201507/thumb_img/0_thumb_P_1437533237340.jpg','images/201507/source_img/0_P_1437533237736.jpg',0,0,0),(394,192,'images/201507/goods_img/192_P_1437533248180.jpg','','images/201507/thumb_img/192_thumb_P_1437533248588.jpg','images/201507/source_img/192_P_1437533248355.jpg',0,0,0),(395,194,'images/201507/goods_img/194_P_1437533394446.jpg','','images/201507/thumb_img/194_thumb_P_1437533394893.jpg','images/201507/source_img/194_P_1437533394696.jpg',0,0,0),(396,195,'images/201507/goods_img/195_P_1437533447253.jpg','','images/201507/thumb_img/195_thumb_P_1437533447118.jpg','images/201507/source_img/195_P_1437533447418.jpg',0,0,0),(397,196,'images/201507/goods_img/196_P_1437533514358.jpg','','images/201507/thumb_img/196_thumb_P_1437533514888.jpg','images/201507/source_img/196_P_1437533514696.jpg',0,0,0),(398,193,'images/201507/goods_img/193_P_1437533567535.jpg','','images/201507/thumb_img/193_thumb_P_1437533567219.jpg','images/201507/source_img/193_P_1437533567679.jpg',0,0,0),(399,0,'images/201507/goods_img/0_P_1437534094622.jpg','','images/201507/thumb_img/0_thumb_P_1437534094806.jpg','images/201507/source_img/0_P_1437534094074.jpg',0,0,0),(400,197,'images/201507/goods_img/197_P_1437534106066.jpg','','images/201507/thumb_img/197_thumb_P_1437534106177.jpg','images/201507/source_img/197_P_1437534106603.jpg',0,0,0),(401,0,'images/201507/goods_img/0_P_1437534182955.jpg','','images/201507/thumb_img/0_thumb_P_1437534182597.jpg','images/201507/source_img/0_P_1437534182761.jpg',0,0,0),(402,198,'images/201507/goods_img/198_P_1437534190869.jpg','','images/201507/thumb_img/198_thumb_P_1437534190420.jpg','images/201507/source_img/198_P_1437534190570.jpg',0,0,0),(403,0,'images/201507/goods_img/0_P_1437534368008.jpg','','images/201507/thumb_img/0_thumb_P_1437534368449.jpg','images/201507/source_img/0_P_1437534368798.jpg',0,0,0),(404,199,'images/201507/goods_img/199_P_1437534382447.jpg','','images/201507/thumb_img/199_thumb_P_1437534382052.jpg','images/201507/source_img/199_P_1437534382290.jpg',0,0,0),(405,0,'images/201507/goods_img/0_P_1437534561091.jpg','','images/201507/thumb_img/0_thumb_P_1437534561127.jpg','images/201507/source_img/0_P_1437534561988.jpg',0,0,0),(406,200,'images/201507/goods_img/200_P_1437534571406.jpg','','images/201507/thumb_img/200_thumb_P_1437534571476.jpg','images/201507/source_img/200_P_1437534571402.jpg',0,0,0),(407,0,'images/201507/goods_img/0_P_1437534638321.jpg','','images/201507/thumb_img/0_thumb_P_1437534638700.jpg','images/201507/source_img/0_P_1437534638361.jpg',0,0,0),(408,201,'images/201507/goods_img/201_P_1437534649176.jpg','','images/201507/thumb_img/201_thumb_P_1437534649112.jpg','images/201507/source_img/201_P_1437534649445.jpg',0,0,0),(409,0,'images/201507/goods_img/0_P_1437534786989.jpg','','images/201507/thumb_img/0_thumb_P_1437534786711.jpg','images/201507/source_img/0_P_1437534786982.jpg',0,0,0),(410,202,'images/201507/goods_img/202_P_1437534795156.jpg','','images/201507/thumb_img/202_thumb_P_1437534795588.jpg','images/201507/source_img/202_P_1437534795461.jpg',0,0,0),(411,0,'images/201507/goods_img/0_P_1437534942843.jpg','','images/201507/thumb_img/0_thumb_P_1437534942553.jpg','images/201507/source_img/0_P_1437534942722.jpg',0,0,0),(412,203,'images/201507/goods_img/203_P_1437534951508.jpg','','images/201507/thumb_img/203_thumb_P_1437534951970.jpg','images/201507/source_img/203_P_1437534951776.jpg',0,0,0),(413,0,'images/201507/goods_img/0_P_1437535223750.jpg','','images/201507/thumb_img/0_thumb_P_1437535223210.jpg','images/201507/source_img/0_P_1437535223239.jpg',0,0,0),(414,204,'images/201507/goods_img/204_P_1437535259698.jpg','','images/201507/thumb_img/204_thumb_P_1437535259853.jpg','images/201507/source_img/204_P_1437535259982.jpg',0,0,0),(415,0,'images/201507/goods_img/0_P_1437535324419.jpg','','images/201507/thumb_img/0_thumb_P_1437535324640.jpg','images/201507/source_img/0_P_1437535324058.jpg',0,0,0),(416,205,'images/201507/goods_img/205_P_1437535334013.jpg','','images/201507/thumb_img/205_thumb_P_1437535334527.jpg','images/201507/source_img/205_P_1437535334611.jpg',0,0,0),(417,0,'images/201507/goods_img/0_P_1437535415366.jpg','','images/201507/thumb_img/0_thumb_P_1437535415326.jpg','images/201507/source_img/0_P_1437535415596.jpg',0,0,0),(418,206,'images/201507/goods_img/206_P_1437535425801.jpg','','images/201507/thumb_img/206_thumb_P_1437535425215.jpg','images/201507/source_img/206_P_1437535425427.jpg',0,0,0),(419,0,'images/201507/goods_img/0_P_1437535907549.jpg','','images/201507/thumb_img/0_thumb_P_1437535907012.jpg','images/201507/source_img/0_P_1437535907939.jpg',0,0,0),(420,207,'images/201507/goods_img/207_P_1437535941034.jpg','','images/201507/thumb_img/207_thumb_P_1437535941988.jpg','images/201507/source_img/207_P_1437535941740.jpg',0,0,0),(421,207,'images/201507/goods_img/207_P_1437535953521.jpg','','images/201507/thumb_img/207_thumb_P_1437535953338.jpg','images/201507/source_img/207_P_1437535953993.jpg',269,1,0),(422,207,'images/201507/goods_img/207_P_1437535954603.jpg','','images/201507/thumb_img/207_thumb_P_1437535954095.jpg','images/201507/source_img/207_P_1437535954093.jpg',269,0,0),(423,207,'images/201507/goods_img/207_P_1437535954147.jpg','','images/201507/thumb_img/207_thumb_P_1437535954749.jpg','images/201507/source_img/207_P_1437535954593.jpg',269,0,0),(424,207,'images/201507/goods_img/207_P_1437535962986.jpg','','images/201507/thumb_img/207_thumb_P_1437535962132.jpg','images/201507/source_img/207_P_1437535962572.jpg',270,1,0),(425,207,'images/201507/goods_img/207_P_1437535962061.jpg','','images/201507/thumb_img/207_thumb_P_1437535962271.jpg','images/201507/source_img/207_P_1437535962274.jpg',270,0,0),(426,207,'images/201507/goods_img/207_P_1437535970332.jpg','','images/201507/thumb_img/207_thumb_P_1437535970932.jpg','images/201507/source_img/207_P_1437535970876.jpg',271,1,0),(427,207,'images/201507/goods_img/207_P_1437535970202.jpg','','images/201507/thumb_img/207_thumb_P_1437535970150.jpg','images/201507/source_img/207_P_1437535970008.jpg',271,0,0),(428,0,'images/201507/goods_img/0_P_1437583369247.jpg','','images/201507/thumb_img/0_thumb_P_1437583369368.jpg','images/201507/source_img/0_P_1437583369723.jpg',0,0,0),(429,208,'images/201507/goods_img/208_P_1437583379697.jpg','','images/201507/thumb_img/208_thumb_P_1437583379654.jpg','images/201507/source_img/208_P_1437583379319.jpg',0,0,0),(430,0,'images/201507/goods_img/0_P_1437583577499.jpg','','images/201507/thumb_img/0_thumb_P_1437583577661.jpg','images/201507/source_img/0_P_1437583577198.jpg',0,0,0),(431,209,'images/201507/goods_img/209_P_1437583601805.jpg','','images/201507/thumb_img/209_thumb_P_1437583601857.jpg','images/201507/source_img/209_P_1437583601930.jpg',0,0,0),(432,0,'images/201507/goods_img/0_P_1437583812192.jpg','','images/201507/thumb_img/0_thumb_P_1437583812026.jpg','images/201507/source_img/0_P_1437583812074.jpg',0,0,0),(433,210,'images/201507/goods_img/210_P_1437583822412.jpg','','images/201507/thumb_img/210_thumb_P_1437583822091.jpg','images/201507/source_img/210_P_1437583822228.jpg',0,0,0),(434,0,'images/201507/goods_img/0_P_1437584113734.jpg','','images/201507/thumb_img/0_thumb_P_1437584113430.jpg','images/201507/source_img/0_P_1437584113780.jpg',0,0,0),(435,211,'images/201507/goods_img/211_P_1437584133894.jpg','','images/201507/thumb_img/211_thumb_P_1437584133030.jpg','images/201507/source_img/211_P_1437584133214.jpg',0,0,0),(436,0,'images/201507/goods_img/0_P_1437584278197.jpg','','images/201507/thumb_img/0_thumb_P_1437584278444.jpg','images/201507/source_img/0_P_1437584278048.jpg',0,0,0),(437,212,'images/201507/goods_img/212_P_1437584420761.jpg','','images/201507/thumb_img/212_thumb_P_1437584420519.jpg','images/201507/source_img/212_P_1437584420835.jpg',0,0,0),(438,0,'images/201507/goods_img/0_P_1437584677087.jpg','','images/201507/thumb_img/0_thumb_P_1437584677427.jpg','images/201507/source_img/0_P_1437584677644.jpg',0,0,0),(439,213,'images/201507/goods_img/213_P_1437584699219.jpg','','images/201507/thumb_img/213_thumb_P_1437584699646.jpg','images/201507/source_img/213_P_1437584699065.jpg',0,0,0),(440,0,'images/201507/goods_img/0_P_1437584874204.jpg','','images/201507/thumb_img/0_thumb_P_1437584874203.jpg','images/201507/source_img/0_P_1437584874257.jpg',0,0,0),(441,214,'images/201507/goods_img/214_P_1437584902608.jpg','','images/201507/thumb_img/214_thumb_P_1437584902711.jpg','images/201507/source_img/214_P_1437584902014.jpg',0,0,0),(442,0,'images/201507/goods_img/0_P_1437585114784.jpg','','images/201507/thumb_img/0_thumb_P_1437585114638.jpg','images/201507/source_img/0_P_1437585114194.jpg',0,0,0),(443,215,'images/201507/goods_img/215_P_1437585131640.jpg','','images/201507/thumb_img/215_thumb_P_1437585131873.jpg','images/201507/source_img/215_P_1437585131473.jpg',0,0,0),(444,0,'images/201507/goods_img/0_P_1437585458885.jpg','','images/201507/thumb_img/0_thumb_P_1437585458943.jpg','images/201507/source_img/0_P_1437585458499.jpg',0,0,0),(445,216,'images/201507/goods_img/216_P_1437585478827.jpg','','images/201507/thumb_img/216_thumb_P_1437585478333.jpg','images/201507/source_img/216_P_1437585478651.jpg',0,0,0),(446,0,'images/201507/goods_img/0_P_1437585579913.jpg','','images/201507/thumb_img/0_thumb_P_1437585579404.jpg','images/201507/source_img/0_P_1437585579205.jpg',0,0,0),(447,217,'images/201507/goods_img/217_P_1437585591151.jpg','','images/201507/thumb_img/217_thumb_P_1437585591894.jpg','images/201507/source_img/217_P_1437585591070.jpg',0,0,0),(448,217,'images/201507/goods_img/217_P_1437585667620.jpg','','images/201507/thumb_img/217_thumb_P_1437585667141.jpg','images/201507/source_img/217_P_1437585667551.jpg',0,0,0),(449,0,'images/201507/goods_img/0_P_1437585747782.jpg','','images/201507/thumb_img/0_thumb_P_1437585747944.jpg','images/201507/source_img/0_P_1437585747683.jpg',0,0,0),(450,218,'images/201507/goods_img/218_P_1437585757521.jpg','','images/201507/thumb_img/218_thumb_P_1437585757130.jpg','images/201507/source_img/218_P_1437585757141.jpg',0,0,0),(451,0,'images/201507/goods_img/0_P_1437585843009.jpg','','images/201507/thumb_img/0_thumb_P_1437585843498.jpg','images/201507/source_img/0_P_1437585843523.jpg',0,0,0),(452,219,'images/201507/goods_img/219_P_1437585857598.jpg','','images/201507/thumb_img/219_thumb_P_1437585857967.jpg','images/201507/source_img/219_P_1437585857132.jpg',0,0,0),(453,0,'images/201507/goods_img/0_P_1437585967238.jpg','','images/201507/thumb_img/0_thumb_P_1437585967139.jpg','images/201507/source_img/0_P_1437585967399.jpg',0,0,0),(454,220,'images/201507/goods_img/220_P_1437585995456.jpg','','images/201507/thumb_img/220_thumb_P_1437585995861.jpg','images/201507/source_img/220_P_1437585995988.jpg',0,0,0),(455,0,'images/201507/goods_img/0_P_1437586116935.jpg','','images/201507/thumb_img/0_thumb_P_1437586116105.jpg','images/201507/source_img/0_P_1437586116814.jpg',0,0,0),(456,221,'images/201507/goods_img/221_P_1437586129452.jpg','','images/201507/thumb_img/221_thumb_P_1437586129638.jpg','images/201507/source_img/221_P_1437586129499.jpg',0,0,0),(457,0,'images/201507/goods_img/0_P_1437586473517.jpg','','images/201507/thumb_img/0_thumb_P_1437586473147.jpg','images/201507/source_img/0_P_1437586473133.jpg',0,0,0),(458,222,'images/201507/goods_img/222_P_1437586485286.jpg','','images/201507/thumb_img/222_thumb_P_1437586485641.jpg','images/201507/source_img/222_P_1437586485358.jpg',0,0,0),(459,0,'images/201507/goods_img/0_P_1437586786296.jpg','','images/201507/thumb_img/0_thumb_P_1437586786921.jpg','images/201507/source_img/0_P_1437586786121.jpg',0,0,0),(460,223,'images/201507/goods_img/223_P_1437586798258.jpg','','images/201507/thumb_img/223_thumb_P_1437586798056.jpg','images/201507/source_img/223_P_1437586798121.jpg',0,0,0),(461,0,'images/201507/goods_img/0_P_1437586887008.jpg','','images/201507/thumb_img/0_thumb_P_1437586887146.jpg','images/201507/source_img/0_P_1437586887960.jpg',0,0,0),(462,224,'images/201507/goods_img/224_P_1437586899135.jpg','','images/201507/thumb_img/224_thumb_P_1437586899447.jpg','images/201507/source_img/224_P_1437586899153.jpg',0,0,0),(463,0,'images/201507/goods_img/0_P_1437587090168.jpg','','images/201507/thumb_img/0_thumb_P_1437587090383.jpg','images/201507/source_img/0_P_1437587090280.jpg',0,0,0),(464,225,'images/201507/goods_img/225_P_1437587108022.jpg','','images/201507/thumb_img/225_thumb_P_1437587108899.jpg','images/201507/source_img/225_P_1437587108542.jpg',0,0,0),(465,0,'images/201507/goods_img/0_P_1437587170711.jpg','','images/201507/thumb_img/0_thumb_P_1437587170279.jpg','images/201507/source_img/0_P_1437587170122.jpg',0,0,0),(466,226,'images/201507/goods_img/226_P_1437587179889.jpg','','images/201507/thumb_img/226_thumb_P_1437587179863.jpg','images/201507/source_img/226_P_1437587179892.jpg',0,0,0),(467,0,'images/201507/goods_img/0_P_1437587248373.jpg','','images/201507/thumb_img/0_thumb_P_1437587248908.jpg','images/201507/source_img/0_P_1437587248122.jpg',0,0,0),(468,227,'images/201507/goods_img/227_P_1437587283860.jpg','','images/201507/thumb_img/227_thumb_P_1437587283130.jpg','images/201507/source_img/227_P_1437587283884.jpg',0,0,0),(469,0,'images/201507/goods_img/0_P_1437587363538.jpg','','images/201507/thumb_img/0_thumb_P_1437587363077.jpg','images/201507/source_img/0_P_1437587363043.jpg',0,0,0),(470,228,'images/201507/goods_img/228_P_1437587380299.jpg','','images/201507/thumb_img/228_thumb_P_1437587380098.jpg','images/201507/source_img/228_P_1437587380393.jpg',0,0,0),(471,0,'images/201507/goods_img/0_P_1437587456614.jpg','','images/201507/thumb_img/0_thumb_P_1437587456626.jpg','images/201507/source_img/0_P_1437587456406.jpg',0,0,0),(472,229,'images/201507/goods_img/229_P_1437587547438.jpg','','images/201507/thumb_img/229_thumb_P_1437587547370.jpg','images/201507/source_img/229_P_1437587547423.jpg',0,0,0),(473,0,'images/201507/goods_img/0_P_1437587670009.jpg','','images/201507/thumb_img/0_thumb_P_1437587670609.jpg','images/201507/source_img/0_P_1437587670125.jpg',0,0,0),(474,230,'images/201507/goods_img/230_P_1437587680796.jpg','','images/201507/thumb_img/230_thumb_P_1437587680263.jpg','images/201507/source_img/230_P_1437587680439.jpg',0,0,0),(475,0,'images/201507/goods_img/0_P_1437587762642.jpg','','images/201507/thumb_img/0_thumb_P_1437587762567.jpg','images/201507/source_img/0_P_1437587762063.jpg',0,0,0),(476,231,'images/201507/goods_img/231_P_1437587773973.jpg','','images/201507/thumb_img/231_thumb_P_1437587773385.jpg','images/201507/source_img/231_P_1437587773861.jpg',0,0,0),(477,0,'images/201507/goods_img/0_P_1437587977091.jpg','','images/201507/thumb_img/0_thumb_P_1437587977204.jpg','images/201507/source_img/0_P_1437587977716.jpg',0,0,0),(478,232,'images/201507/goods_img/232_P_1437587987409.jpg','','images/201507/thumb_img/232_thumb_P_1437587987764.jpg','images/201507/source_img/232_P_1437587987425.jpg',0,0,0),(479,232,'images/201604/goods_img/232_P_1461604920005.jpg','','images/201604/thumb_img/232_thumb_P_1461604920654.jpg','images/201604/source_img/232_P_1461604920019.jpg',0,0,0),(480,149,'images/201604/goods_img/149_P_1461622780044.jpg','','images/201604/thumb_img/149_thumb_P_1461622780465.jpg','images/201604/source_img/149_P_1461622780744.jpg',0,0,0),(481,149,'images/201604/goods_img/149_P_1461623021390.jpg','','images/201604/thumb_img/149_thumb_P_1461623021995.jpg','images/201604/source_img/149_P_1461623021321.jpg',0,0,0),(482,149,'images/201604/goods_img/149_P_1461623227460.jpg','','images/201604/thumb_img/149_thumb_P_1461623227424.jpg','images/201604/source_img/149_P_1461623227287.jpg',0,0,0),(483,149,'images/201604/goods_img/149_P_1461623671880.jpg','','images/201604/thumb_img/149_thumb_P_1461623671152.jpg','images/201604/source_img/149_P_1461623671980.jpg',0,0,0),(484,196,'images/201604/goods_img/196_P_1461625705365.jpg','','images/201604/thumb_img/196_thumb_P_1461625705438.jpg','images/201604/source_img/196_P_1461625705483.jpg',0,0,0),(485,196,'images/201604/goods_img/196_P_1461626409277.jpg','','images/201604/thumb_img/196_thumb_P_1461626409276.jpg','images/201604/source_img/196_P_1461626409306.jpg',0,0,0),(486,232,'images/201604/goods_img/232_P_1461627091730.jpg','','images/201604/thumb_img/232_thumb_P_1461627091102.jpg','images/201604/source_img/232_P_1461627091549.jpg',0,0,0);
/*!40000 ALTER TABLE `ecs_goods_gallery` ENABLE KEYS */;
UNLOCK TABLES;

--
-- Table structure for table `ecs_goods_tag`
--

DROP TABLE IF EXISTS `ecs_goods_tag`;
/*!40101 SET @saved_cs_client     = @@character_set_client */;
/*!40101 SET character_set_client = utf8 */;
CREATE TABLE `ecs_goods_tag` (
  `tag_id` mediumint(8) NOT NULL AUTO_INCREMENT,
  `goods_id` mediumint(8) NOT NULL DEFAULT '0',
  `tag_name` varchar(100) NOT NULL,
  `state` tinyint(1) NOT NULL DEFAULT '0',
  `is_user` tinyint(1) NOT NULL DEFAULT '0',
  PRIMARY KEY (`tag_id`)
) ENGINE=MyISAM AUTO_INCREMENT=4 DEFAULT CHARSET=utf8;
/*!40101 SET character_set_client = @saved_cs_client */;

--
-- Dumping data for table `ecs_goods_tag`
--

LOCK TABLES `ecs_goods_tag` WRITE;
/*!40000 ALTER TABLE `ecs_goods_tag` DISABLE KEYS */;
INSERT INTO `ecs_goods_tag` VALUES (1,1,'好吃',1,0),(2,1,'新鲜',1,0),(3,1,'量足',1,0);
/*!40000 ALTER TABLE `ecs_goods_tag` ENABLE KEYS */;
UNLOCK TABLES;

--
-- Table structure for table `ecs_goods_type`
--

DROP TABLE IF EXISTS `ecs_goods_type`;
/*!40101 SET @saved_cs_client     = @@character_set_client */;
/*!40101 SET character_set_client = utf8 */;
CREATE TABLE `ecs_goods_type` (
  `cat_id` smallint(5) unsigned NOT NULL AUTO_INCREMENT,
  `cat_name` varchar(60) NOT NULL DEFAULT '',
  `enabled` tinyint(1) unsigned NOT NULL DEFAULT '1',
  `attr_group` varchar(255) NOT NULL,
  PRIMARY KEY (`cat_id`)
) ENGINE=MyISAM AUTO_INCREMENT=3 DEFAULT CHARSET=utf8;
/*!40101 SET character_set_client = @saved_cs_client */;

--
-- Dumping data for table `ecs_goods_type`
--

LOCK TABLES `ecs_goods_type` WRITE;
/*!40000 ALTER TABLE `ecs_goods_type` DISABLE KEYS */;
INSERT INTO `ecs_goods_type` VALUES (1,'手机数码',1,''),(2,'服饰鞋帽',1,'');
/*!40000 ALTER TABLE `ecs_goods_type` ENABLE KEYS */;
UNLOCK TABLES;

--
-- Table structure for table `ecs_group_goods`
--

DROP TABLE IF EXISTS `ecs_group_goods`;
/*!40101 SET @saved_cs_client     = @@character_set_client */;
/*!40101 SET character_set_client = utf8 */;
CREATE TABLE `ecs_group_goods` (
  `parent_id` mediumint(8) unsigned NOT NULL DEFAULT '0',
  `goods_id` mediumint(8) unsigned NOT NULL DEFAULT '0',
  `goods_price` decimal(10,2) unsigned NOT NULL DEFAULT '0.00',
  `admin_id` tinyint(3) unsigned NOT NULL DEFAULT '0',
  PRIMARY KEY (`parent_id`,`goods_id`,`admin_id`)
) ENGINE=MyISAM DEFAULT CHARSET=utf8;
/*!40101 SET character_set_client = @saved_cs_client */;

--
-- Dumping data for table `ecs_group_goods`
--

LOCK TABLES `ecs_group_goods` WRITE;
/*!40000 ALTER TABLE `ecs_group_goods` DISABLE KEYS */;
/*!40000 ALTER TABLE `ecs_group_goods` ENABLE KEYS */;
UNLOCK TABLES;

--
-- Table structure for table `ecs_keyword`
--

DROP TABLE IF EXISTS `ecs_keyword`;
/*!40101 SET @saved_cs_client     = @@character_set_client */;
/*!40101 SET character_set_client = utf8 */;
CREATE TABLE `ecs_keyword` (
  `w_id` bigint(20) unsigned NOT NULL AUTO_INCREMENT,
  `searchengine` varchar(20) NOT NULL DEFAULT '',
  `word` varchar(255) NOT NULL DEFAULT '',
  `keyword` varchar(255) NOT NULL DEFAULT '',
  `letter` varchar(255) NOT NULL DEFAULT '',
  `items` int(10) unsigned NOT NULL DEFAULT '0',
  `updatetime` int(10) unsigned NOT NULL DEFAULT '0',
  `total_search` int(10) unsigned NOT NULL DEFAULT '0',
  `month_search` int(10) unsigned NOT NULL DEFAULT '0',
  `week_search` int(10) unsigned NOT NULL DEFAULT '0',
  `today_search` int(10) unsigned NOT NULL DEFAULT '0',
  `status` tinyint(1) unsigned NOT NULL DEFAULT '0',
  `keyword_cat` varchar(255) NOT NULL,
  `keyword_cat_url` varchar(255) NOT NULL,
  `keyword_cat_count` int(10) unsigned NOT NULL DEFAULT '0',
  PRIMARY KEY (`w_id`),
  KEY `searchengine` (`searchengine`),
  KEY `word` (`word`),
  KEY `letter` (`letter`),
  KEY `keyword` (`keyword`)
) ENGINE=MyISAM AUTO_INCREMENT=6 DEFAULT CHARSET=utf8;
/*!40101 SET character_set_client = @saved_cs_client */;

--
-- Dumping data for table `ecs_keyword`
--

LOCK TABLES `ecs_keyword` WRITE;
/*!40000 ALTER TABLE `ecs_keyword` DISABLE KEYS */;
INSERT INTO `ecs_keyword` VALUES (1,'ecshop','三星','三星','sanxing',3,1437586690,1,1,1,1,1,'手机数码','search.php?category=4&keywords=三星',3),(2,'ecshop','女','女','nv',23,1437688209,3,3,3,3,1,'服装服饰','search.php?category=2&keywords=女',15),(3,'ecshop','小米','小米','xiaomi',2,1440115188,1,1,1,1,1,'手机数码','search.php?category=4&keywords=小米',2),(4,'ecshop','宾格','宾格','binge',1,1440115201,1,1,1,1,1,'食品生鲜','search.php?category=1&keywords=宾格',1),(5,'ecshop','手机','手机','shouji',25,1443926728,1,1,1,1,1,'手机数码','search.php?category=4&keywords=手机',25);
/*!40000 ALTER TABLE `ecs_keyword` ENABLE KEYS */;
UNLOCK TABLES;

--
-- Table structure for table `ecs_keyword_area`
--

DROP TABLE IF EXISTS `ecs_keyword_area`;
/*!40101 SET @saved_cs_client     = @@character_set_client */;
/*!40101 SET character_set_client = utf8 */;
CREATE TABLE `ecs_keyword_area` (
  `access_time` int(10) unsigned NOT NULL DEFAULT '0',
  `w_id` bigint(20) unsigned NOT NULL DEFAULT '0',
  `ip_address` varchar(15) NOT NULL DEFAULT '',
  `area` varchar(30) NOT NULL DEFAULT '',
  KEY `access_time` (`access_time`),
  KEY `w_id` (`w_id`)
) ENGINE=MyISAM DEFAULT CHARSET=utf8;
/*!40101 SET character_set_client = @saved_cs_client */;

--
-- Dumping data for table `ecs_keyword_area`
--

LOCK TABLES `ecs_keyword_area` WRITE;
/*!40000 ALTER TABLE `ecs_keyword_area` DISABLE KEYS */;
INSERT INTO `ecs_keyword_area` VALUES (1437586690,1,'192.168.1.189','LAN'),(1437688030,2,'192.168.1.162','LAN'),(1437688204,2,'192.168.1.162','LAN'),(1437688209,2,'192.168.1.162','LAN'),(1440115188,3,'192.168.1.152','LAN'),(1440115201,4,'192.168.1.152','LAN'),(1443926728,5,'112.94.196.123','LAN');
/*!40000 ALTER TABLE `ecs_keyword_area` ENABLE KEYS */;
UNLOCK TABLES;

--
-- Table structure for table `ecs_keywords`
--

DROP TABLE IF EXISTS `ecs_keywords`;
/*!40101 SET @saved_cs_client     = @@character_set_client */;
/*!40101 SET character_set_client = utf8 */;
CREATE TABLE `ecs_keywords` (
  `date` date NOT NULL DEFAULT '0000-00-00',
  `searchengine` varchar(20) NOT NULL DEFAULT '',
  `keyword` varchar(90) NOT NULL DEFAULT '',
  `count` mediumint(8) unsigned NOT NULL DEFAULT '0',
  PRIMARY KEY (`date`,`searchengine`,`keyword`)
) ENGINE=MyISAM DEFAULT CHARSET=utf8;
/*!40101 SET character_set_client = @saved_cs_client */;

--
-- Dumping data for table `ecs_keywords`
--

LOCK TABLES `ecs_keywords` WRITE;
/*!40000 ALTER TABLE `ecs_keywords` DISABLE KEYS */;
INSERT INTO `ecs_keywords` VALUES ('2015-09-30','ecshop','雅诗兰黛',2),('2015-09-30','ecshop','兰芝',1),('2015-09-30','ecshop','雅鹿',1),('2015-10-01','ecshop','连衣裙',1),('2015-10-04','ecshop','雅诗兰黛',1),('2015-10-05','ecshop','兰芝',1);
/*!40000 ALTER TABLE `ecs_keywords` ENABLE KEYS */;
UNLOCK TABLES;

--
-- Table structure for table `ecs_kuaidi_order`
--

DROP TABLE IF EXISTS `ecs_kuaidi_order`;
/*!40101 SET @saved_cs_client     = @@character_set_client */;
/*!40101 SET character_set_client = utf8 */;
CREATE TABLE `ecs_kuaidi_order` (
  `order_id` int(10) unsigned NOT NULL AUTO_INCREMENT,
  `order_sn` varchar(250) NOT NULL,
  `user_id` int(10) unsigned NOT NULL,
  `send_name` varchar(100) NOT NULL,
  `send_tel` varchar(50) NOT NULL,
  `send_region_id` smallint(5) unsigned NOT NULL DEFAULT '0',
  `send_address` varchar(150) NOT NULL,
  `to_name` varchar(100) NOT NULL,
  `to_tel` varchar(50) NOT NULL,
  `to_region_id` smallint(5) unsigned NOT NULL DEFAULT '0',
  `to_address` varchar(150) NOT NULL,
  `goods_weight` decimal(5,2) unsigned NOT NULL DEFAULT '0.00',
  `goods_type` tinyint(1) unsigned NOT NULL DEFAULT '1',
  `goods_name` varchar(200) NOT NULL,
  `package_num` int(5) unsigned NOT NULL,
  `start_time` int(10) unsigned NOT NULL,
  `end_time` int(10) unsigned NOT NULL,
  `money` decimal(5,2) unsigned NOT NULL DEFAULT '0.00',
  `remark` varchar(255) NOT NULL,
  `postman_id` smallint(5) unsigned NOT NULL DEFAULT '0',
  `order_status` tinyint(1) unsigned NOT NULL DEFAULT '1',
  `add_time` int(10) unsigned NOT NULL,
  `finish_time` int(10) unsigned NOT NULL,
  PRIMARY KEY (`order_id`)
) ENGINE=MyISAM DEFAULT CHARSET=utf8;
/*!40101 SET character_set_client = @saved_cs_client */;

--
-- Dumping data for table `ecs_kuaidi_order`
--

LOCK TABLES `ecs_kuaidi_order` WRITE;
/*!40000 ALTER TABLE `ecs_kuaidi_order` DISABLE KEYS */;
/*!40000 ALTER TABLE `ecs_kuaidi_order` ENABLE KEYS */;
UNLOCK TABLES;

--
-- Table structure for table `ecs_kuaidi_order_status`
--

DROP TABLE IF EXISTS `ecs_kuaidi_order_status`;
/*!40101 SET @saved_cs_client     = @@character_set_client */;
/*!40101 SET character_set_client = utf8 */;
CREATE TABLE `ecs_kuaidi_order_status` (
  `rec_id` smallint(5) unsigned NOT NULL AUTO_INCREMENT,
  `order_id` int(10) unsigned NOT NULL,
  `status_id` tinyint(1) unsigned NOT NULL DEFAULT '1',
  `status_name` varchar(50) NOT NULL DEFAULT '待确认',
  `status_type` tinyint(1) unsigned NOT NULL DEFAULT '0',
  `status_display` tinyint(1) unsigned NOT NULL DEFAULT '0',
  `status_time` int(11) NOT NULL DEFAULT '0',
  PRIMARY KEY (`rec_id`),
  KEY `order_id` (`order_id`)
) ENGINE=MyISAM DEFAULT CHARSET=utf8;
/*!40101 SET character_set_client = @saved_cs_client */;

--
-- Dumping data for table `ecs_kuaidi_order_status`
--

LOCK TABLES `ecs_kuaidi_order_status` WRITE;
/*!40000 ALTER TABLE `ecs_kuaidi_order_status` DISABLE KEYS */;
/*!40000 ALTER TABLE `ecs_kuaidi_order_status` ENABLE KEYS */;
UNLOCK TABLES;

--
-- Table structure for table `ecs_link_goods`
--

DROP TABLE IF EXISTS `ecs_link_goods`;
/*!40101 SET @saved_cs_client     = @@character_set_client */;
/*!40101 SET character_set_client = utf8 */;
CREATE TABLE `ecs_link_goods` (
  `goods_id` mediumint(8) unsigned NOT NULL DEFAULT '0',
  `link_goods_id` mediumint(8) unsigned NOT NULL DEFAULT '0',
  `is_double` tinyint(1) unsigned NOT NULL DEFAULT '0',
  `admin_id` tinyint(3) unsigned NOT NULL DEFAULT '0',
  PRIMARY KEY (`goods_id`,`link_goods_id`,`admin_id`)
) ENGINE=MyISAM DEFAULT CHARSET=utf8;
/*!40101 SET character_set_client = @saved_cs_client */;

--
-- Dumping data for table `ecs_link_goods`
--

LOCK TABLES `ecs_link_goods` WRITE;
/*!40000 ALTER TABLE `ecs_link_goods` DISABLE KEYS */;
INSERT INTO `ecs_link_goods` VALUES (225,232,1,1),(232,225,1,1),(226,232,1,1),(232,226,1,1),(227,232,1,1),(232,227,1,1),(228,232,1,1),(232,228,1,1),(229,232,1,1),(232,229,1,1),(230,232,1,1),(232,230,1,1),(231,232,1,1),(232,231,1,1),(140,53,0,1),(140,52,0,1),(140,32,0,1),(140,30,0,1),(140,27,0,1),(140,67,0,1),(140,63,0,1),(140,60,0,1),(223,222,0,1),(223,224,0,1);
/*!40000 ALTER TABLE `ecs_link_goods` ENABLE KEYS */;
UNLOCK TABLES;

--
-- Table structure for table `ecs_mail_templates`
--

DROP TABLE IF EXISTS `ecs_mail_templates`;
/*!40101 SET @saved_cs_client     = @@character_set_client */;
/*!40101 SET character_set_client = utf8 */;
CREATE TABLE `ecs_mail_templates` (
  `template_id` tinyint(1) unsigned NOT NULL AUTO_INCREMENT,
  `template_code` varchar(30) NOT NULL DEFAULT '',
  `is_html` tinyint(1) unsigned NOT NULL DEFAULT '0',
  `template_subject` varchar(200) NOT NULL DEFAULT '',
  `template_content` text NOT NULL,
  `last_modify` int(10) unsigned NOT NULL DEFAULT '0',
  `last_send` int(10) unsigned NOT NULL DEFAULT '0',
  `type` varchar(10) NOT NULL,
  PRIMARY KEY (`template_id`),
  UNIQUE KEY `template_code` (`template_code`),
  KEY `type` (`type`)
) ENGINE=MyISAM AUTO_INCREMENT=20 DEFAULT CHARSET=utf8;
/*!40101 SET character_set_client = @saved_cs_client */;

--
-- Dumping data for table `ecs_mail_templates`
--

LOCK TABLES `ecs_mail_templates` WRITE;
/*!40000 ALTER TABLE `ecs_mail_templates` DISABLE KEYS */;
INSERT INTO `ecs_mail_templates` VALUES (1,'send_password',1,'密码找回','{$user_name}您好！<br>\n<br>\n您已经进行了密码重置的操作，请点击以下链接(或者复制到您的浏览器):<br>\n<br>\n<a href=\"{$reset_email}\" target=\"_blank\">{$reset_email}</a><br>\n<br>\n以确认您的新密码重置操作！<br>\n<br>\n{$shop_name}<br>\n{$send_date}',1194824789,0,'template'),(2,'order_confirm',0,'订单确认通知','<p>亲爱的{$order.consignee}，你好！   我们已经收到您于 {$order.formated_add_time} 提交的订单，该订单编号为：{$order.order_sn} 请记住这个编号以便日后的查询。  {$shop_name} {$sent_date}</p>',1437522784,0,'template'),(3,'deliver_notice',1,'发货通知','亲爱的{$order.consignee}。你好！</br></br>\n\n您的订单{$order.order_sn}已于{$send_time}按照您预定的配送方式给您发货了。</br>\n</br>\n{if $order.invoice_no}发货单号是{$order.invoice_no}。</br>{/if}\n</br>\n在您收到货物之后请点击下面的链接确认您已经收到货物：</br>\n<a href=\"{$confirm_url}\" target=\"_blank\">{$confirm_url}</a></br></br>\n如果您还没有收到货物可以点击以下链接给我们留言：</br></br>\n<a href=\"{$send_msg_url}\" target=\"_blank\">{$send_msg_url}</a></br>\n<br>\n再次感谢您对我们的支持。欢迎您的再次光临。 <br>\n<br>\n{$shop_name} </br>\n{$send_date}',1194823291,0,'template'),(4,'order_cancel',0,'订单取消','亲爱的{$order.consignee}，你好！ \n\n您的编号为：{$order.order_sn}的订单已取消。\n\n{$shop_name}\n{$send_date}',1156491130,0,'template'),(5,'order_invalid',0,'订单无效','亲爱的{$order.consignee}，你好！\n\n您的编号为：{$order.order_sn}的订单无效。\n\n{$shop_name}\n{$send_date}',1156491164,0,'template'),(6,'send_bonus',0,'发红包','亲爱的{$user_name}您好！\n\n恭喜您获得了{$count}个红包，金额{if $count > 1}分别{/if}为{$money}\n\n{$shop_name}\n{$send_date}\n',1156491184,0,'template'),(7,'group_buy',1,'团购商品','亲爱的{$consignee}，您好！<br>\n<br>\n您于{$order_time}在本店参加团购商品活动，所购买的商品名称为：{$goods_name}，数量：{$goods_number}，订单号为：{$order_sn}，订单金额为：{$order_amount}<br>\n<br>\n此团购商品现在已到结束日期，并达到最低价格，您现在可以对该订单付款。<br>\n<br>\n请点击下面的链接：<br>\n<a href=\"{$shop_url}\" target=\"_blank\">{$shop_url}</a><br>\n<br>\n请尽快登录到用户中心，查看您的订单详情信息。 <br>\n<br>\n{$shop_name} <br>\n<br>\n{$send_date}',1194824668,0,'template'),(8,'register_validate',1,'邮件验证','{$user_name}您好！<br><br>\r\n\r\n这封邮件是 {$shop_name} 发送的。你收到这封邮件是为了验证你注册邮件地址是否有效。如果您已经通过验证了，请忽略这封邮件。<br>\r\n请点击以下链接(或者复制到您的浏览器)来验证你的邮件地址:<br>\r\n<a href=\"{$validate_email}\" target=\"_blank\">{$validate_email}</a><br><br>\r\n\r\n{$shop_name}<br>\r\n{$send_date}',1162201031,0,'template'),(9,'virtual_card',0,'虚拟卡片','亲爱的{$order.consignee}\r\n你好！您的订单{$order.order_sn}中{$goods.goods_name} 商品的详细信息如下:\r\n{foreach from=$virtual_card item=card}\r\n{if $card.card_sn}卡号：{$card.card_sn}{/if}{if $card.card_password}卡片密码：{$card.card_password}{/if}{if $card.end_date}截至日期：{$card.end_date}{/if}\r\n{/foreach}\r\n再次感谢您对我们的支持。欢迎您的再次光临。\r\n\r\n{$shop_name} \r\n{$send_date}',1162201031,0,'template'),(10,'attention_list',0,'关注商品','亲爱的{$user_name}您好~\n\n您关注的商品 : {$goods_name} 最近已经更新,请您查看最新的商品信息\n\n{$goods_url}\r\n\r\n{$shop_name} \r\n{$send_date}',1183851073,0,'template'),(11,'remind_of_new_order',0,'新订单通知','亲爱的店长，您好：\n   快来看看吧，又有新订单了。\n    订单号:{$order.order_sn} \n 订单金额:{$order.order_amount}，\n 用户购买商品:{foreach from=$goods_list item=goods_data}{$goods_data.goods_name}(货号:{$goods_data.goods_sn})    {/foreach} \n\n 收货人:{$order.consignee}， \n 收货人地址:{$order.address}，\n 收货人电话:{$order.tel} {$order.mobile}, \n 配送方式:{$order.shipping_name}(费用:{$order.shipping_fee}), \n 付款方式:{$order.pay_name}(费用:{$order.pay_fee})。\n\n               系统提醒\n               {$send_date}',1196239170,0,'template'),(12,'goods_booking',1,'缺货回复','亲爱的{$user_name}。你好！</br></br>{$dispose_note}</br></br>您提交的缺货商品链接为</br></br><a href=\"{$goods_link}\" target=\"_blank\">{$goods_name}</a></br><br>{$shop_name} </br>{$send_date}',0,0,'template'),(13,'user_message',1,'留言回复','亲爱的{$user_name}。你好！</br></br>对您的留言：</br>{$message_content}</br></br>店主作了如下回复：</br>{$message_note}</br></br>您可以随时回到店中和店主继续沟通。</br>{$shop_name}</br>{$send_date}',0,0,'template'),(14,'recomment',1,'用户评论回复','亲爱的{$user_name}。你好！</br></br>对您的评论：</br>“{$comment}”</br></br>店主作了如下回复：</br>“{$recomment}”</br></br>您可以随时回到店中和店主继续沟通。</br>{$shop_name}</br>{$send_date}',0,0,'template'),(15,'verify_mail',0,'验证邮箱','尊敬的{$user_name}您好！\r\n您于 {$send_date} 申请修改邮箱，点击以下链接，即可进行修改为保障您的帐户安全，请在24小时内点击该链接，您也可以将链接复制到浏览器地址栏访问 \r\n{$email} <br>\r\n{$shop_name}\r\n{$send_date}',1228373714,0,'template'),(16,'ch_email',0,'验证邮箱','尊敬的{$user_name}您好！<br><br>\r\n您于 {$send_date} 验证邮箱，点击以下链接，即可进行验证\r\n<br>为保障您的帐户安全，请在24小时内点击该链接，您也可以将链接复制到浏览器地址栏访问 {$email} <br>\r\n{$shop_name}<br>{$send_date}',1228373714,0,'template'),(17,'reset_surplus_password',1,'重置余额支付密码','亲爱的{$user_name}，您好！<br>\r\n<br>\r\n您已经进行了重置余额密码的操作，请点击以下链接(如果不能点击，请将它复制到您的浏览器并打开):<br>\r\n<br>\r\n<a href=\"{$reset_link}\">{$reset_link}</a><br>\r\n<br>\r\n以确认您的新余额支付密码重置操作！<br>\r\n<br>\r\n{$shop_name}<br>\r\n{$send_date}',0,0,'template'),(18,'reg_email_code',1,'注册验证','<div id=\"qm_con_body\">\r\n<div style=\"\" id=\"mailContentContainer\" class=\"qmbox qm_con_body_content\">\r\n<p style=\"margin:0px;padding:0px;\"><strong style=\"font-size:14px;line-height:24px;color:#333333;font-family:arial,sans-serif;\">亲爱的用户：</strong></p>\r\n<p style=\"margin:0px;padding:0px;line-height:24px;font-size:12px;color:#333333;font-family:\'宋体\',arial,sans-serif;\"><span style=\"font-size: larger;\">您好！</span></p>\r\n<p style=\"margin:0px;padding:0px;line-height:24px;font-size:12px;color:#333333;font-family:\'宋体\',arial,sans-serif;\"><span style=\"font-size: larger;\">非常</span><span style=\"font-size: larger;\">感谢您</span><span style=\"font-size: larger;\">进行注册</span><span style=\"font-size: larger;\">。您当前正在进行邮箱注册验证，请在注册页面的邮箱验证码输入框中输入此次验证码：</span></p>\r\n<p style=\"margin:0px;padding:0px;line-height:24px;font-size:12px;color:#333333;font-family:\'宋体\',arial,sans-serif;\"><span style=\"color: rgb(51, 102, 255);\"><span style=\"font-size: larger;\">{$email_code}</span></span><span style=\"font-size: larger;\"> </span><span style=\"font-size: larger;\">验证码的有效时间为30分钟，请在有效时间内以完成验证。</span></p>\r\n<p style=\"margin:0px;padding:0px;line-height:24px;font-size:12px;color:#333333;font-family:\'宋体\',arial,sans-serif;\"><span style=\"font-size: larger;\">如非本人操作，请忽略此邮件，由此给您带来的不便请谅解！</span><span style=\"font-size: medium;\"> </span></p>\r\n<p>{$shop_name}<br />\r\n<span style=\"border-bottom:1px dashed #ccc;\">{$send_date}</span></p>\r\n</div>\r\n</div>',1438733789,0,'template'),(19,'email_validate',1,'邮箱验证申请','<div id=\"qm_con_body\">\r\n<div class=\"qmbox qm_con_body_content\" id=\"mailContentContainer\" style=\"\">\r\n<p style=\"margin:0px;padding:0px;\"><strong style=\"font-size:14px;line-height:24px;color:#333333;font-family:arial,sans-serif;\">亲爱的用户：</strong></p>\r\n<p style=\"margin:0px;padding:0px;line-height:24px;font-size:12px;color:#333333;font-family:\'宋体\',arial,sans-serif;\"><span style=\"font-size: larger;\">您好！</span><span style=\"font-size: larger;\"><br />\r\n</span></p>\r\n<p style=\"margin:0px;padding:0px;line-height:24px;font-size:12px;color:#333333;font-family:\'宋体\',arial,sans-serif;\"><span style=\"font-size: larger;\">您当前正在进行邮箱身份验证，请在页面的邮箱验证码输入框中输入此次验证码：</span></p>\r\n<p style=\"margin:0px;padding:0px;line-height:24px;font-size:12px;color:#333333;font-family:\'宋体\',arial,sans-serif;\"><span style=\"color: rgb(51, 102, 255);\"><span style=\"font-size: larger;\"><span style=\"border-bottom: 1px dashed rgb(204, 204, 204); z-index: 1;\">{$email_code}</span></span></span><span style=\"font-size: larger;\"> </span><span style=\"font-size: larger;\">验证码的有效时间为30分钟，请在有效时间内完成验证。</span></p>\r\n<p style=\"margin:0px;padding:0px;line-height:24px;font-size:12px;color:#333333;font-family:\'宋体\',arial,sans-serif;\"><span style=\"font-size: larger;\">如非本人操作，请忽略此邮件，由此给您带来的不便请谅解！</span><span style=\"font-size: medium;\"> </span></p>\r\n<p>{$shop_name}<br />\r\n<span style=\"border-bottom:1px dashed #ccc;\">{$send_date}</span></p>\r\n</div>\r\n</div>',1438746507,0,'template');
/*!40000 ALTER TABLE `ecs_mail_templates` ENABLE KEYS */;
UNLOCK TABLES;

--
-- Table structure for table `ecs_member_price`
--

DROP TABLE IF EXISTS `ecs_member_price`;
/*!40101 SET @saved_cs_client     = @@character_set_client */;
/*!40101 SET character_set_client = utf8 */;
CREATE TABLE `ecs_member_price` (
  `price_id` mediumint(8) unsigned NOT NULL AUTO_INCREMENT,
  `goods_id` mediumint(8) unsigned NOT NULL DEFAULT '0',
  `user_rank` tinyint(3) NOT NULL DEFAULT '0',
  `user_price` decimal(10,2) NOT NULL DEFAULT '0.00',
  PRIMARY KEY (`price_id`),
  KEY `goods_id` (`goods_id`,`user_rank`)
) ENGINE=MyISAM DEFAULT CHARSET=utf8;
/*!40101 SET character_set_client = @saved_cs_client */;

--
-- Dumping data for table `ecs_member_price`
--

LOCK TABLES `ecs_member_price` WRITE;
/*!40000 ALTER TABLE `ecs_member_price` DISABLE KEYS */;
/*!40000 ALTER TABLE `ecs_member_price` ENABLE KEYS */;
UNLOCK TABLES;

--
-- Table structure for table `ecs_nav`
--

DROP TABLE IF EXISTS `ecs_nav`;
/*!40101 SET @saved_cs_client     = @@character_set_client */;
/*!40101 SET character_set_client = utf8 */;
CREATE TABLE `ecs_nav` (
  `id` mediumint(8) NOT NULL AUTO_INCREMENT,
  `ctype` varchar(10) DEFAULT NULL,
  `cid` smallint(5) unsigned DEFAULT NULL,
  `name` varchar(255) NOT NULL,
  `ifshow` tinyint(1) NOT NULL,
  `vieworder` tinyint(1) NOT NULL,
  `opennew` tinyint(1) NOT NULL,
  `url` varchar(255) NOT NULL,
  `type` varchar(10) NOT NULL,
  PRIMARY KEY (`id`),
  KEY `type` (`type`),
  KEY `ifshow` (`ifshow`)
) ENGINE=MyISAM AUTO_INCREMENT=33 DEFAULT CHARSET=utf8;
/*!40101 SET character_set_client = @saved_cs_client */;

--
-- Dumping data for table `ecs_nav`
--

LOCK TABLES `ecs_nav` WRITE;
/*!40000 ALTER TABLE `ecs_nav` DISABLE KEYS */;
INSERT INTO `ecs_nav` VALUES (1,'',0,'店铺街',0,3,0,'stores.php','middle'),(2,'',0,'预售',0,7,0,'pre_sale.php','middle'),(3,'',0,'艺术品',1,9,0,'/','middle'),(4,'',0,'团购',0,5,0,'pro_search.php?intro=promotion','middle'),(5,'',0,'名人堂',1,20,0,'/','middle'),(6,'',0,'礼包',0,11,0,'package.php','middle'),(7,'',0,'积分商城',0,13,0,'exchange.php','middle'),(9,'',0,'智能扫货',0,15,0,'scan.php','middle'),(11,'',0,'资讯',0,17,0,'article_list.php','middle'),(14,'',0,'优惠活动',0,14,0,'activity.php','middle'),(15,'',0,'关于我们',1,1,1,'article.php?id=131','bottom'),(16,'',0,'联系我们',1,2,1,'article.php?id=132','bottom'),(17,'',0,'申请送拍',1,3,0,'/','bottom'),(23,'a',8,'新手指南',1,9,0,'article_cat.php?id=8','bottom'),(24,'a',5,'客户服务',1,10,0,'article_cat.php?id=5','bottom'),(25,'',0,'限时拍',1,19,0,'auction.php','middle'),(27,NULL,NULL,'预展·历史',1,21,0,'/','middle'),(28,'a',5,'客户服务 ',1,24,0,'article_cat.php?id=5','top'),(29,'a',9,'支付帮助',1,25,0,'article_cat.php?id=9','bottom'),(30,'a',10,'拍卖保障',1,27,0,'article_cat.php?id=10','bottom'),(31,'a',9,'支付帮助',1,25,0,'article_cat.php?id=9','top'),(32,'a',8,'新手指南',1,23,0,'article_cat.php?id=8','top');
/*!40000 ALTER TABLE `ecs_nav` ENABLE KEYS */;
UNLOCK TABLES;

--
-- Table structure for table `ecs_order_action`
--

DROP TABLE IF EXISTS `ecs_order_action`;
/*!40101 SET @saved_cs_client     = @@character_set_client */;
/*!40101 SET character_set_client = utf8 */;
CREATE TABLE `ecs_order_action` (
  `action_id` mediumint(8) unsigned NOT NULL AUTO_INCREMENT,
  `order_id` mediumint(8) unsigned NOT NULL DEFAULT '0',
  `action_user` varchar(30) NOT NULL DEFAULT '',
  `order_status` tinyint(1) unsigned NOT NULL DEFAULT '0',
  `shipping_status` tinyint(1) unsigned NOT NULL DEFAULT '0',
  `pay_status` tinyint(1) unsigned NOT NULL DEFAULT '0',
  `action_place` tinyint(1) unsigned NOT NULL DEFAULT '0',
  `action_note` varchar(255) NOT NULL DEFAULT '',
  `log_time` int(11) unsigned NOT NULL DEFAULT '0',
  PRIMARY KEY (`action_id`),
  KEY `order_id` (`order_id`)
) ENGINE=MyISAM DEFAULT CHARSET=utf8;
/*!40101 SET character_set_client = @saved_cs_client */;

--
-- Dumping data for table `ecs_order_action`
--

LOCK TABLES `ecs_order_action` WRITE;
/*!40000 ALTER TABLE `ecs_order_action` DISABLE KEYS */;
/*!40000 ALTER TABLE `ecs_order_action` ENABLE KEYS */;
UNLOCK TABLES;

--
-- Table structure for table `ecs_order_goods`
--

DROP TABLE IF EXISTS `ecs_order_goods`;
/*!40101 SET @saved_cs_client     = @@character_set_client */;
/*!40101 SET character_set_client = utf8 */;
CREATE TABLE `ecs_order_goods` (
  `rec_id` mediumint(8) unsigned NOT NULL AUTO_INCREMENT,
  `order_id` mediumint(8) unsigned NOT NULL DEFAULT '0',
  `goods_id` mediumint(8) unsigned NOT NULL DEFAULT '0',
  `goods_name` varchar(120) NOT NULL DEFAULT '',
  `goods_sn` varchar(60) NOT NULL DEFAULT '',
  `product_id` mediumint(8) unsigned NOT NULL DEFAULT '0',
  `goods_number` smallint(5) unsigned NOT NULL DEFAULT '1',
  `market_price` decimal(10,2) NOT NULL DEFAULT '0.00',
  `goods_price` decimal(10,2) NOT NULL DEFAULT '0.00',
  `goods_attr` text NOT NULL,
  `send_number` smallint(5) unsigned NOT NULL DEFAULT '0',
  `is_real` tinyint(1) unsigned NOT NULL DEFAULT '0',
  `extension_code` varchar(30) NOT NULL DEFAULT '',
  `parent_id` mediumint(8) unsigned NOT NULL DEFAULT '0',
  `is_gift` smallint(5) unsigned NOT NULL DEFAULT '0',
  `goods_attr_id` varchar(255) NOT NULL DEFAULT '',
  `comment_state` tinyint(1) NOT NULL DEFAULT '0',
  `shaidan_state` tinyint(1) NOT NULL DEFAULT '0',
  `package_attr_id` varchar(100) NOT NULL,
  `is_back` tinyint(1) NOT NULL DEFAULT '0',
  `cost_price` decimal(10,2) NOT NULL DEFAULT '0.00',
  `promote_price` decimal(10,2) NOT NULL DEFAULT '0.00',
  PRIMARY KEY (`rec_id`),
  KEY `order_id` (`order_id`),
  KEY `goods_id` (`goods_id`)
) ENGINE=MyISAM DEFAULT CHARSET=utf8;
/*!40101 SET character_set_client = @saved_cs_client */;

--
-- Dumping data for table `ecs_order_goods`
--

LOCK TABLES `ecs_order_goods` WRITE;
/*!40000 ALTER TABLE `ecs_order_goods` DISABLE KEYS */;
/*!40000 ALTER TABLE `ecs_order_goods` ENABLE KEYS */;
UNLOCK TABLES;

--
-- Table structure for table `ecs_order_info`
--

DROP TABLE IF EXISTS `ecs_order_info`;
/*!40101 SET @saved_cs_client     = @@character_set_client */;
/*!40101 SET character_set_client = utf8 */;
CREATE TABLE `ecs_order_info` (
  `order_id` mediumint(8) unsigned NOT NULL AUTO_INCREMENT,
  `order_sn` varchar(20) NOT NULL DEFAULT '',
  `user_id` mediumint(8) unsigned NOT NULL DEFAULT '0',
  `order_status` tinyint(1) unsigned NOT NULL DEFAULT '0',
  `shipping_status` tinyint(1) unsigned NOT NULL DEFAULT '0',
  `pay_status` tinyint(1) unsigned NOT NULL DEFAULT '0',
  `consignee` varchar(60) NOT NULL DEFAULT '',
  `country` smallint(5) unsigned NOT NULL DEFAULT '0',
  `province` smallint(5) unsigned NOT NULL DEFAULT '0',
  `city` smallint(5) unsigned NOT NULL DEFAULT '0',
  `district` smallint(5) unsigned NOT NULL DEFAULT '0',
  `address` varchar(255) NOT NULL DEFAULT '',
  `zipcode` varchar(60) NOT NULL DEFAULT '',
  `tel` varchar(60) NOT NULL DEFAULT '',
  `mobile` varchar(60) NOT NULL DEFAULT '',
  `email` varchar(60) NOT NULL DEFAULT '',
  `best_time` varchar(120) NOT NULL DEFAULT '',
  `sign_building` varchar(120) NOT NULL DEFAULT '',
  `postscript` varchar(255) NOT NULL DEFAULT '',
  `shipping_id` tinyint(3) NOT NULL DEFAULT '0',
  `shipping_name` varchar(120) NOT NULL DEFAULT '',
  `pay_id` tinyint(3) NOT NULL DEFAULT '0',
  `pay_name` varchar(120) NOT NULL DEFAULT '',
  `defaultbank` varchar(20) NOT NULL COMMENT '银行',
  `how_oos` varchar(120) NOT NULL DEFAULT '',
  `how_surplus` varchar(120) NOT NULL DEFAULT '',
  `pack_name` varchar(120) NOT NULL DEFAULT '',
  `card_name` varchar(120) NOT NULL DEFAULT '',
  `card_message` varchar(255) NOT NULL DEFAULT '',
  `inv_payee` varchar(120) NOT NULL DEFAULT '',
  `inv_content` varchar(120) NOT NULL DEFAULT '',
  `goods_amount` decimal(10,2) NOT NULL DEFAULT '0.00',
  `shipping_fee` decimal(10,2) NOT NULL DEFAULT '0.00',
  `insure_fee` decimal(10,2) NOT NULL DEFAULT '0.00',
  `pay_fee` decimal(10,2) NOT NULL DEFAULT '0.00',
  `pack_fee` decimal(10,2) NOT NULL DEFAULT '0.00',
  `card_fee` decimal(10,2) NOT NULL DEFAULT '0.00',
  `money_paid` decimal(10,2) NOT NULL DEFAULT '0.00',
  `surplus` decimal(10,2) NOT NULL DEFAULT '0.00',
  `integral` int(10) unsigned NOT NULL DEFAULT '0',
  `integral_money` decimal(10,2) NOT NULL DEFAULT '0.00',
  `bonus` decimal(10,2) NOT NULL DEFAULT '0.00',
  `order_amount` decimal(10,2) NOT NULL DEFAULT '0.00',
  `from_ad` smallint(5) NOT NULL DEFAULT '0',
  `referer` varchar(255) NOT NULL DEFAULT '',
  `add_time` int(10) unsigned NOT NULL DEFAULT '0',
  `confirm_time` int(10) unsigned NOT NULL DEFAULT '0',
  `pay_time` int(10) unsigned NOT NULL DEFAULT '0',
  `shipping_time` int(10) unsigned NOT NULL DEFAULT '0',
  `pack_id` tinyint(3) unsigned NOT NULL DEFAULT '0',
  `card_id` tinyint(3) unsigned NOT NULL DEFAULT '0',
  `bonus_id` mediumint(8) unsigned NOT NULL DEFAULT '0',
  `invoice_no` varchar(255) NOT NULL DEFAULT '',
  `extension_code` varchar(30) NOT NULL DEFAULT '',
  `extension_id` mediumint(8) unsigned NOT NULL DEFAULT '0',
  `to_buyer` varchar(255) NOT NULL DEFAULT '',
  `pay_note` varchar(255) NOT NULL DEFAULT '',
  `agency_id` smallint(5) unsigned NOT NULL,
  `inv_type` varchar(60) NOT NULL,
  `tax` decimal(10,2) NOT NULL,
  `is_separate` tinyint(1) NOT NULL DEFAULT '0',
  `parent_id` mediumint(8) unsigned NOT NULL DEFAULT '0',
  `discount` decimal(10,2) NOT NULL,
  `supplier_id` int(10) unsigned NOT NULL DEFAULT '0',
  `parent_order_id` int(10) unsigned NOT NULL DEFAULT '0',
  `rebate_id` int(10) unsigned NOT NULL DEFAULT '0',
  `rebate_ispay` tinyint(2) unsigned NOT NULL DEFAULT '1' COMMENT '是否订单已经返佣(2:已返,1:未返)',
  `tb_nick` varchar(50) NOT NULL COMMENT '淘宝昵称',
  `froms` char(10) NOT NULL DEFAULT 'pc' COMMENT 'pc:电脑,mobile:手机,app:应用',
  `is_pickup` tinyint(1) NOT NULL,
  `pickup_point` int(11) NOT NULL,
  `vat_inv_company_name` varchar(60) DEFAULT NULL COMMENT '增值税发票单位名称',
  `vat_inv_taxpayer_id` varchar(20) DEFAULT NULL COMMENT '增值税发票纳税人识别号',
  `vat_inv_registration_address` varchar(120) DEFAULT NULL COMMENT '增值税发票注册地址',
  `vat_inv_registration_phone` varchar(60) DEFAULT NULL COMMENT '增值税发票注册电话',
  `vat_inv_deposit_bank` varchar(120) DEFAULT NULL COMMENT '增值税发票开户银行',
  `vat_inv_bank_account` varchar(30) DEFAULT NULL COMMENT '增值税发票银行账户',
  `inv_consignee_name` varchar(60) DEFAULT NULL COMMENT '收票人姓名',
  `inv_consignee_phone` varchar(60) DEFAULT NULL COMMENT '收票人手机',
  `inv_consignee_country` smallint(5) DEFAULT '1' COMMENT '收票人国家',
  `inv_consignee_province` smallint(5) DEFAULT NULL COMMENT '收票人省',
  `inv_consignee_city` smallint(5) DEFAULT NULL COMMENT '收票人市',
  `inv_consignee_district` smallint(5) DEFAULT NULL COMMENT '收票人县/区',
  `inv_consignee_address` varchar(120) DEFAULT NULL COMMENT '收票人详细地址',
  `inv_status` varchar(20) NOT NULL DEFAULT 'unprovided ' COMMENT '发票出票状态',
  `inv_remark` text COMMENT '发票备注',
  `inv_money` decimal(10,2) DEFAULT '0.00' COMMENT '发票金额',
  `inv_payee_type` varchar(20) DEFAULT NULL COMMENT '发票抬头类型',
  `shipping_time_end` int(10) unsigned NOT NULL DEFAULT '0',
  PRIMARY KEY (`order_id`),
  UNIQUE KEY `order_sn` (`order_sn`),
  KEY `user_id` (`user_id`),
  KEY `order_status` (`order_status`),
  KEY `shipping_status` (`shipping_status`),
  KEY `pay_status` (`pay_status`),
  KEY `shipping_id` (`shipping_id`),
  KEY `pay_id` (`pay_id`),
  KEY `extension_code` (`extension_code`,`extension_id`),
  KEY `agency_id` (`agency_id`),
  KEY `supplier_id` (`supplier_id`),
  KEY `rebate` (`rebate_id`,`rebate_ispay`)
) ENGINE=MyISAM AUTO_INCREMENT=4 DEFAULT CHARSET=utf8;
/*!40101 SET character_set_client = @saved_cs_client */;

--
-- Dumping data for table `ecs_order_info`
--

LOCK TABLES `ecs_order_info` WRITE;
/*!40000 ALTER TABLE `ecs_order_info` DISABLE KEYS */;
INSERT INTO `ecs_order_info` VALUES (3,'2015100141642',0,0,0,0,'',0,0,0,0,'','','','','','','','',0,'',0,'','','','','','','','','',0.00,0.00,0.00,0.00,0.00,0.00,0.00,0.00,0,0.00,0.00,0.00,0,'',0,0,0,0,0,0,0,'','',0,'','',0,'',0.00,0,0,0.00,0,0,0,1,'','pc',0,0,'','','','','','','','',1,0,0,0,'','unprovided ','',0.00,'',0);
/*!40000 ALTER TABLE `ecs_order_info` ENABLE KEYS */;
UNLOCK TABLES;

--
-- Table structure for table `ecs_pack`
--

DROP TABLE IF EXISTS `ecs_pack`;
/*!40101 SET @saved_cs_client     = @@character_set_client */;
/*!40101 SET character_set_client = utf8 */;
CREATE TABLE `ecs_pack` (
  `pack_id` tinyint(3) unsigned NOT NULL AUTO_INCREMENT,
  `pack_name` varchar(120) NOT NULL DEFAULT '',
  `pack_img` varchar(255) NOT NULL DEFAULT '',
  `pack_fee` decimal(6,2) unsigned NOT NULL DEFAULT '0.00',
  `free_money` smallint(5) unsigned NOT NULL DEFAULT '0',
  `pack_desc` varchar(255) NOT NULL DEFAULT '',
  PRIMARY KEY (`pack_id`)
) ENGINE=MyISAM DEFAULT CHARSET=utf8;
/*!40101 SET character_set_client = @saved_cs_client */;

--
-- Dumping data for table `ecs_pack`
--

LOCK TABLES `ecs_pack` WRITE;
/*!40000 ALTER TABLE `ecs_pack` DISABLE KEYS */;
/*!40000 ALTER TABLE `ecs_pack` ENABLE KEYS */;
UNLOCK TABLES;

--
-- Table structure for table `ecs_package_goods`
--

DROP TABLE IF EXISTS `ecs_package_goods`;
/*!40101 SET @saved_cs_client     = @@character_set_client */;
/*!40101 SET character_set_client = utf8 */;
CREATE TABLE `ecs_package_goods` (
  `package_id` mediumint(8) unsigned NOT NULL DEFAULT '0',
  `goods_id` mediumint(8) unsigned NOT NULL DEFAULT '0',
  `product_id` mediumint(8) unsigned NOT NULL DEFAULT '0',
  `goods_number` smallint(5) unsigned NOT NULL DEFAULT '1',
  `admin_id` tinyint(3) unsigned NOT NULL DEFAULT '0',
  PRIMARY KEY (`package_id`,`goods_id`,`admin_id`,`product_id`)
) ENGINE=MyISAM DEFAULT CHARSET=utf8;
/*!40101 SET character_set_client = @saved_cs_client */;

--
-- Dumping data for table `ecs_package_goods`
--

LOCK TABLES `ecs_package_goods` WRITE;
/*!40000 ALTER TABLE `ecs_package_goods` DISABLE KEYS */;
INSERT INTO `ecs_package_goods` VALUES (3,219,0,1,1),(3,218,0,1,1),(3,216,0,1,1),(3,221,0,1,1),(3,150,0,1,1),(14,231,0,1,1),(14,230,0,1,1),(13,127,0,1,1),(13,117,0,1,1),(13,112,0,1,1),(13,106,0,1,1),(8,122,0,1,1),(8,91,0,1,1),(13,110,0,1,1),(8,86,0,1,1),(8,123,0,1,1),(8,125,0,1,1),(4,197,0,1,1),(4,185,0,1,1),(4,192,0,1,1),(4,199,0,1,1),(4,147,32,1,1),(14,229,0,1,1),(14,225,0,1,1),(14,232,0,1,1);
/*!40000 ALTER TABLE `ecs_package_goods` ENABLE KEYS */;
UNLOCK TABLES;

--
-- Table structure for table `ecs_pay_log`
--

DROP TABLE IF EXISTS `ecs_pay_log`;
/*!40101 SET @saved_cs_client     = @@character_set_client */;
/*!40101 SET character_set_client = utf8 */;
CREATE TABLE `ecs_pay_log` (
  `log_id` int(10) unsigned NOT NULL AUTO_INCREMENT,
  `order_id` mediumint(8) unsigned NOT NULL DEFAULT '0',
  `order_amount` decimal(10,2) unsigned NOT NULL,
  `order_type` tinyint(1) unsigned NOT NULL DEFAULT '0',
  `is_paid` tinyint(1) unsigned NOT NULL DEFAULT '0',
  PRIMARY KEY (`log_id`)
) ENGINE=MyISAM AUTO_INCREMENT=13 DEFAULT CHARSET=utf8;
/*!40101 SET character_set_client = @saved_cs_client */;

--
-- Dumping data for table `ecs_pay_log`
--

LOCK TABLES `ecs_pay_log` WRITE;
/*!40000 ALTER TABLE `ecs_pay_log` DISABLE KEYS */;
INSERT INTO `ecs_pay_log` VALUES (1,1,200.00,1,0),(2,142,334.90,0,0),(3,143,494.00,0,0),(4,144,74.00,0,0),(5,141,902.90,0,0),(6,1,48.00,0,0),(7,2,3024.00,0,0),(8,5,143.00,0,0),(9,6,173.00,0,0),(10,4,316.00,0,0),(11,7,50.00,0,0),(12,8,0.00,0,0);
/*!40000 ALTER TABLE `ecs_pay_log` ENABLE KEYS */;
UNLOCK TABLES;

--
-- Table structure for table `ecs_payment`
--

DROP TABLE IF EXISTS `ecs_payment`;
/*!40101 SET @saved_cs_client     = @@character_set_client */;
/*!40101 SET character_set_client = utf8 */;
CREATE TABLE `ecs_payment` (
  `pay_id` tinyint(3) unsigned NOT NULL AUTO_INCREMENT,
  `pay_code` varchar(20) NOT NULL DEFAULT '',
  `pay_name` varchar(120) NOT NULL DEFAULT '',
  `pay_fee` varchar(10) NOT NULL DEFAULT '0',
  `pay_desc` text NOT NULL,
  `pay_order` tinyint(3) unsigned NOT NULL DEFAULT '0',
  `pay_config` text NOT NULL,
  `enabled` tinyint(1) unsigned NOT NULL DEFAULT '0',
  `is_cod` tinyint(1) unsigned NOT NULL DEFAULT '0',
  `is_online` tinyint(1) unsigned NOT NULL DEFAULT '0',
  `is_pickup` tinyint(1) NOT NULL,
  PRIMARY KEY (`pay_id`),
  UNIQUE KEY `pay_code` (`pay_code`)
) ENGINE=MyISAM AUTO_INCREMENT=9 DEFAULT CHARSET=utf8;
/*!40101 SET character_set_client = @saved_cs_client */;

--
-- Dumping data for table `ecs_payment`
--

LOCK TABLES `ecs_payment` WRITE;
/*!40000 ALTER TABLE `ecs_payment` DISABLE KEYS */;
INSERT INTO `ecs_payment` VALUES (1,'alipay','支付宝','0','支付宝网站(www.alipay.com) 是国内先进的网上支付平台。<br/>支付宝收款接口：在线即可开通，<font color=\"red\"><b>零预付，免年费</b></font>，单笔阶梯费率，无流量限制。<br/><a href=\"http://cloud.ecshop.com/payment_apply.php?mod=alipay\" target=\"_blank\"><font color=\"red\">立即在线申请</font></a>',0,'a:4:{i:0;a:3:{s:4:\"name\";s:14:\"alipay_account\";s:4:\"type\";s:4:\"text\";s:5:\"value\";s:0:\"\";}i:1;a:3:{s:4:\"name\";s:10:\"alipay_key\";s:4:\"type\";s:4:\"text\";s:5:\"value\";s:0:\"\";}i:2;a:3:{s:4:\"name\";s:14:\"alipay_partner\";s:4:\"type\";s:4:\"text\";s:5:\"value\";s:0:\"\";}i:3;a:3:{s:4:\"name\";s:17:\"alipay_pay_method\";s:4:\"type\";s:6:\"select\";s:5:\"value\";s:1:\"0\";}}',1,0,1,0),(2,'tenpay','<font color=\"#FF0000\">财付通</font>','0','<b>财付通（www.tenpay.com） - 腾讯旗下在线支付平台，通过国家权威安全认证，支持各大银行网上支付，免支付手续费。</b><br /><a href=\"http://cloud.ecshop.com/payment_apply.php?mod=tenpay&par=1202822001\" target=\"_blank\">立即免费申请：单笔费率1%</a><br /><a href=\"http://cloud.ecshop.com/payment_apply.php?mod=tenpay&par=1442037873\" target=\"_blank\">立即购买包量套餐：折算后单笔费率0.6-1%</a>',0,'a:3:{i:0;a:3:{s:4:\"name\";s:14:\"tenpay_account\";s:4:\"type\";s:4:\"text\";s:5:\"value\";s:0:\"\";}i:1;a:3:{s:4:\"name\";s:10:\"tenpay_key\";s:4:\"type\";s:4:\"text\";s:5:\"value\";s:0:\"\";}i:2;a:3:{s:4:\"name\";s:12:\"magic_string\";s:4:\"type\";s:4:\"text\";s:5:\"value\";s:0:\"\";}}',0,0,1,0),(3,'alipay_bank','支付宝-网银直连','0','支付宝网站(www.alipay.com) 是国内先进的网上支付平台。<br/>支付宝收款接口：在线即可开通，<font color=\"red\"><b>零预付，免年费</b></font>，单笔阶梯费率，无流量限制。<br/><a href=\"http://cloud.ecshop.com/payment_apply.php?mod=alipay\" target=\"_blank\"><font color=\"red\">立即在线申请</font></a>',0,'a:3:{i:0;a:3:{s:4:\"name\";s:22:\"alipay_account_www_com\";s:4:\"type\";s:4:\"text\";s:5:\"value\";s:0:\"\";}i:1;a:3:{s:4:\"name\";s:18:\"alipay_key_www_com\";s:4:\"type\";s:4:\"text\";s:5:\"value\";s:0:\"\";}i:2;a:3:{s:4:\"name\";s:22:\"alipay_partner_www_com\";s:4:\"type\";s:4:\"text\";s:5:\"value\";s:0:\"\";}}',1,0,1,0),(4,'balance','余额支付','0','使用帐户余额支付。只有会员才能使用，通过设置信用额度，可以透支。',0,'a:0:{}',1,0,1,0),(5,'ChinaPay','银联在线','0','银联在线支付是中国银联推出的网上支付平台，支持多家发卡银行，涵盖借记卡和信用卡等，包含认证支付、快捷支付和网银支付多种方式，其中认证和快捷支付无需开通网银，仅需一张银行卡，即可享受安全、快捷的网上支付服务！',0,'a:3:{i:0;a:3:{s:4:\"name\";s:16:\"chinapay_account\";s:4:\"type\";s:4:\"text\";s:5:\"value\";s:12:\"商户帐号\";}i:1;a:3:{s:4:\"name\";s:20:\"chinapay_merkey_file\";s:4:\"type\";s:4:\"text\";s:5:\"value\";s:50:\"includes/modules/payment/chinapay/私有密钥.key\";}i:2;a:3:{s:4:\"name\";s:20:\"chinapay_pubkey_file\";s:4:\"type\";s:4:\"text\";s:5:\"value\";s:50:\"includes/modules/payment/chinapay/公共密钥.key\";}}',1,0,1,0),(6,'cod','货到付款','0','开通城市：×××\r\n货到付款区域：×××',0,'a:0:{}',1,1,0,0),(7,'weixin','微信支付','0','微信支付 for ecshop by 68ecshop',0,'a:5:{i:0;a:3:{s:4:\"name\";s:5:\"appId\";s:4:\"type\";s:4:\"text\";s:5:\"value\";s:0:\"\";}i:1;a:3:{s:4:\"name\";s:9:\"appSecret\";s:4:\"type\";s:4:\"text\";s:5:\"value\";s:0:\"\";}i:2;a:3:{s:4:\"name\";s:10:\"paySignKey\";s:4:\"type\";s:4:\"text\";s:5:\"value\";s:0:\"\";}i:3;a:3:{s:4:\"name\";s:9:\"partnerId\";s:4:\"type\";s:4:\"text\";s:5:\"value\";s:0:\"\";}i:4;a:3:{s:4:\"name\";s:10:\"partnerKey\";s:4:\"type\";s:4:\"text\";s:5:\"value\";s:0:\"\";}}',1,0,1,0),(8,'pup','门店自提','0','',0,'a:0:{}',1,1,0,1);
/*!40000 ALTER TABLE `ecs_payment` ENABLE KEYS */;
UNLOCK TABLES;

--
-- Table structure for table `ecs_pickup_point`
--

DROP TABLE IF EXISTS `ecs_pickup_point`;
/*!40101 SET @saved_cs_client     = @@character_set_client */;
/*!40101 SET character_set_client = utf8 */;
CREATE TABLE `ecs_pickup_point` (
  `id` int(11) NOT NULL AUTO_INCREMENT,
  `shop_name` varchar(255) NOT NULL,
  `address` varchar(255) NOT NULL,
  `phone` varchar(30) NOT NULL,
  `contact` varchar(20) NOT NULL,
  `province_id` int(11) NOT NULL,
  `city_id` int(11) NOT NULL,
  `district_id` int(11) NOT NULL,
  `supplier_id` mediumint(8) unsigned NOT NULL DEFAULT '0' COMMENT '店铺标识',
  PRIMARY KEY (`id`)
) ENGINE=MyISAM AUTO_INCREMENT=2 DEFAULT CHARSET=utf8;
/*!40101 SET character_set_client = @saved_cs_client */;

--
-- Dumping data for table `ecs_pickup_point`
--

LOCK TABLES `ecs_pickup_point` WRITE;
/*!40000 ALTER TABLE `ecs_pickup_point` DISABLE KEYS */;
INSERT INTO `ecs_pickup_point` VALUES (1,'财经大学东门','海珠区赤沙财经大学东门','13666666666','张生',6,76,696,0);
/*!40000 ALTER TABLE `ecs_pickup_point` ENABLE KEYS */;
UNLOCK TABLES;

--
-- Table structure for table `ecs_plugins`
--

DROP TABLE IF EXISTS `ecs_plugins`;
/*!40101 SET @saved_cs_client     = @@character_set_client */;
/*!40101 SET character_set_client = utf8 */;
CREATE TABLE `ecs_plugins` (
  `code` varchar(30) NOT NULL DEFAULT '',
  `version` varchar(10) NOT NULL DEFAULT '',
  `library` varchar(255) NOT NULL DEFAULT '',
  `assign` tinyint(1) unsigned NOT NULL DEFAULT '0',
  `install_date` int(10) unsigned NOT NULL DEFAULT '0',
  PRIMARY KEY (`code`)
) ENGINE=MyISAM DEFAULT CHARSET=utf8;
/*!40101 SET character_set_client = @saved_cs_client */;

--
-- Dumping data for table `ecs_plugins`
--

LOCK TABLES `ecs_plugins` WRITE;
/*!40000 ALTER TABLE `ecs_plugins` DISABLE KEYS */;
/*!40000 ALTER TABLE `ecs_plugins` ENABLE KEYS */;
UNLOCK TABLES;

--
-- Table structure for table `ecs_postman`
--

DROP TABLE IF EXISTS `ecs_postman`;
/*!40101 SET @saved_cs_client     = @@character_set_client */;
/*!40101 SET character_set_client = utf8 */;
CREATE TABLE `ecs_postman` (
  `postman_id` smallint(5) unsigned NOT NULL AUTO_INCREMENT,
  `postman_name` varchar(60) NOT NULL,
  `region_id` int(10) unsigned NOT NULL DEFAULT '0',
  `mobile` varchar(20) NOT NULL,
  PRIMARY KEY (`postman_id`)
) ENGINE=MyISAM DEFAULT CHARSET=utf8;
/*!40101 SET character_set_client = @saved_cs_client */;

--
-- Dumping data for table `ecs_postman`
--

LOCK TABLES `ecs_postman` WRITE;
/*!40000 ALTER TABLE `ecs_postman` DISABLE KEYS */;
/*!40000 ALTER TABLE `ecs_postman` ENABLE KEYS */;
UNLOCK TABLES;

--
-- Table structure for table `ecs_pricecut`
--

DROP TABLE IF EXISTS `ecs_pricecut`;
/*!40101 SET @saved_cs_client     = @@character_set_client */;
/*!40101 SET character_set_client = utf8 */;
CREATE TABLE `ecs_pricecut` (
  `pricecut_id` int(10) unsigned NOT NULL AUTO_INCREMENT,
  `goods_id` int(10) unsigned NOT NULL DEFAULT '0',
  `price` decimal(10,2) unsigned NOT NULL DEFAULT '0.00',
  `mobile` varchar(50) NOT NULL,
  `email` varchar(100) NOT NULL,
  `remark` varchar(255) NOT NULL,
  `add_time` int(10) unsigned NOT NULL,
  `status` tinyint(1) unsigned NOT NULL DEFAULT '0',
  PRIMARY KEY (`pricecut_id`)
) ENGINE=MyISAM DEFAULT CHARSET=utf8;
/*!40101 SET character_set_client = @saved_cs_client */;

--
-- Dumping data for table `ecs_pricecut`
--

LOCK TABLES `ecs_pricecut` WRITE;
/*!40000 ALTER TABLE `ecs_pricecut` DISABLE KEYS */;
/*!40000 ALTER TABLE `ecs_pricecut` ENABLE KEYS */;
UNLOCK TABLES;

--
-- Table structure for table `ecs_products`
--

DROP TABLE IF EXISTS `ecs_products`;
/*!40101 SET @saved_cs_client     = @@character_set_client */;
/*!40101 SET character_set_client = utf8 */;
CREATE TABLE `ecs_products` (
  `product_id` mediumint(8) unsigned NOT NULL AUTO_INCREMENT,
  `goods_id` mediumint(8) unsigned NOT NULL DEFAULT '0',
  `goods_attr` varchar(50) DEFAULT NULL,
  `product_sn` varchar(60) DEFAULT NULL,
  `product_number` smallint(5) unsigned DEFAULT '0',
  PRIMARY KEY (`product_id`)
) ENGINE=MyISAM AUTO_INCREMENT=51 DEFAULT CHARSET=utf8;
/*!40101 SET character_set_client = @saved_cs_client */;

--
-- Dumping data for table `ecs_products`
--

LOCK TABLES `ecs_products` WRITE;
/*!40000 ALTER TABLE `ecs_products` DISABLE KEYS */;
INSERT INTO `ecs_products` VALUES (1,34,'8|11','ECS000034g_p1',100),(2,34,'8|12','ECS000034g_p2',99),(3,34,'9|10','ECS000034g_p3',100),(4,34,'9|12','ECS000034g_p4',79),(5,34,'8|10','ECS000034g_p5',1),(6,36,'20|22','ECS000036g_p6',100),(7,36,'21|22','ECS000036g_p7',59),(8,36,'21|23','ECS000036g_p8',99),(9,36,'20|23','ECS000036g_p9',168),(10,38,'32|33','ECS000038g_p10',688),(11,38,'31|33','ECS000038g_p11',899),(12,40,'37|39','ECS000040g_p12',100),(13,40,'37|38','ECS000040g_p13',99),(14,42,'44|45','ECS000042g_p14',289),(15,45,'49|51','ECS000045g_p15',199),(16,45,'49|50','ECS000045g_p16',99),(17,46,'55|57','ECS000046g_p17',188),(18,46,'55|56','ECS000046g_p18',100),(19,49,'63|67','ECS000049g_p19',1000),(20,49,'64|66','ECS000049g_p20',1000),(21,49,'64|67','ECS000049g_p21',1000),(22,49,'63|66','ECS000049g_p22',1000),(23,48,'73','ECS000048g_p23',1545),(24,51,'85|86','ECS000051g_p24',188),(25,56,'90|91','ECS000056g_p25',1000),(26,100,'115','ECS000100g_p26',500),(27,100,'114','ECS000100g_p27',1500),(28,113,'129','ECS000113g_p28',2500),(29,113,'130','ECS000113g_p29',1500),(30,143,'155','ECS000143g_p30',800),(31,143,'156','ECS000143g_p31',2000),(32,147,'186','ECS000147g_p32',1000),(33,147,'187','ECS000147g_p33',3000),(34,155,'221','ECS000155g_p34',1000),(35,155,'220','ECS000155g_p35',1500),(36,162,'233','ECS000162g_p36',500),(37,162,'234','ECS000162g_p37',2500),(38,179,'261','ECS000179g_p38',1000),(39,179,'262','ECS000179g_p39',2000),(40,207,'269','ECS000207g_p40',1000),(41,207,'270','ECS000207g_p41',2000),(42,207,'271','ECS000207g_p42',1500),(43,223,'299|302','ECS000223g_p43',1),(44,223,'299|303','ECS000223g_p44',1),(45,223,'299|304','ECS000223g_p45',1),(46,223,'300|302','ECS000223g_p46',1),(47,223,'300|303','ECS000223g_p47',1),(48,223,'300|304','ECS000223g_p48',1),(49,223,'301|302','ECS000223g_p49',1),(50,223,'301|303','ECS000223g_p50',2);
/*!40000 ALTER TABLE `ecs_products` ENABLE KEYS */;
UNLOCK TABLES;

--
-- Table structure for table `ecs_question`
--

DROP TABLE IF EXISTS `ecs_question`;
/*!40101 SET @saved_cs_client     = @@character_set_client */;
/*!40101 SET character_set_client = utf8 */;
CREATE TABLE `ecs_question` (
  `question_id` int(10) unsigned NOT NULL AUTO_INCREMENT,
  `id_value` int(10) unsigned NOT NULL DEFAULT '0',
  `question_type` tinyint(1) unsigned NOT NULL DEFAULT '0',
  `email` varchar(60) NOT NULL DEFAULT '',
  `user_name` varchar(60) NOT NULL DEFAULT '',
  `content` text NOT NULL,
  `add_time` int(10) unsigned NOT NULL DEFAULT '0',
  `ip_address` varchar(15) NOT NULL DEFAULT '',
  `status` tinyint(3) unsigned NOT NULL DEFAULT '0',
  `parent_id` int(10) unsigned NOT NULL DEFAULT '0',
  `user_id` int(10) unsigned NOT NULL DEFAULT '0',
  PRIMARY KEY (`question_id`),
  KEY `parent_id` (`parent_id`),
  KEY `id_value` (`id_value`)
) ENGINE=MyISAM DEFAULT CHARSET=utf8;
/*!40101 SET character_set_client = @saved_cs_client */;

--
-- Dumping data for table `ecs_question`
--

LOCK TABLES `ecs_question` WRITE;
/*!40000 ALTER TABLE `ecs_question` DISABLE KEYS */;
/*!40000 ALTER TABLE `ecs_question` ENABLE KEYS */;
UNLOCK TABLES;

--
-- Table structure for table `ecs_reg_extend_info`
--

DROP TABLE IF EXISTS `ecs_reg_extend_info`;
/*!40101 SET @saved_cs_client     = @@character_set_client */;
/*!40101 SET character_set_client = utf8 */;
CREATE TABLE `ecs_reg_extend_info` (
  `Id` int(10) unsigned NOT NULL AUTO_INCREMENT,
  `user_id` mediumint(8) unsigned NOT NULL,
  `reg_field_id` int(10) unsigned NOT NULL,
  `content` text NOT NULL,
  PRIMARY KEY (`Id`)
) ENGINE=MyISAM AUTO_INCREMENT=2 DEFAULT CHARSET=utf8;
/*!40101 SET character_set_client = @saved_cs_client */;

--
-- Dumping data for table `ecs_reg_extend_info`
--

LOCK TABLES `ecs_reg_extend_info` WRITE;
/*!40000 ALTER TABLE `ecs_reg_extend_info` DISABLE KEYS */;
INSERT INTO `ecs_reg_extend_info` VALUES (1,1,1,'');
/*!40000 ALTER TABLE `ecs_reg_extend_info` ENABLE KEYS */;
UNLOCK TABLES;

--
-- Table structure for table `ecs_reg_fields`
--

DROP TABLE IF EXISTS `ecs_reg_fields`;
/*!40101 SET @saved_cs_client     = @@character_set_client */;
/*!40101 SET character_set_client = utf8 */;
CREATE TABLE `ecs_reg_fields` (
  `id` tinyint(3) unsigned NOT NULL AUTO_INCREMENT,
  `reg_field_name` varchar(60) NOT NULL,
  `dis_order` tinyint(3) unsigned NOT NULL DEFAULT '100',
  `display` tinyint(1) unsigned NOT NULL DEFAULT '1',
  `type` tinyint(1) unsigned NOT NULL DEFAULT '0',
  `is_need` tinyint(1) unsigned NOT NULL DEFAULT '1',
  PRIMARY KEY (`id`)
) ENGINE=MyISAM DEFAULT CHARSET=utf8;
/*!40101 SET character_set_client = @saved_cs_client */;

--
-- Dumping data for table `ecs_reg_fields`
--

LOCK TABLES `ecs_reg_fields` WRITE;
/*!40000 ALTER TABLE `ecs_reg_fields` DISABLE KEYS */;
/*!40000 ALTER TABLE `ecs_reg_fields` ENABLE KEYS */;
UNLOCK TABLES;

--
-- Table structure for table `ecs_region`
--

DROP TABLE IF EXISTS `ecs_region`;
/*!40101 SET @saved_cs_client     = @@character_set_client */;
/*!40101 SET character_set_client = utf8 */;
CREATE TABLE `ecs_region` (
  `region_id` smallint(5) unsigned NOT NULL AUTO_INCREMENT,
  `parent_id` smallint(5) unsigned NOT NULL DEFAULT '0',
  `region_name` varchar(120) NOT NULL DEFAULT '',
  `region_type` tinyint(1) NOT NULL DEFAULT '2',
  `agency_id` smallint(5) unsigned NOT NULL DEFAULT '0',
  PRIMARY KEY (`region_id`),
  KEY `parent_id` (`parent_id`),
  KEY `region_type` (`region_type`),
  KEY `agency_id` (`agency_id`)
) ENGINE=MyISAM AUTO_INCREMENT=3409 DEFAULT CHARSET=utf8;
/*!40101 SET character_set_client = @saved_cs_client */;

--
-- Dumping data for table `ecs_region`
--

LOCK TABLES `ecs_region` WRITE;
/*!40000 ALTER TABLE `ecs_region` DISABLE KEYS */;
INSERT INTO `ecs_region` VALUES (1,0,'中国',0,0),(2,1,'北京',1,0),(3,1,'安徽',1,0),(4,1,'福建',1,0),(5,1,'甘肃',1,0),(6,1,'广东',1,0),(7,1,'广西',1,0),(8,1,'贵州',1,0),(9,1,'海南',1,0),(10,1,'河北',1,0),(11,1,'河南',1,0),(12,1,'黑龙江',1,0),(13,1,'湖北',1,0),(14,1,'湖南',1,0),(15,1,'吉林',1,0),(16,1,'江苏',1,0),(17,1,'江西',1,0),(18,1,'辽宁',1,0),(19,1,'内蒙古',1,0),(20,1,'宁夏',1,0),(21,1,'青海',1,0),(22,1,'山东',1,0),(23,1,'山西',1,0),(24,1,'陕西',1,0),(25,1,'上海',1,0),(26,1,'四川',1,0),(27,1,'天津',1,0),(28,1,'西藏',1,0),(29,1,'新疆',1,0),(30,1,'云南',1,0),(31,1,'浙江',1,0),(32,1,'重庆',1,0),(33,1,'香港',1,0),(34,1,'澳门',1,0),(35,1,'台湾',1,0),(36,3,'安庆',2,0),(37,3,'蚌埠',2,0),(38,3,'巢湖',2,0),(39,3,'池州',2,0),(40,3,'滁州',2,0),(41,3,'阜阳',2,0),(42,3,'淮北',2,0),(43,3,'淮南',2,0),(44,3,'黄山',2,0),(45,3,'六安',2,0),(46,3,'马鞍山',2,0),(47,3,'宿州',2,0),(48,3,'铜陵',2,0),(49,3,'芜湖',2,0),(50,3,'宣城',2,0),(51,3,'亳州',2,0),(52,2,'北京',2,0),(53,4,'福州',2,0),(54,4,'龙岩',2,0),(55,4,'南平',2,0),(56,4,'宁德',2,0),(57,4,'莆田',2,0),(58,4,'泉州',2,0),(59,4,'三明',2,0),(60,4,'厦门',2,0),(61,4,'漳州',2,0),(62,5,'兰州',2,0),(63,5,'白银',2,0),(64,5,'定西',2,0),(65,5,'甘南',2,0),(66,5,'嘉峪关',2,0),(67,5,'金昌',2,0),(68,5,'酒泉',2,0),(69,5,'临夏',2,0),(70,5,'陇南',2,0),(71,5,'平凉',2,0),(72,5,'庆阳',2,0),(73,5,'天水',2,0),(74,5,'武威',2,0),(75,5,'张掖',2,0),(76,6,'广州',2,0),(77,6,'深圳',2,0),(78,6,'潮州',2,0),(79,6,'东莞',2,0),(80,6,'佛山',2,0),(81,6,'河源',2,0),(82,6,'惠州',2,0),(83,6,'江门',2,0),(84,6,'揭阳',2,0),(85,6,'茂名',2,0),(86,6,'梅州',2,0),(87,6,'清远',2,0),(88,6,'汕头',2,0),(89,6,'汕尾',2,0),(90,6,'韶关',2,0),(91,6,'阳江',2,0),(92,6,'云浮',2,0),(93,6,'湛江',2,0),(94,6,'肇庆',2,0),(95,6,'中山',2,0),(96,6,'珠海',2,0),(97,7,'南宁',2,0),(98,7,'桂林',2,0),(99,7,'百色',2,0),(100,7,'北海',2,0),(101,7,'崇左',2,0),(102,7,'防城港',2,0),(103,7,'贵港',2,0),(104,7,'河池',2,0),(105,7,'贺州',2,0),(106,7,'来宾',2,0),(107,7,'柳州',2,0),(108,7,'钦州',2,0),(109,7,'梧州',2,0),(110,7,'玉林',2,0),(111,8,'贵阳',2,0),(112,8,'安顺',2,0),(113,8,'毕节',2,0),(114,8,'六盘水',2,0),(115,8,'黔东南',2,0),(116,8,'黔南',2,0),(117,8,'黔西南',2,0),(118,8,'铜仁',2,0),(119,8,'遵义',2,0),(120,9,'海口',2,0),(121,9,'三亚',2,0),(122,9,'白沙',2,0),(123,9,'保亭',2,0),(124,9,'昌江',2,0),(125,9,'澄迈县',2,0),(126,9,'定安县',2,0),(127,9,'东方',2,0),(128,9,'乐东',2,0),(129,9,'临高县',2,0),(130,9,'陵水',2,0),(131,9,'琼海',2,0),(132,9,'琼中',2,0),(133,9,'屯昌县',2,0),(134,9,'万宁',2,0),(135,9,'文昌',2,0),(136,9,'五指山',2,0),(137,9,'儋州',2,0),(138,10,'石家庄',2,0),(139,10,'保定',2,0),(140,10,'沧州',2,0),(141,10,'承德',2,0),(142,10,'邯郸',2,0),(143,10,'衡水',2,0),(144,10,'廊坊',2,0),(145,10,'秦皇岛',2,0),(146,10,'唐山',2,0),(147,10,'邢台',2,0),(148,10,'张家口',2,0),(149,11,'郑州',2,0),(150,11,'洛阳',2,0),(151,11,'开封',2,0),(152,11,'安阳',2,0),(153,11,'鹤壁',2,0),(154,11,'济源',2,0),(155,11,'焦作',2,0),(156,11,'南阳',2,0),(157,11,'平顶山',2,0),(158,11,'三门峡',2,0),(159,11,'商丘',2,0),(160,11,'新乡',2,0),(161,11,'信阳',2,0),(162,11,'许昌',2,0),(163,11,'周口',2,0),(164,11,'驻马店',2,0),(165,11,'漯河',2,0),(166,11,'濮阳',2,0),(167,12,'哈尔滨',2,0),(168,12,'大庆',2,0),(169,12,'大兴安岭',2,0),(170,12,'鹤岗',2,0),(171,12,'黑河',2,0),(172,12,'鸡西',2,0),(173,12,'佳木斯',2,0),(174,12,'牡丹江',2,0),(175,12,'七台河',2,0),(176,12,'齐齐哈尔',2,0),(177,12,'双鸭山',2,0),(178,12,'绥化',2,0),(179,12,'伊春',2,0),(180,13,'武汉',2,0),(181,13,'仙桃',2,0),(182,13,'鄂州',2,0),(183,13,'黄冈',2,0),(184,13,'黄石',2,0),(185,13,'荆门',2,0),(186,13,'荆州',2,0),(187,13,'潜江',2,0),(188,13,'神农架林区',2,0),(189,13,'十堰',2,0),(190,13,'随州',2,0),(191,13,'天门',2,0),(192,13,'咸宁',2,0),(193,13,'襄樊',2,0),(194,13,'孝感',2,0),(195,13,'宜昌',2,0),(196,13,'恩施',2,0),(197,14,'长沙',2,0),(198,14,'张家界',2,0),(199,14,'常德',2,0),(200,14,'郴州',2,0),(201,14,'衡阳',2,0),(202,14,'怀化',2,0),(203,14,'娄底',2,0),(204,14,'邵阳',2,0),(205,14,'湘潭',2,0),(206,14,'湘西',2,0),(207,14,'益阳',2,0),(208,14,'永州',2,0),(209,14,'岳阳',2,0),(210,14,'株洲',2,0),(211,15,'长春',2,0),(212,15,'吉林',2,0),(213,15,'白城',2,0),(214,15,'白山',2,0),(215,15,'辽源',2,0),(216,15,'四平',2,0),(217,15,'松原',2,0),(218,15,'通化',2,0),(219,15,'延边',2,0),(220,16,'南京',2,0),(221,16,'苏州',2,0),(222,16,'无锡',2,0),(223,16,'常州',2,0),(224,16,'淮安',2,0),(225,16,'连云港',2,0),(226,16,'南通',2,0),(227,16,'宿迁',2,0),(228,16,'泰州',2,0),(229,16,'徐州',2,0),(230,16,'盐城',2,0),(231,16,'扬州',2,0),(232,16,'镇江',2,0),(233,17,'南昌',2,0),(234,17,'抚州',2,0),(235,17,'赣州',2,0),(236,17,'吉安',2,0),(237,17,'景德镇',2,0),(238,17,'九江',2,0),(239,17,'萍乡',2,0),(240,17,'上饶',2,0),(241,17,'新余',2,0),(242,17,'宜春',2,0),(243,17,'鹰潭',2,0),(244,18,'沈阳',2,0),(245,18,'大连',2,0),(246,18,'鞍山',2,0),(247,18,'本溪',2,0),(248,18,'朝阳',2,0),(249,18,'丹东',2,0),(250,18,'抚顺',2,0),(251,18,'阜新',2,0),(252,18,'葫芦岛',2,0),(253,18,'锦州',2,0),(254,18,'辽阳',2,0),(255,18,'盘锦',2,0),(256,18,'铁岭',2,0),(257,18,'营口',2,0),(258,19,'呼和浩特',2,0),(259,19,'阿拉善盟',2,0),(260,19,'巴彦淖尔盟',2,0),(261,19,'包头',2,0),(262,19,'赤峰',2,0),(263,19,'鄂尔多斯',2,0),(264,19,'呼伦贝尔',2,0),(265,19,'通辽',2,0),(266,19,'乌海',2,0),(267,19,'乌兰察布市',2,0),(268,19,'锡林郭勒盟',2,0),(269,19,'兴安盟',2,0),(270,20,'银川',2,0),(271,20,'固原',2,0),(272,20,'石嘴山',2,0),(273,20,'吴忠',2,0),(274,20,'中卫',2,0),(275,21,'西宁',2,0),(276,21,'果洛',2,0),(277,21,'海北',2,0),(278,21,'海东',2,0),(279,21,'海南',2,0),(280,21,'海西',2,0),(281,21,'黄南',2,0),(282,21,'玉树',2,0),(283,22,'济南',2,0),(284,22,'青岛',2,0),(285,22,'滨州',2,0),(286,22,'德州',2,0),(287,22,'东营',2,0),(288,22,'菏泽',2,0),(289,22,'济宁',2,0),(290,22,'莱芜',2,0),(291,22,'聊城',2,0),(292,22,'临沂',2,0),(293,22,'日照',2,0),(294,22,'泰安',2,0),(295,22,'威海',2,0),(296,22,'潍坊',2,0),(297,22,'烟台',2,0),(298,22,'枣庄',2,0),(299,22,'淄博',2,0),(300,23,'太原',2,0),(301,23,'长治',2,0),(302,23,'大同',2,0),(303,23,'晋城',2,0),(304,23,'晋中',2,0),(305,23,'临汾',2,0),(306,23,'吕梁',2,0),(307,23,'朔州',2,0),(308,23,'忻州',2,0),(309,23,'阳泉',2,0),(310,23,'运城',2,0),(311,24,'西安',2,0),(312,24,'安康',2,0),(313,24,'宝鸡',2,0),(314,24,'汉中',2,0),(315,24,'商洛',2,0),(316,24,'铜川',2,0),(317,24,'渭南',2,0),(318,24,'咸阳',2,0),(319,24,'延安',2,0),(320,24,'榆林',2,0),(321,25,'上海',2,0),(322,26,'成都',2,0),(323,26,'绵阳',2,0),(324,26,'阿坝',2,0),(325,26,'巴中',2,0),(326,26,'达州',2,0),(327,26,'德阳',2,0),(328,26,'甘孜',2,0),(329,26,'广安',2,0),(330,26,'广元',2,0),(331,26,'乐山',2,0),(332,26,'凉山',2,0),(333,26,'眉山',2,0),(334,26,'南充',2,0),(335,26,'内江',2,0),(336,26,'攀枝花',2,0),(337,26,'遂宁',2,0),(338,26,'雅安',2,0),(339,26,'宜宾',2,0),(340,26,'资阳',2,0),(341,26,'自贡',2,0),(342,26,'泸州',2,0),(343,27,'天津',2,0),(344,28,'拉萨',2,0),(345,28,'阿里',2,0),(346,28,'昌都',2,0),(347,28,'林芝',2,0),(348,28,'那曲',2,0),(349,28,'日喀则',2,0),(350,28,'山南',2,0),(351,29,'乌鲁木齐',2,0),(352,29,'阿克苏',2,0),(353,29,'阿拉尔',2,0),(354,29,'巴音郭楞',2,0),(355,29,'博尔塔拉',2,0),(356,29,'昌吉',2,0),(357,29,'哈密',2,0),(358,29,'和田',2,0),(359,29,'喀什',2,0),(360,29,'克拉玛依',2,0),(361,29,'克孜勒苏',2,0),(362,29,'石河子',2,0),(363,29,'图木舒克',2,0),(364,29,'吐鲁番',2,0),(365,29,'五家渠',2,0),(366,29,'伊犁',2,0),(367,30,'昆明',2,0),(368,30,'怒江',2,0),(369,30,'普洱',2,0),(370,30,'丽江',2,0),(371,30,'保山',2,0),(372,30,'楚雄',2,0),(373,30,'大理',2,0),(374,30,'德宏',2,0),(375,30,'迪庆',2,0),(376,30,'红河',2,0),(377,30,'临沧',2,0),(378,30,'曲靖',2,0),(379,30,'文山',2,0),(380,30,'西双版纳',2,0),(381,30,'玉溪',2,0),(382,30,'昭通',2,0),(383,31,'杭州',2,0),(384,31,'湖州',2,0),(385,31,'嘉兴',2,0),(386,31,'金华',2,0),(387,31,'丽水',2,0),(388,31,'宁波',2,0),(389,31,'绍兴',2,0),(390,31,'台州',2,0),(391,31,'温州',2,0),(392,31,'舟山',2,0),(393,31,'衢州',2,0),(394,32,'重庆',2,0),(395,33,'香港',2,0),(396,34,'澳门',2,0),(397,35,'台湾',2,0),(398,36,'迎江区',3,0),(399,36,'大观区',3,0),(400,36,'宜秀区',3,0),(401,36,'桐城市',3,0),(402,36,'怀宁县',3,0),(403,36,'枞阳县',3,0),(404,36,'潜山县',3,0),(405,36,'太湖县',3,0),(406,36,'宿松县',3,0),(407,36,'望江县',3,0),(408,36,'岳西县',3,0),(409,37,'中市区',3,0),(410,37,'东市区',3,0),(411,37,'西市区',3,0),(412,37,'郊区',3,0),(413,37,'怀远县',3,0),(414,37,'五河县',3,0),(415,37,'固镇县',3,0),(416,38,'居巢区',3,0),(417,38,'庐江县',3,0),(418,38,'无为县',3,0),(419,38,'含山县',3,0),(420,38,'和县',3,0),(421,39,'贵池区',3,0),(422,39,'东至县',3,0),(423,39,'石台县',3,0),(424,39,'青阳县',3,0),(425,40,'琅琊区',3,0),(426,40,'南谯区',3,0),(427,40,'天长市',3,0),(428,40,'明光市',3,0),(429,40,'来安县',3,0),(430,40,'全椒县',3,0),(431,40,'定远县',3,0),(432,40,'凤阳县',3,0),(433,41,'蚌山区',3,0),(434,41,'龙子湖区',3,0),(435,41,'禹会区',3,0),(436,41,'淮上区',3,0),(437,41,'颍州区',3,0),(438,41,'颍东区',3,0),(439,41,'颍泉区',3,0),(440,41,'界首市',3,0),(441,41,'临泉县',3,0),(442,41,'太和县',3,0),(443,41,'阜南县',3,0),(444,41,'颖上县',3,0),(445,42,'相山区',3,0),(446,42,'杜集区',3,0),(447,42,'烈山区',3,0),(448,42,'濉溪县',3,0),(449,43,'田家庵区',3,0),(450,43,'大通区',3,0),(451,43,'谢家集区',3,0),(452,43,'八公山区',3,0),(453,43,'潘集区',3,0),(454,43,'凤台县',3,0),(455,44,'屯溪区',3,0),(456,44,'黄山区',3,0),(457,44,'徽州区',3,0),(458,44,'歙县',3,0),(459,44,'休宁县',3,0),(460,44,'黟县',3,0),(461,44,'祁门县',3,0),(462,45,'金安区',3,0),(463,45,'裕安区',3,0),(464,45,'寿县',3,0),(465,45,'霍邱县',3,0),(466,45,'舒城县',3,0),(467,45,'金寨县',3,0),(468,45,'霍山县',3,0),(469,46,'雨山区',3,0),(470,46,'花山区',3,0),(471,46,'金家庄区',3,0),(472,46,'当涂县',3,0),(473,47,'埇桥区',3,0),(474,47,'砀山县',3,0),(475,47,'萧县',3,0),(476,47,'灵璧县',3,0),(477,47,'泗县',3,0),(478,48,'铜官山区',3,0),(479,48,'狮子山区',3,0),(480,48,'郊区',3,0),(481,48,'铜陵县',3,0),(482,49,'镜湖区',3,0),(483,49,'弋江区',3,0),(484,49,'鸠江区',3,0),(485,49,'三山区',3,0),(486,49,'芜湖县',3,0),(487,49,'繁昌县',3,0),(488,49,'南陵县',3,0),(489,50,'宣州区',3,0),(490,50,'宁国市',3,0),(491,50,'郎溪县',3,0),(492,50,'广德县',3,0),(493,50,'泾县',3,0),(494,50,'绩溪县',3,0),(495,50,'旌德县',3,0),(496,51,'涡阳县',3,0),(497,51,'蒙城县',3,0),(498,51,'利辛县',3,0),(499,51,'谯城区',3,0),(500,52,'东城区',3,0),(501,52,'西城区',3,0),(502,52,'海淀区',3,0),(503,52,'朝阳区',3,0),(504,52,'崇文区',3,0),(505,52,'宣武区',3,0),(506,52,'丰台区',3,0),(507,52,'石景山区',3,0),(508,52,'房山区',3,0),(509,52,'门头沟区',3,0),(510,52,'通州区',3,0),(511,52,'顺义区',3,0),(512,52,'昌平区',3,0),(513,52,'怀柔区',3,0),(514,52,'平谷区',3,0),(515,52,'大兴区',3,0),(516,52,'密云县',3,0),(517,52,'延庆县',3,0),(518,53,'鼓楼区',3,0),(519,53,'台江区',3,0),(520,53,'仓山区',3,0),(521,53,'马尾区',3,0),(522,53,'晋安区',3,0),(523,53,'福清市',3,0),(524,53,'长乐市',3,0),(525,53,'闽侯县',3,0),(526,53,'连江县',3,0),(527,53,'罗源县',3,0),(528,53,'闽清县',3,0),(529,53,'永泰县',3,0),(530,53,'平潭县',3,0),(531,54,'新罗区',3,0),(532,54,'漳平市',3,0),(533,54,'长汀县',3,0),(534,54,'永定县',3,0),(535,54,'上杭县',3,0),(536,54,'武平县',3,0),(537,54,'连城县',3,0),(538,55,'延平区',3,0),(539,55,'邵武市',3,0),(540,55,'武夷山市',3,0),(541,55,'建瓯市',3,0),(542,55,'建阳市',3,0),(543,55,'顺昌县',3,0),(544,55,'浦城县',3,0),(545,55,'光泽县',3,0),(546,55,'松溪县',3,0),(547,55,'政和县',3,0),(548,56,'蕉城区',3,0),(549,56,'福安市',3,0),(550,56,'福鼎市',3,0),(551,56,'霞浦县',3,0),(552,56,'古田县',3,0),(553,56,'屏南县',3,0),(554,56,'寿宁县',3,0),(555,56,'周宁县',3,0),(556,56,'柘荣县',3,0),(557,57,'城厢区',3,0),(558,57,'涵江区',3,0),(559,57,'荔城区',3,0),(560,57,'秀屿区',3,0),(561,57,'仙游县',3,0),(562,58,'鲤城区',3,0),(563,58,'丰泽区',3,0),(564,58,'洛江区',3,0),(565,58,'清濛开发区',3,0),(566,58,'泉港区',3,0),(567,58,'石狮市',3,0),(568,58,'晋江市',3,0),(569,58,'南安市',3,0),(570,58,'惠安县',3,0),(571,58,'安溪县',3,0),(572,58,'永春县',3,0),(573,58,'德化县',3,0),(574,58,'金门县',3,0),(575,59,'梅列区',3,0),(576,59,'三元区',3,0),(577,59,'永安市',3,0),(578,59,'明溪县',3,0),(579,59,'清流县',3,0),(580,59,'宁化县',3,0),(581,59,'大田县',3,0),(582,59,'尤溪县',3,0),(583,59,'沙县',3,0),(584,59,'将乐县',3,0),(585,59,'泰宁县',3,0),(586,59,'建宁县',3,0),(587,60,'思明区',3,0),(588,60,'海沧区',3,0),(589,60,'湖里区',3,0),(590,60,'集美区',3,0),(591,60,'同安区',3,0),(592,60,'翔安区',3,0),(593,61,'芗城区',3,0),(594,61,'龙文区',3,0),(595,61,'龙海市',3,0),(596,61,'云霄县',3,0),(597,61,'漳浦县',3,0),(598,61,'诏安县',3,0),(599,61,'长泰县',3,0),(600,61,'东山县',3,0),(601,61,'南靖县',3,0),(602,61,'平和县',3,0),(603,61,'华安县',3,0),(604,62,'皋兰县',3,0),(605,62,'城关区',3,0),(606,62,'七里河区',3,0),(607,62,'西固区',3,0),(608,62,'安宁区',3,0),(609,62,'红古区',3,0),(610,62,'永登县',3,0),(611,62,'榆中县',3,0),(612,63,'白银区',3,0),(613,63,'平川区',3,0),(614,63,'会宁县',3,0),(615,63,'景泰县',3,0),(616,63,'靖远县',3,0),(617,64,'临洮县',3,0),(618,64,'陇西县',3,0),(619,64,'通渭县',3,0),(620,64,'渭源县',3,0),(621,64,'漳县',3,0),(622,64,'岷县',3,0),(623,64,'安定区',3,0),(624,64,'安定区',3,0),(625,65,'合作市',3,0),(626,65,'临潭县',3,0),(627,65,'卓尼县',3,0),(628,65,'舟曲县',3,0),(629,65,'迭部县',3,0),(630,65,'玛曲县',3,0),(631,65,'碌曲县',3,0),(632,65,'夏河县',3,0),(633,66,'嘉峪关市',3,0),(634,67,'金川区',3,0),(635,67,'永昌县',3,0),(636,68,'肃州区',3,0),(637,68,'玉门市',3,0),(638,68,'敦煌市',3,0),(639,68,'金塔县',3,0),(640,68,'瓜州县',3,0),(641,68,'肃北',3,0),(642,68,'阿克塞',3,0),(643,69,'临夏市',3,0),(644,69,'临夏县',3,0),(645,69,'康乐县',3,0),(646,69,'永靖县',3,0),(647,69,'广河县',3,0),(648,69,'和政县',3,0),(649,69,'东乡族自治县',3,0),(650,69,'积石山',3,0),(651,70,'成县',3,0),(652,70,'徽县',3,0),(653,70,'康县',3,0),(654,70,'礼县',3,0),(655,70,'两当县',3,0),(656,70,'文县',3,0),(657,70,'西和县',3,0),(658,70,'宕昌县',3,0),(659,70,'武都区',3,0),(660,71,'崇信县',3,0),(661,71,'华亭县',3,0),(662,71,'静宁县',3,0),(663,71,'灵台县',3,0),(664,71,'崆峒区',3,0),(665,71,'庄浪县',3,0),(666,71,'泾川县',3,0),(667,72,'合水县',3,0),(668,72,'华池县',3,0),(669,72,'环县',3,0),(670,72,'宁县',3,0),(671,72,'庆城县',3,0),(672,72,'西峰区',3,0),(673,72,'镇原县',3,0),(674,72,'正宁县',3,0),(675,73,'甘谷县',3,0),(676,73,'秦安县',3,0),(677,73,'清水县',3,0),(678,73,'秦州区',3,0),(679,73,'麦积区',3,0),(680,73,'武山县',3,0),(681,73,'张家川',3,0),(682,74,'古浪县',3,0),(683,74,'民勤县',3,0),(684,74,'天祝',3,0),(685,74,'凉州区',3,0),(686,75,'高台县',3,0),(687,75,'临泽县',3,0),(688,75,'民乐县',3,0),(689,75,'山丹县',3,0),(690,75,'肃南',3,0),(691,75,'甘州区',3,0),(692,76,'从化市',3,0),(693,76,'天河区',3,0),(694,76,'东山区',3,0),(695,76,'白云区',3,0),(696,76,'海珠区',3,0),(697,76,'荔湾区',3,0),(698,76,'越秀区',3,0),(699,76,'黄埔区',3,0),(700,76,'番禺区',3,0),(701,76,'花都区',3,0),(702,76,'增城区',3,0),(703,76,'从化区',3,0),(704,76,'市郊',3,0),(705,77,'福田区',3,0),(706,77,'罗湖区',3,0),(707,77,'南山区',3,0),(708,77,'宝安区',3,0),(709,77,'龙岗区',3,0),(710,77,'盐田区',3,0),(711,78,'湘桥区',3,0),(712,78,'潮安县',3,0),(713,78,'饶平县',3,0),(714,79,'南城区',3,0),(715,79,'东城区',3,0),(716,79,'万江区',3,0),(717,79,'莞城区',3,0),(718,79,'石龙镇',3,0),(719,79,'虎门镇',3,0),(720,79,'麻涌镇',3,0),(721,79,'道滘镇',3,0),(722,79,'石碣镇',3,0),(723,79,'沙田镇',3,0),(724,79,'望牛墩镇',3,0),(725,79,'洪梅镇',3,0),(726,79,'茶山镇',3,0),(727,79,'寮步镇',3,0),(728,79,'大岭山镇',3,0),(729,79,'大朗镇',3,0),(730,79,'黄江镇',3,0),(731,79,'樟木头',3,0),(732,79,'凤岗镇',3,0),(733,79,'塘厦镇',3,0),(734,79,'谢岗镇',3,0),(735,79,'厚街镇',3,0),(736,79,'清溪镇',3,0),(737,79,'常平镇',3,0),(738,79,'桥头镇',3,0),(739,79,'横沥镇',3,0),(740,79,'东坑镇',3,0),(741,79,'企石镇',3,0),(742,79,'石排镇',3,0),(743,79,'长安镇',3,0),(744,79,'中堂镇',3,0),(745,79,'高埗镇',3,0),(746,80,'禅城区',3,0),(747,80,'南海区',3,0),(748,80,'顺德区',3,0),(749,80,'三水区',3,0),(750,80,'高明区',3,0),(751,81,'东源县',3,0),(752,81,'和平县',3,0),(753,81,'源城区',3,0),(754,81,'连平县',3,0),(755,81,'龙川县',3,0),(756,81,'紫金县',3,0),(757,82,'惠阳区',3,0),(758,82,'惠城区',3,0),(759,82,'大亚湾',3,0),(760,82,'博罗县',3,0),(761,82,'惠东县',3,0),(762,82,'龙门县',3,0),(763,83,'江海区',3,0),(764,83,'蓬江区',3,0),(765,83,'新会区',3,0),(766,83,'台山市',3,0),(767,83,'开平市',3,0),(768,83,'鹤山市',3,0),(769,83,'恩平市',3,0),(770,84,'榕城区',3,0),(771,84,'普宁市',3,0),(772,84,'揭东县',3,0),(773,84,'揭西县',3,0),(774,84,'惠来县',3,0),(775,85,'茂南区',3,0),(776,85,'茂港区',3,0),(777,85,'高州市',3,0),(778,85,'化州市',3,0),(779,85,'信宜市',3,0),(780,85,'电白县',3,0),(781,86,'梅县',3,0),(782,86,'梅江区',3,0),(783,86,'兴宁市',3,0),(784,86,'大埔县',3,0),(785,86,'丰顺县',3,0),(786,86,'五华县',3,0),(787,86,'平远县',3,0),(788,86,'蕉岭县',3,0),(789,87,'清城区',3,0),(790,87,'英德市',3,0),(791,87,'连州市',3,0),(792,87,'佛冈县',3,0),(793,87,'阳山县',3,0),(794,87,'清新县',3,0),(795,87,'连山',3,0),(796,87,'连南',3,0),(797,88,'南澳县',3,0),(798,88,'潮阳区',3,0),(799,88,'澄海区',3,0),(800,88,'龙湖区',3,0),(801,88,'金平区',3,0),(802,88,'濠江区',3,0),(803,88,'潮南区',3,0),(804,89,'城区',3,0),(805,89,'陆丰市',3,0),(806,89,'海丰县',3,0),(807,89,'陆河县',3,0),(808,90,'曲江县',3,0),(809,90,'浈江区',3,0),(810,90,'武江区',3,0),(811,90,'曲江区',3,0),(812,90,'乐昌市',3,0),(813,90,'南雄市',3,0),(814,90,'始兴县',3,0),(815,90,'仁化县',3,0),(816,90,'翁源县',3,0),(817,90,'新丰县',3,0),(818,90,'乳源',3,0),(819,91,'江城区',3,0),(820,91,'阳春市',3,0),(821,91,'阳西县',3,0),(822,91,'阳东县',3,0),(823,92,'云城区',3,0),(824,92,'罗定市',3,0),(825,92,'新兴县',3,0),(826,92,'郁南县',3,0),(827,92,'云安县',3,0),(828,93,'赤坎区',3,0),(829,93,'霞山区',3,0),(830,93,'坡头区',3,0),(831,93,'麻章区',3,0),(832,93,'廉江市',3,0),(833,93,'雷州市',3,0),(834,93,'吴川市',3,0),(835,93,'遂溪县',3,0),(836,93,'徐闻县',3,0),(837,94,'肇庆市',3,0),(838,94,'高要市',3,0),(839,94,'四会市',3,0),(840,94,'广宁县',3,0),(841,94,'怀集县',3,0),(842,94,'封开县',3,0),(843,94,'德庆县',3,0),(844,95,'石岐街道',3,0),(845,95,'东区街道',3,0),(846,95,'西区街道',3,0),(847,95,'环城街道',3,0),(848,95,'中山港街道',3,0),(849,95,'五桂山街道',3,0),(850,96,'香洲区',3,0),(851,96,'斗门区',3,0),(852,96,'金湾区',3,0),(853,97,'邕宁区',3,0),(854,97,'青秀区',3,0),(855,97,'兴宁区',3,0),(856,97,'良庆区',3,0),(857,97,'西乡塘区',3,0),(858,97,'江南区',3,0),(859,97,'武鸣县',3,0),(860,97,'隆安县',3,0),(861,97,'马山县',3,0),(862,97,'上林县',3,0),(863,97,'宾阳县',3,0),(864,97,'横县',3,0),(865,98,'秀峰区',3,0),(866,98,'叠彩区',3,0),(867,98,'象山区',3,0),(868,98,'七星区',3,0),(869,98,'雁山区',3,0),(870,98,'阳朔县',3,0),(871,98,'临桂县',3,0),(872,98,'灵川县',3,0),(873,98,'全州县',3,0),(874,98,'平乐县',3,0),(875,98,'兴安县',3,0),(876,98,'灌阳县',3,0),(877,98,'荔浦县',3,0),(878,98,'资源县',3,0),(879,98,'永福县',3,0),(880,98,'龙胜',3,0),(881,98,'恭城',3,0),(882,99,'右江区',3,0),(883,99,'凌云县',3,0),(884,99,'平果县',3,0),(885,99,'西林县',3,0),(886,99,'乐业县',3,0),(887,99,'德保县',3,0),(888,99,'田林县',3,0),(889,99,'田阳县',3,0),(890,99,'靖西县',3,0),(891,99,'田东县',3,0),(892,99,'那坡县',3,0),(893,99,'隆林',3,0),(894,100,'海城区',3,0),(895,100,'银海区',3,0),(896,100,'铁山港区',3,0),(897,100,'合浦县',3,0),(898,101,'江州区',3,0),(899,101,'凭祥市',3,0),(900,101,'宁明县',3,0),(901,101,'扶绥县',3,0),(902,101,'龙州县',3,0),(903,101,'大新县',3,0),(904,101,'天等县',3,0),(905,102,'港口区',3,0),(906,102,'防城区',3,0),(907,102,'东兴市',3,0),(908,102,'上思县',3,0),(909,103,'港北区',3,0),(910,103,'港南区',3,0),(911,103,'覃塘区',3,0),(912,103,'桂平市',3,0),(913,103,'平南县',3,0),(914,104,'金城江区',3,0),(915,104,'宜州市',3,0),(916,104,'天峨县',3,0),(917,104,'凤山县',3,0),(918,104,'南丹县',3,0),(919,104,'东兰县',3,0),(920,104,'都安',3,0),(921,104,'罗城',3,0),(922,104,'巴马',3,0),(923,104,'环江',3,0),(924,104,'大化',3,0),(925,105,'八步区',3,0),(926,105,'钟山县',3,0),(927,105,'昭平县',3,0),(928,105,'富川',3,0),(929,106,'兴宾区',3,0),(930,106,'合山市',3,0),(931,106,'象州县',3,0),(932,106,'武宣县',3,0),(933,106,'忻城县',3,0),(934,106,'金秀',3,0),(935,107,'城中区',3,0),(936,107,'鱼峰区',3,0),(937,107,'柳北区',3,0),(938,107,'柳南区',3,0),(939,107,'柳江县',3,0),(940,107,'柳城县',3,0),(941,107,'鹿寨县',3,0),(942,107,'融安县',3,0),(943,107,'融水',3,0),(944,107,'三江',3,0),(945,108,'钦南区',3,0),(946,108,'钦北区',3,0),(947,108,'灵山县',3,0),(948,108,'浦北县',3,0),(949,109,'万秀区',3,0),(950,109,'蝶山区',3,0),(951,109,'长洲区',3,0),(952,109,'岑溪市',3,0),(953,109,'苍梧县',3,0),(954,109,'藤县',3,0),(955,109,'蒙山县',3,0),(956,110,'玉州区',3,0),(957,110,'北流市',3,0),(958,110,'容县',3,0),(959,110,'陆川县',3,0),(960,110,'博白县',3,0),(961,110,'兴业县',3,0),(962,111,'南明区',3,0),(963,111,'云岩区',3,0),(964,111,'花溪区',3,0),(965,111,'乌当区',3,0),(966,111,'白云区',3,0),(967,111,'小河区',3,0),(968,111,'金阳新区',3,0),(969,111,'新天园区',3,0),(970,111,'清镇市',3,0),(971,111,'开阳县',3,0),(972,111,'修文县',3,0),(973,111,'息烽县',3,0),(974,112,'西秀区',3,0),(975,112,'关岭',3,0),(976,112,'镇宁',3,0),(977,112,'紫云',3,0),(978,112,'平坝县',3,0),(979,112,'普定县',3,0),(980,113,'毕节市',3,0),(981,113,'大方县',3,0),(982,113,'黔西县',3,0),(983,113,'金沙县',3,0),(984,113,'织金县',3,0),(985,113,'纳雍县',3,0),(986,113,'赫章县',3,0),(987,113,'威宁',3,0),(988,114,'钟山区',3,0),(989,114,'六枝特区',3,0),(990,114,'水城县',3,0),(991,114,'盘县',3,0),(992,115,'凯里市',3,0),(993,115,'黄平县',3,0),(994,115,'施秉县',3,0),(995,115,'三穗县',3,0),(996,115,'镇远县',3,0),(997,115,'岑巩县',3,0),(998,115,'天柱县',3,0),(999,115,'锦屏县',3,0),(1000,115,'剑河县',3,0),(1001,115,'台江县',3,0),(1002,115,'黎平县',3,0),(1003,115,'榕江县',3,0),(1004,115,'从江县',3,0),(1005,115,'雷山县',3,0),(1006,115,'麻江县',3,0),(1007,115,'丹寨县',3,0),(1008,116,'都匀市',3,0),(1009,116,'福泉市',3,0),(1010,116,'荔波县',3,0),(1011,116,'贵定县',3,0),(1012,116,'瓮安县',3,0),(1013,116,'独山县',3,0),(1014,116,'平塘县',3,0),(1015,116,'罗甸县',3,0),(1016,116,'长顺县',3,0),(1017,116,'龙里县',3,0),(1018,116,'惠水县',3,0),(1019,116,'三都',3,0),(1020,117,'兴义市',3,0),(1021,117,'兴仁县',3,0),(1022,117,'普安县',3,0),(1023,117,'晴隆县',3,0),(1024,117,'贞丰县',3,0),(1025,117,'望谟县',3,0),(1026,117,'册亨县',3,0),(1027,117,'安龙县',3,0),(1028,118,'铜仁市',3,0),(1029,118,'江口县',3,0),(1030,118,'石阡县',3,0),(1031,118,'思南县',3,0),(1032,118,'德江县',3,0),(1033,118,'玉屏',3,0),(1034,118,'印江',3,0),(1035,118,'沿河',3,0),(1036,118,'松桃',3,0),(1037,118,'万山特区',3,0),(1038,119,'红花岗区',3,0),(1039,119,'务川县',3,0),(1040,119,'道真县',3,0),(1041,119,'汇川区',3,0),(1042,119,'赤水市',3,0),(1043,119,'仁怀市',3,0),(1044,119,'遵义县',3,0),(1045,119,'桐梓县',3,0),(1046,119,'绥阳县',3,0),(1047,119,'正安县',3,0),(1048,119,'凤冈县',3,0),(1049,119,'湄潭县',3,0),(1050,119,'余庆县',3,0),(1051,119,'习水县',3,0),(1052,119,'道真',3,0),(1053,119,'务川',3,0),(1054,120,'秀英区',3,0),(1055,120,'龙华区',3,0),(1056,120,'琼山区',3,0),(1057,120,'美兰区',3,0),(1058,137,'市区',3,0),(1059,137,'洋浦开发区',3,0),(1060,137,'那大镇',3,0),(1061,137,'王五镇',3,0),(1062,137,'雅星镇',3,0),(1063,137,'大成镇',3,0),(1064,137,'中和镇',3,0),(1065,137,'峨蔓镇',3,0),(1066,137,'南丰镇',3,0),(1067,137,'白马井镇',3,0),(1068,137,'兰洋镇',3,0),(1069,137,'和庆镇',3,0),(1070,137,'海头镇',3,0),(1071,137,'排浦镇',3,0),(1072,137,'东成镇',3,0),(1073,137,'光村镇',3,0),(1074,137,'木棠镇',3,0),(1075,137,'新州镇',3,0),(1076,137,'三都镇',3,0),(1077,137,'其他',3,0),(1078,138,'长安区',3,0),(1079,138,'桥东区',3,0),(1080,138,'桥西区',3,0),(1081,138,'新华区',3,0),(1082,138,'裕华区',3,0),(1083,138,'井陉矿区',3,0),(1084,138,'高新区',3,0),(1085,138,'辛集市',3,0),(1086,138,'藁城市',3,0),(1087,138,'晋州市',3,0),(1088,138,'新乐市',3,0),(1089,138,'鹿泉市',3,0),(1090,138,'井陉县',3,0),(1091,138,'正定县',3,0),(1092,138,'栾城县',3,0),(1093,138,'行唐县',3,0),(1094,138,'灵寿县',3,0),(1095,138,'高邑县',3,0),(1096,138,'深泽县',3,0),(1097,138,'赞皇县',3,0),(1098,138,'无极县',3,0),(1099,138,'平山县',3,0),(1100,138,'元氏县',3,0),(1101,138,'赵县',3,0),(1102,139,'新市区',3,0),(1103,139,'南市区',3,0),(1104,139,'北市区',3,0),(1105,139,'涿州市',3,0),(1106,139,'定州市',3,0),(1107,139,'安国市',3,0),(1108,139,'高碑店市',3,0),(1109,139,'满城县',3,0),(1110,139,'清苑县',3,0),(1111,139,'涞水县',3,0),(1112,139,'阜平县',3,0),(1113,139,'徐水县',3,0),(1114,139,'定兴县',3,0),(1115,139,'唐县',3,0),(1116,139,'高阳县',3,0),(1117,139,'容城县',3,0),(1118,139,'涞源县',3,0),(1119,139,'望都县',3,0),(1120,139,'安新县',3,0),(1121,139,'易县',3,0),(1122,139,'曲阳县',3,0),(1123,139,'蠡县',3,0),(1124,139,'顺平县',3,0),(1125,139,'博野县',3,0),(1126,139,'雄县',3,0),(1127,140,'运河区',3,0),(1128,140,'新华区',3,0),(1129,140,'泊头市',3,0),(1130,140,'任丘市',3,0),(1131,140,'黄骅市',3,0),(1132,140,'河间市',3,0),(1133,140,'沧县',3,0),(1134,140,'青县',3,0),(1135,140,'东光县',3,0),(1136,140,'海兴县',3,0),(1137,140,'盐山县',3,0),(1138,140,'肃宁县',3,0),(1139,140,'南皮县',3,0),(1140,140,'吴桥县',3,0),(1141,140,'献县',3,0),(1142,140,'孟村',3,0),(1143,141,'双桥区',3,0),(1144,141,'双滦区',3,0),(1145,141,'鹰手营子矿区',3,0),(1146,141,'承德县',3,0),(1147,141,'兴隆县',3,0),(1148,141,'平泉县',3,0),(1149,141,'滦平县',3,0),(1150,141,'隆化县',3,0),(1151,141,'丰宁',3,0),(1152,141,'宽城',3,0),(1153,141,'围场',3,0),(1154,142,'从台区',3,0),(1155,142,'复兴区',3,0),(1156,142,'邯山区',3,0),(1157,142,'峰峰矿区',3,0),(1158,142,'武安市',3,0),(1159,142,'邯郸县',3,0),(1160,142,'临漳县',3,0),(1161,142,'成安县',3,0),(1162,142,'大名县',3,0),(1163,142,'涉县',3,0),(1164,142,'磁县',3,0),(1165,142,'肥乡县',3,0),(1166,142,'永年县',3,0),(1167,142,'邱县',3,0),(1168,142,'鸡泽县',3,0),(1169,142,'广平县',3,0),(1170,142,'馆陶县',3,0),(1171,142,'魏县',3,0),(1172,142,'曲周县',3,0),(1173,143,'桃城区',3,0),(1174,143,'冀州市',3,0),(1175,143,'深州市',3,0),(1176,143,'枣强县',3,0),(1177,143,'武邑县',3,0),(1178,143,'武强县',3,0),(1179,143,'饶阳县',3,0),(1180,143,'安平县',3,0),(1181,143,'故城县',3,0),(1182,143,'景县',3,0),(1183,143,'阜城县',3,0),(1184,144,'安次区',3,0),(1185,144,'广阳区',3,0),(1186,144,'霸州市',3,0),(1187,144,'三河市',3,0),(1188,144,'固安县',3,0),(1189,144,'永清县',3,0),(1190,144,'香河县',3,0),(1191,144,'大城县',3,0),(1192,144,'文安县',3,0),(1193,144,'大厂',3,0),(1194,145,'海港区',3,0),(1195,145,'山海关区',3,0),(1196,145,'北戴河区',3,0),(1197,145,'昌黎县',3,0),(1198,145,'抚宁县',3,0),(1199,145,'卢龙县',3,0),(1200,145,'青龙',3,0),(1201,146,'路北区',3,0),(1202,146,'路南区',3,0),(1203,146,'古冶区',3,0),(1204,146,'开平区',3,0),(1205,146,'丰南区',3,0),(1206,146,'丰润区',3,0),(1207,146,'遵化市',3,0),(1208,146,'迁安市',3,0),(1209,146,'滦县',3,0),(1210,146,'滦南县',3,0),(1211,146,'乐亭县',3,0),(1212,146,'迁西县',3,0),(1213,146,'玉田县',3,0),(1214,146,'唐海县',3,0),(1215,147,'桥东区',3,0),(1216,147,'桥西区',3,0),(1217,147,'南宫市',3,0),(1218,147,'沙河市',3,0),(1219,147,'邢台县',3,0),(1220,147,'临城县',3,0),(1221,147,'内丘县',3,0),(1222,147,'柏乡县',3,0),(1223,147,'隆尧县',3,0),(1224,147,'任县',3,0),(1225,147,'南和县',3,0),(1226,147,'宁晋县',3,0),(1227,147,'巨鹿县',3,0),(1228,147,'新河县',3,0),(1229,147,'广宗县',3,0),(1230,147,'平乡县',3,0),(1231,147,'威县',3,0),(1232,147,'清河县',3,0),(1233,147,'临西县',3,0),(1234,148,'桥西区',3,0),(1235,148,'桥东区',3,0),(1236,148,'宣化区',3,0),(1237,148,'下花园区',3,0),(1238,148,'宣化县',3,0),(1239,148,'张北县',3,0),(1240,148,'康保县',3,0),(1241,148,'沽源县',3,0),(1242,148,'尚义县',3,0),(1243,148,'蔚县',3,0),(1244,148,'阳原县',3,0),(1245,148,'怀安县',3,0),(1246,148,'万全县',3,0),(1247,148,'怀来县',3,0),(1248,148,'涿鹿县',3,0),(1249,148,'赤城县',3,0),(1250,148,'崇礼县',3,0),(1251,149,'金水区',3,0),(1252,149,'邙山区',3,0),(1253,149,'二七区',3,0),(1254,149,'管城区',3,0),(1255,149,'中原区',3,0),(1256,149,'上街区',3,0),(1257,149,'惠济区',3,0),(1258,149,'郑东新区',3,0),(1259,149,'经济技术开发区',3,0),(1260,149,'高新开发区',3,0),(1261,149,'出口加工区',3,0),(1262,149,'巩义市',3,0),(1263,149,'荥阳市',3,0),(1264,149,'新密市',3,0),(1265,149,'新郑市',3,0),(1266,149,'登封市',3,0),(1267,149,'中牟县',3,0),(1268,150,'西工区',3,0),(1269,150,'老城区',3,0),(1270,150,'涧西区',3,0),(1271,150,'瀍河回族区',3,0),(1272,150,'洛龙区',3,0),(1273,150,'吉利区',3,0),(1274,150,'偃师市',3,0),(1275,150,'孟津县',3,0),(1276,150,'新安县',3,0),(1277,150,'栾川县',3,0),(1278,150,'嵩县',3,0),(1279,150,'汝阳县',3,0),(1280,150,'宜阳县',3,0),(1281,150,'洛宁县',3,0),(1282,150,'伊川县',3,0),(1283,151,'鼓楼区',3,0),(1284,151,'龙亭区',3,0),(1285,151,'顺河回族区',3,0),(1286,151,'金明区',3,0),(1287,151,'禹王台区',3,0),(1288,151,'杞县',3,0),(1289,151,'通许县',3,0),(1290,151,'尉氏县',3,0),(1291,151,'开封县',3,0),(1292,151,'兰考县',3,0),(1293,152,'北关区',3,0),(1294,152,'文峰区',3,0),(1295,152,'殷都区',3,0),(1296,152,'龙安区',3,0),(1297,152,'林州市',3,0),(1298,152,'安阳县',3,0),(1299,152,'汤阴县',3,0),(1300,152,'滑县',3,0),(1301,152,'内黄县',3,0),(1302,153,'淇滨区',3,0),(1303,153,'山城区',3,0),(1304,153,'鹤山区',3,0),(1305,153,'浚县',3,0),(1306,153,'淇县',3,0),(1307,154,'济源市',3,0),(1308,155,'解放区',3,0),(1309,155,'中站区',3,0),(1310,155,'马村区',3,0),(1311,155,'山阳区',3,0),(1312,155,'沁阳市',3,0),(1313,155,'孟州市',3,0),(1314,155,'修武县',3,0),(1315,155,'博爱县',3,0),(1316,155,'武陟县',3,0),(1317,155,'温县',3,0),(1318,156,'卧龙区',3,0),(1319,156,'宛城区',3,0),(1320,156,'邓州市',3,0),(1321,156,'南召县',3,0),(1322,156,'方城县',3,0),(1323,156,'西峡县',3,0),(1324,156,'镇平县',3,0),(1325,156,'内乡县',3,0),(1326,156,'淅川县',3,0),(1327,156,'社旗县',3,0),(1328,156,'唐河县',3,0),(1329,156,'新野县',3,0),(1330,156,'桐柏县',3,0),(1331,157,'新华区',3,0),(1332,157,'卫东区',3,0),(1333,157,'湛河区',3,0),(1334,157,'石龙区',3,0),(1335,157,'舞钢市',3,0),(1336,157,'汝州市',3,0),(1337,157,'宝丰县',3,0),(1338,157,'叶县',3,0),(1339,157,'鲁山县',3,0),(1340,157,'郏县',3,0),(1341,158,'湖滨区',3,0),(1342,158,'义马市',3,0),(1343,158,'灵宝市',3,0),(1344,158,'渑池县',3,0),(1345,158,'陕县',3,0),(1346,158,'卢氏县',3,0),(1347,159,'梁园区',3,0),(1348,159,'睢阳区',3,0),(1349,159,'永城市',3,0),(1350,159,'民权县',3,0),(1351,159,'睢县',3,0),(1352,159,'宁陵县',3,0),(1353,159,'虞城县',3,0),(1354,159,'柘城县',3,0),(1355,159,'夏邑县',3,0),(1356,160,'卫滨区',3,0),(1357,160,'红旗区',3,0),(1358,160,'凤泉区',3,0),(1359,160,'牧野区',3,0),(1360,160,'卫辉市',3,0),(1361,160,'辉县市',3,0),(1362,160,'新乡县',3,0),(1363,160,'获嘉县',3,0),(1364,160,'原阳县',3,0),(1365,160,'延津县',3,0),(1366,160,'封丘县',3,0),(1367,160,'长垣县',3,0),(1368,161,'浉河区',3,0),(1369,161,'平桥区',3,0),(1370,161,'罗山县',3,0),(1371,161,'光山县',3,0),(1372,161,'新县',3,0),(1373,161,'商城县',3,0),(1374,161,'固始县',3,0),(1375,161,'潢川县',3,0),(1376,161,'淮滨县',3,0),(1377,161,'息县',3,0),(1378,162,'魏都区',3,0),(1379,162,'禹州市',3,0),(1380,162,'长葛市',3,0),(1381,162,'许昌县',3,0),(1382,162,'鄢陵县',3,0),(1383,162,'襄城县',3,0),(1384,163,'川汇区',3,0),(1385,163,'项城市',3,0),(1386,163,'扶沟县',3,0),(1387,163,'西华县',3,0),(1388,163,'商水县',3,0),(1389,163,'沈丘县',3,0),(1390,163,'郸城县',3,0),(1391,163,'淮阳县',3,0),(1392,163,'太康县',3,0),(1393,163,'鹿邑县',3,0),(1394,164,'驿城区',3,0),(1395,164,'西平县',3,0),(1396,164,'上蔡县',3,0),(1397,164,'平舆县',3,0),(1398,164,'正阳县',3,0),(1399,164,'确山县',3,0),(1400,164,'泌阳县',3,0),(1401,164,'汝南县',3,0),(1402,164,'遂平县',3,0),(1403,164,'新蔡县',3,0),(1404,165,'郾城区',3,0),(1405,165,'源汇区',3,0),(1406,165,'召陵区',3,0),(1407,165,'舞阳县',3,0),(1408,165,'临颍县',3,0),(1409,166,'华龙区',3,0),(1410,166,'清丰县',3,0),(1411,166,'南乐县',3,0),(1412,166,'范县',3,0),(1413,166,'台前县',3,0),(1414,166,'濮阳县',3,0),(1415,167,'道里区',3,0),(1416,167,'南岗区',3,0),(1417,167,'动力区',3,0),(1418,167,'平房区',3,0),(1419,167,'香坊区',3,0),(1420,167,'太平区',3,0),(1421,167,'道外区',3,0),(1422,167,'阿城区',3,0),(1423,167,'呼兰区',3,0),(1424,167,'松北区',3,0),(1425,167,'尚志市',3,0),(1426,167,'双城市',3,0),(1427,167,'五常市',3,0),(1428,167,'方正县',3,0),(1429,167,'宾县',3,0),(1430,167,'依兰县',3,0),(1431,167,'巴彦县',3,0),(1432,167,'通河县',3,0),(1433,167,'木兰县',3,0),(1434,167,'延寿县',3,0),(1435,168,'萨尔图区',3,0),(1436,168,'红岗区',3,0),(1437,168,'龙凤区',3,0),(1438,168,'让胡路区',3,0),(1439,168,'大同区',3,0),(1440,168,'肇州县',3,0),(1441,168,'肇源县',3,0),(1442,168,'林甸县',3,0),(1443,168,'杜尔伯特',3,0),(1444,169,'呼玛县',3,0),(1445,169,'漠河县',3,0),(1446,169,'塔河县',3,0),(1447,170,'兴山区',3,0),(1448,170,'工农区',3,0),(1449,170,'南山区',3,0),(1450,170,'兴安区',3,0),(1451,170,'向阳区',3,0),(1452,170,'东山区',3,0),(1453,170,'萝北县',3,0),(1454,170,'绥滨县',3,0),(1455,171,'爱辉区',3,0),(1456,171,'五大连池市',3,0),(1457,171,'北安市',3,0),(1458,171,'嫩江县',3,0),(1459,171,'逊克县',3,0),(1460,171,'孙吴县',3,0),(1461,172,'鸡冠区',3,0),(1462,172,'恒山区',3,0),(1463,172,'城子河区',3,0),(1464,172,'滴道区',3,0),(1465,172,'梨树区',3,0),(1466,172,'虎林市',3,0),(1467,172,'密山市',3,0),(1468,172,'鸡东县',3,0),(1469,173,'前进区',3,0),(1470,173,'郊区',3,0),(1471,173,'向阳区',3,0),(1472,173,'东风区',3,0),(1473,173,'同江市',3,0),(1474,173,'富锦市',3,0),(1475,173,'桦南县',3,0),(1476,173,'桦川县',3,0),(1477,173,'汤原县',3,0),(1478,173,'抚远县',3,0),(1479,174,'爱民区',3,0),(1480,174,'东安区',3,0),(1481,174,'阳明区',3,0),(1482,174,'西安区',3,0),(1483,174,'绥芬河市',3,0),(1484,174,'海林市',3,0),(1485,174,'宁安市',3,0),(1486,174,'穆棱市',3,0),(1487,174,'东宁县',3,0),(1488,174,'林口县',3,0),(1489,175,'桃山区',3,0),(1490,175,'新兴区',3,0),(1491,175,'茄子河区',3,0),(1492,175,'勃利县',3,0),(1493,176,'龙沙区',3,0),(1494,176,'昂昂溪区',3,0),(1495,176,'铁峰区',3,0),(1496,176,'建华区',3,0),(1497,176,'富拉尔基区',3,0),(1498,176,'碾子山区',3,0),(1499,176,'梅里斯达斡尔区',3,0),(1500,176,'讷河市',3,0),(1501,176,'龙江县',3,0),(1502,176,'依安县',3,0),(1503,176,'泰来县',3,0),(1504,176,'甘南县',3,0),(1505,176,'富裕县',3,0),(1506,176,'克山县',3,0),(1507,176,'克东县',3,0),(1508,176,'拜泉县',3,0),(1509,177,'尖山区',3,0),(1510,177,'岭东区',3,0),(1511,177,'四方台区',3,0),(1512,177,'宝山区',3,0),(1513,177,'集贤县',3,0),(1514,177,'友谊县',3,0),(1515,177,'宝清县',3,0),(1516,177,'饶河县',3,0),(1517,178,'北林区',3,0),(1518,178,'安达市',3,0),(1519,178,'肇东市',3,0),(1520,178,'海伦市',3,0),(1521,178,'望奎县',3,0),(1522,178,'兰西县',3,0),(1523,178,'青冈县',3,0),(1524,178,'庆安县',3,0),(1525,178,'明水县',3,0),(1526,178,'绥棱县',3,0),(1527,179,'伊春区',3,0),(1528,179,'带岭区',3,0),(1529,179,'南岔区',3,0),(1530,179,'金山屯区',3,0),(1531,179,'西林区',3,0),(1532,179,'美溪区',3,0),(1533,179,'乌马河区',3,0),(1534,179,'翠峦区',3,0),(1535,179,'友好区',3,0),(1536,179,'上甘岭区',3,0),(1537,179,'五营区',3,0),(1538,179,'红星区',3,0),(1539,179,'新青区',3,0),(1540,179,'汤旺河区',3,0),(1541,179,'乌伊岭区',3,0),(1542,179,'铁力市',3,0),(1543,179,'嘉荫县',3,0),(1544,180,'江岸区',3,0),(1545,180,'武昌区',3,0),(1546,180,'江汉区',3,0),(1547,180,'硚口区',3,0),(1548,180,'汉阳区',3,0),(1549,180,'青山区',3,0),(1550,180,'洪山区',3,0),(1551,180,'东西湖区',3,0),(1552,180,'汉南区',3,0),(1553,180,'蔡甸区',3,0),(1554,180,'江夏区',3,0),(1555,180,'黄陂区',3,0),(1556,180,'新洲区',3,0),(1557,180,'经济开发区',3,0),(1558,181,'仙桃市',3,0),(1559,182,'鄂城区',3,0),(1560,182,'华容区',3,0),(1561,182,'梁子湖区',3,0),(1562,183,'黄州区',3,0),(1563,183,'麻城市',3,0),(1564,183,'武穴市',3,0),(1565,183,'团风县',3,0),(1566,183,'红安县',3,0),(1567,183,'罗田县',3,0),(1568,183,'英山县',3,0),(1569,183,'浠水县',3,0),(1570,183,'蕲春县',3,0),(1571,183,'黄梅县',3,0),(1572,184,'黄石港区',3,0),(1573,184,'西塞山区',3,0),(1574,184,'下陆区',3,0),(1575,184,'铁山区',3,0),(1576,184,'大冶市',3,0),(1577,184,'阳新县',3,0),(1578,185,'东宝区',3,0),(1579,185,'掇刀区',3,0),(1580,185,'钟祥市',3,0),(1581,185,'京山县',3,0),(1582,185,'沙洋县',3,0),(1583,186,'沙市区',3,0),(1584,186,'荆州区',3,0),(1585,186,'石首市',3,0),(1586,186,'洪湖市',3,0),(1587,186,'松滋市',3,0),(1588,186,'公安县',3,0),(1589,186,'监利县',3,0),(1590,186,'江陵县',3,0),(1591,187,'潜江市',3,0),(1592,188,'神农架林区',3,0),(1593,189,'张湾区',3,0),(1594,189,'茅箭区',3,0),(1595,189,'丹江口市',3,0),(1596,189,'郧县',3,0),(1597,189,'郧西县',3,0),(1598,189,'竹山县',3,0),(1599,189,'竹溪县',3,0),(1600,189,'房县',3,0),(1601,190,'曾都区',3,0),(1602,190,'广水市',3,0),(1603,191,'天门市',3,0),(1604,192,'咸安区',3,0),(1605,192,'赤壁市',3,0),(1606,192,'嘉鱼县',3,0),(1607,192,'通城县',3,0),(1608,192,'崇阳县',3,0),(1609,192,'通山县',3,0),(1610,193,'襄城区',3,0),(1611,193,'樊城区',3,0),(1612,193,'襄阳区',3,0),(1613,193,'老河口市',3,0),(1614,193,'枣阳市',3,0),(1615,193,'宜城市',3,0),(1616,193,'南漳县',3,0),(1617,193,'谷城县',3,0),(1618,193,'保康县',3,0),(1619,194,'孝南区',3,0),(1620,194,'应城市',3,0),(1621,194,'安陆市',3,0),(1622,194,'汉川市',3,0),(1623,194,'孝昌县',3,0),(1624,194,'大悟县',3,0),(1625,194,'云梦县',3,0),(1626,195,'长阳',3,0),(1627,195,'五峰',3,0),(1628,195,'西陵区',3,0),(1629,195,'伍家岗区',3,0),(1630,195,'点军区',3,0),(1631,195,'猇亭区',3,0),(1632,195,'夷陵区',3,0),(1633,195,'宜都市',3,0),(1634,195,'当阳市',3,0),(1635,195,'枝江市',3,0),(1636,195,'远安县',3,0),(1637,195,'兴山县',3,0),(1638,195,'秭归县',3,0),(1639,196,'恩施市',3,0),(1640,196,'利川市',3,0),(1641,196,'建始县',3,0),(1642,196,'巴东县',3,0),(1643,196,'宣恩县',3,0),(1644,196,'咸丰县',3,0),(1645,196,'来凤县',3,0),(1646,196,'鹤峰县',3,0),(1647,197,'岳麓区',3,0),(1648,197,'芙蓉区',3,0),(1649,197,'天心区',3,0),(1650,197,'开福区',3,0),(1651,197,'雨花区',3,0),(1652,197,'开发区',3,0),(1653,197,'浏阳市',3,0),(1654,197,'长沙县',3,0),(1655,197,'望城县',3,0),(1656,197,'宁乡县',3,0),(1657,198,'永定区',3,0),(1658,198,'武陵源区',3,0),(1659,198,'慈利县',3,0),(1660,198,'桑植县',3,0),(1661,199,'武陵区',3,0),(1662,199,'鼎城区',3,0),(1663,199,'津市市',3,0),(1664,199,'安乡县',3,0),(1665,199,'汉寿县',3,0),(1666,199,'澧县',3,0),(1667,199,'临澧县',3,0),(1668,199,'桃源县',3,0),(1669,199,'石门县',3,0),(1670,200,'北湖区',3,0),(1671,200,'苏仙区',3,0),(1672,200,'资兴市',3,0),(1673,200,'桂阳县',3,0),(1674,200,'宜章县',3,0),(1675,200,'永兴县',3,0),(1676,200,'嘉禾县',3,0),(1677,200,'临武县',3,0),(1678,200,'汝城县',3,0),(1679,200,'桂东县',3,0),(1680,200,'安仁县',3,0),(1681,201,'雁峰区',3,0),(1682,201,'珠晖区',3,0),(1683,201,'石鼓区',3,0),(1684,201,'蒸湘区',3,0),(1685,201,'南岳区',3,0),(1686,201,'耒阳市',3,0),(1687,201,'常宁市',3,0),(1688,201,'衡阳县',3,0),(1689,201,'衡南县',3,0),(1690,201,'衡山县',3,0),(1691,201,'衡东县',3,0),(1692,201,'祁东县',3,0),(1693,202,'鹤城区',3,0),(1694,202,'靖州',3,0),(1695,202,'麻阳',3,0),(1696,202,'通道',3,0),(1697,202,'新晃',3,0),(1698,202,'芷江',3,0),(1699,202,'沅陵县',3,0),(1700,202,'辰溪县',3,0),(1701,202,'溆浦县',3,0),(1702,202,'中方县',3,0),(1703,202,'会同县',3,0),(1704,202,'洪江市',3,0),(1705,203,'娄星区',3,0),(1706,203,'冷水江市',3,0),(1707,203,'涟源市',3,0),(1708,203,'双峰县',3,0),(1709,203,'新化县',3,0),(1710,204,'城步',3,0),(1711,204,'双清区',3,0),(1712,204,'大祥区',3,0),(1713,204,'北塔区',3,0),(1714,204,'武冈市',3,0),(1715,204,'邵东县',3,0),(1716,204,'新邵县',3,0),(1717,204,'邵阳县',3,0),(1718,204,'隆回县',3,0),(1719,204,'洞口县',3,0),(1720,204,'绥宁县',3,0),(1721,204,'新宁县',3,0),(1722,205,'岳塘区',3,0),(1723,205,'雨湖区',3,0),(1724,205,'湘乡市',3,0),(1725,205,'韶山市',3,0),(1726,205,'湘潭县',3,0),(1727,206,'吉首市',3,0),(1728,206,'泸溪县',3,0),(1729,206,'凤凰县',3,0),(1730,206,'花垣县',3,0),(1731,206,'保靖县',3,0),(1732,206,'古丈县',3,0),(1733,206,'永顺县',3,0),(1734,206,'龙山县',3,0),(1735,207,'赫山区',3,0),(1736,207,'资阳区',3,0),(1737,207,'沅江市',3,0),(1738,207,'南县',3,0),(1739,207,'桃江县',3,0),(1740,207,'安化县',3,0),(1741,208,'江华',3,0),(1742,208,'冷水滩区',3,0),(1743,208,'零陵区',3,0),(1744,208,'祁阳县',3,0),(1745,208,'东安县',3,0),(1746,208,'双牌县',3,0),(1747,208,'道县',3,0),(1748,208,'江永县',3,0),(1749,208,'宁远县',3,0),(1750,208,'蓝山县',3,0),(1751,208,'新田县',3,0),(1752,209,'岳阳楼区',3,0),(1753,209,'君山区',3,0),(1754,209,'云溪区',3,0),(1755,209,'汨罗市',3,0),(1756,209,'临湘市',3,0),(1757,209,'岳阳县',3,0),(1758,209,'华容县',3,0),(1759,209,'湘阴县',3,0),(1760,209,'平江县',3,0),(1761,210,'天元区',3,0),(1762,210,'荷塘区',3,0),(1763,210,'芦淞区',3,0),(1764,210,'石峰区',3,0),(1765,210,'醴陵市',3,0),(1766,210,'株洲县',3,0),(1767,210,'攸县',3,0),(1768,210,'茶陵县',3,0),(1769,210,'炎陵县',3,0),(1770,211,'朝阳区',3,0),(1771,211,'宽城区',3,0),(1772,211,'二道区',3,0),(1773,211,'南关区',3,0),(1774,211,'绿园区',3,0),(1775,211,'双阳区',3,0),(1776,211,'净月潭开发区',3,0),(1777,211,'高新技术开发区',3,0),(1778,211,'经济技术开发区',3,0),(1779,211,'汽车产业开发区',3,0),(1780,211,'德惠市',3,0),(1781,211,'九台市',3,0),(1782,211,'榆树市',3,0),(1783,211,'农安县',3,0),(1784,212,'船营区',3,0),(1785,212,'昌邑区',3,0),(1786,212,'龙潭区',3,0),(1787,212,'丰满区',3,0),(1788,212,'蛟河市',3,0),(1789,212,'桦甸市',3,0),(1790,212,'舒兰市',3,0),(1791,212,'磐石市',3,0),(1792,212,'永吉县',3,0),(1793,213,'洮北区',3,0),(1794,213,'洮南市',3,0),(1795,213,'大安市',3,0),(1796,213,'镇赉县',3,0),(1797,213,'通榆县',3,0),(1798,214,'江源区',3,0),(1799,214,'八道江区',3,0),(1800,214,'长白',3,0),(1801,214,'临江市',3,0),(1802,214,'抚松县',3,0),(1803,214,'靖宇县',3,0),(1804,215,'龙山区',3,0),(1805,215,'西安区',3,0),(1806,215,'东丰县',3,0),(1807,215,'东辽县',3,0),(1808,216,'铁西区',3,0),(1809,216,'铁东区',3,0),(1810,216,'伊通',3,0),(1811,216,'公主岭市',3,0),(1812,216,'双辽市',3,0),(1813,216,'梨树县',3,0),(1814,217,'前郭尔罗斯',3,0),(1815,217,'宁江区',3,0),(1816,217,'长岭县',3,0),(1817,217,'乾安县',3,0),(1818,217,'扶余县',3,0),(1819,218,'东昌区',3,0),(1820,218,'二道江区',3,0),(1821,218,'梅河口市',3,0),(1822,218,'集安市',3,0),(1823,218,'通化县',3,0),(1824,218,'辉南县',3,0),(1825,218,'柳河县',3,0),(1826,219,'延吉市',3,0),(1827,219,'图们市',3,0),(1828,219,'敦化市',3,0),(1829,219,'珲春市',3,0),(1830,219,'龙井市',3,0),(1831,219,'和龙市',3,0),(1832,219,'安图县',3,0),(1833,219,'汪清县',3,0),(1834,220,'玄武区',3,0),(1835,220,'鼓楼区',3,0),(1836,220,'白下区',3,0),(1837,220,'建邺区',3,0),(1838,220,'秦淮区',3,0),(1839,220,'雨花台区',3,0),(1840,220,'下关区',3,0),(1841,220,'栖霞区',3,0),(1842,220,'浦口区',3,0),(1843,220,'江宁区',3,0),(1844,220,'六合区',3,0),(1845,220,'溧水县',3,0),(1846,220,'高淳县',3,0),(1847,221,'沧浪区',3,0),(1848,221,'金阊区',3,0),(1849,221,'平江区',3,0),(1850,221,'虎丘区',3,0),(1851,221,'吴中区',3,0),(1852,221,'相城区',3,0),(1853,221,'园区',3,0),(1854,221,'新区',3,0),(1855,221,'常熟市',3,0),(1856,221,'张家港市',3,0),(1857,221,'玉山镇',3,0),(1858,221,'巴城镇',3,0),(1859,221,'周市镇',3,0),(1860,221,'陆家镇',3,0),(1861,221,'花桥镇',3,0),(1862,221,'淀山湖镇',3,0),(1863,221,'张浦镇',3,0),(1864,221,'周庄镇',3,0),(1865,221,'千灯镇',3,0),(1866,221,'锦溪镇',3,0),(1867,221,'开发区',3,0),(1868,221,'吴江市',3,0),(1869,221,'太仓市',3,0),(1870,222,'崇安区',3,0),(1871,222,'北塘区',3,0),(1872,222,'南长区',3,0),(1873,222,'锡山区',3,0),(1874,222,'惠山区',3,0),(1875,222,'滨湖区',3,0),(1876,222,'新区',3,0),(1877,222,'江阴市',3,0),(1878,222,'宜兴市',3,0),(1879,223,'天宁区',3,0),(1880,223,'钟楼区',3,0),(1881,223,'戚墅堰区',3,0),(1882,223,'郊区',3,0),(1883,223,'新北区',3,0),(1884,223,'武进区',3,0),(1885,223,'溧阳市',3,0),(1886,223,'金坛市',3,0),(1887,224,'清河区',3,0),(1888,224,'清浦区',3,0),(1889,224,'楚州区',3,0),(1890,224,'淮阴区',3,0),(1891,224,'涟水县',3,0),(1892,224,'洪泽县',3,0),(1893,224,'盱眙县',3,0),(1894,224,'金湖县',3,0),(1895,225,'新浦区',3,0),(1896,225,'连云区',3,0),(1897,225,'海州区',3,0),(1898,225,'赣榆县',3,0),(1899,225,'东海县',3,0),(1900,225,'灌云县',3,0),(1901,225,'灌南县',3,0),(1902,226,'崇川区',3,0),(1903,226,'港闸区',3,0),(1904,226,'经济开发区',3,0),(1905,226,'启东市',3,0),(1906,226,'如皋市',3,0),(1907,226,'通州市',3,0),(1908,226,'海门市',3,0),(1909,226,'海安县',3,0),(1910,226,'如东县',3,0),(1911,227,'宿城区',3,0),(1912,227,'宿豫区',3,0),(1913,227,'宿豫县',3,0),(1914,227,'沭阳县',3,0),(1915,227,'泗阳县',3,0),(1916,227,'泗洪县',3,0),(1917,228,'海陵区',3,0),(1918,228,'高港区',3,0),(1919,228,'兴化市',3,0),(1920,228,'靖江市',3,0),(1921,228,'泰兴市',3,0),(1922,228,'姜堰市',3,0),(1923,229,'云龙区',3,0),(1924,229,'鼓楼区',3,0),(1925,229,'九里区',3,0),(1926,229,'贾汪区',3,0),(1927,229,'泉山区',3,0),(1928,229,'新沂市',3,0),(1929,229,'邳州市',3,0),(1930,229,'丰县',3,0),(1931,229,'沛县',3,0),(1932,229,'铜山县',3,0),(1933,229,'睢宁县',3,0),(1934,230,'城区',3,0),(1935,230,'亭湖区',3,0),(1936,230,'盐都区',3,0),(1937,230,'盐都县',3,0),(1938,230,'东台市',3,0),(1939,230,'大丰市',3,0),(1940,230,'响水县',3,0),(1941,230,'滨海县',3,0),(1942,230,'阜宁县',3,0),(1943,230,'射阳县',3,0),(1944,230,'建湖县',3,0),(1945,231,'广陵区',3,0),(1946,231,'维扬区',3,0),(1947,231,'邗江区',3,0),(1948,231,'仪征市',3,0),(1949,231,'高邮市',3,0),(1950,231,'江都市',3,0),(1951,231,'宝应县',3,0),(1952,232,'京口区',3,0),(1953,232,'润州区',3,0),(1954,232,'丹徒区',3,0),(1955,232,'丹阳市',3,0),(1956,232,'扬中市',3,0),(1957,232,'句容市',3,0),(1958,233,'东湖区',3,0),(1959,233,'西湖区',3,0),(1960,233,'青云谱区',3,0),(1961,233,'湾里区',3,0),(1962,233,'青山湖区',3,0),(1963,233,'红谷滩新区',3,0),(1964,233,'昌北区',3,0),(1965,233,'高新区',3,0),(1966,233,'南昌县',3,0),(1967,233,'新建县',3,0),(1968,233,'安义县',3,0),(1969,233,'进贤县',3,0),(1970,234,'临川区',3,0),(1971,234,'南城县',3,0),(1972,234,'黎川县',3,0),(1973,234,'南丰县',3,0),(1974,234,'崇仁县',3,0),(1975,234,'乐安县',3,0),(1976,234,'宜黄县',3,0),(1977,234,'金溪县',3,0),(1978,234,'资溪县',3,0),(1979,234,'东乡县',3,0),(1980,234,'广昌县',3,0),(1981,235,'章贡区',3,0),(1982,235,'于都县',3,0),(1983,235,'瑞金市',3,0),(1984,235,'南康市',3,0),(1985,235,'赣县',3,0),(1986,235,'信丰县',3,0),(1987,235,'大余县',3,0),(1988,235,'上犹县',3,0),(1989,235,'崇义县',3,0),(1990,235,'安远县',3,0),(1991,235,'龙南县',3,0),(1992,235,'定南县',3,0),(1993,235,'全南县',3,0),(1994,235,'宁都县',3,0),(1995,235,'兴国县',3,0),(1996,235,'会昌县',3,0),(1997,235,'寻乌县',3,0),(1998,235,'石城县',3,0),(1999,236,'安福县',3,0),(2000,236,'吉州区',3,0),(2001,236,'青原区',3,0),(2002,236,'井冈山市',3,0),(2003,236,'吉安县',3,0),(2004,236,'吉水县',3,0),(2005,236,'峡江县',3,0),(2006,236,'新干县',3,0),(2007,236,'永丰县',3,0),(2008,236,'泰和县',3,0),(2009,236,'遂川县',3,0),(2010,236,'万安县',3,0),(2011,236,'永新县',3,0),(2012,237,'珠山区',3,0),(2013,237,'昌江区',3,0),(2014,237,'乐平市',3,0),(2015,237,'浮梁县',3,0),(2016,238,'浔阳区',3,0),(2017,238,'庐山区',3,0),(2018,238,'瑞昌市',3,0),(2019,238,'九江县',3,0),(2020,238,'武宁县',3,0),(2021,238,'修水县',3,0),(2022,238,'永修县',3,0),(2023,238,'德安县',3,0),(2024,238,'星子县',3,0),(2025,238,'都昌县',3,0),(2026,238,'湖口县',3,0),(2027,238,'彭泽县',3,0),(2028,239,'安源区',3,0),(2029,239,'湘东区',3,0),(2030,239,'莲花县',3,0),(2031,239,'芦溪县',3,0),(2032,239,'上栗县',3,0),(2033,240,'信州区',3,0),(2034,240,'德兴市',3,0),(2035,240,'上饶县',3,0),(2036,240,'广丰县',3,0),(2037,240,'玉山县',3,0),(2038,240,'铅山县',3,0),(2039,240,'横峰县',3,0),(2040,240,'弋阳县',3,0),(2041,240,'余干县',3,0),(2042,240,'波阳县',3,0),(2043,240,'万年县',3,0),(2044,240,'婺源县',3,0),(2045,241,'渝水区',3,0),(2046,241,'分宜县',3,0),(2047,242,'袁州区',3,0),(2048,242,'丰城市',3,0),(2049,242,'樟树市',3,0),(2050,242,'高安市',3,0),(2051,242,'奉新县',3,0),(2052,242,'万载县',3,0),(2053,242,'上高县',3,0),(2054,242,'宜丰县',3,0),(2055,242,'靖安县',3,0),(2056,242,'铜鼓县',3,0),(2057,243,'月湖区',3,0),(2058,243,'贵溪市',3,0),(2059,243,'余江县',3,0),(2060,244,'沈河区',3,0),(2061,244,'皇姑区',3,0),(2062,244,'和平区',3,0),(2063,244,'大东区',3,0),(2064,244,'铁西区',3,0),(2065,244,'苏家屯区',3,0),(2066,244,'东陵区',3,0),(2067,244,'沈北新区',3,0),(2068,244,'于洪区',3,0),(2069,244,'浑南新区',3,0),(2070,244,'新民市',3,0),(2071,244,'辽中县',3,0),(2072,244,'康平县',3,0),(2073,244,'法库县',3,0),(2074,245,'西岗区',3,0),(2075,245,'中山区',3,0),(2076,245,'沙河口区',3,0),(2077,245,'甘井子区',3,0),(2078,245,'旅顺口区',3,0),(2079,245,'金州区',3,0),(2080,245,'开发区',3,0),(2081,245,'瓦房店市',3,0),(2082,245,'普兰店市',3,0),(2083,245,'庄河市',3,0),(2084,245,'长海县',3,0),(2085,246,'铁东区',3,0),(2086,246,'铁西区',3,0),(2087,246,'立山区',3,0),(2088,246,'千山区',3,0),(2089,246,'岫岩',3,0),(2090,246,'海城市',3,0),(2091,246,'台安县',3,0),(2092,247,'本溪',3,0),(2093,247,'平山区',3,0),(2094,247,'明山区',3,0),(2095,247,'溪湖区',3,0),(2096,247,'南芬区',3,0),(2097,247,'桓仁',3,0),(2098,248,'双塔区',3,0),(2099,248,'龙城区',3,0),(2100,248,'喀喇沁左翼蒙古族自治县',3,0),(2101,248,'北票市',3,0),(2102,248,'凌源市',3,0),(2103,248,'朝阳县',3,0),(2104,248,'建平县',3,0),(2105,249,'振兴区',3,0),(2106,249,'元宝区',3,0),(2107,249,'振安区',3,0),(2108,249,'宽甸',3,0),(2109,249,'东港市',3,0),(2110,249,'凤城市',3,0),(2111,250,'顺城区',3,0),(2112,250,'新抚区',3,0),(2113,250,'东洲区',3,0),(2114,250,'望花区',3,0),(2115,250,'清原',3,0),(2116,250,'新宾',3,0),(2117,250,'抚顺县',3,0),(2118,251,'阜新',3,0),(2119,251,'海州区',3,0),(2120,251,'新邱区',3,0),(2121,251,'太平区',3,0),(2122,251,'清河门区',3,0),(2123,251,'细河区',3,0),(2124,251,'彰武县',3,0),(2125,252,'龙港区',3,0),(2126,252,'南票区',3,0),(2127,252,'连山区',3,0),(2128,252,'兴城市',3,0),(2129,252,'绥中县',3,0),(2130,252,'建昌县',3,0),(2131,253,'太和区',3,0),(2132,253,'古塔区',3,0),(2133,253,'凌河区',3,0),(2134,253,'凌海市',3,0),(2135,253,'北镇市',3,0),(2136,253,'黑山县',3,0),(2137,253,'义县',3,0),(2138,254,'白塔区',3,0),(2139,254,'文圣区',3,0),(2140,254,'宏伟区',3,0),(2141,254,'太子河区',3,0),(2142,254,'弓长岭区',3,0),(2143,254,'灯塔市',3,0),(2144,254,'辽阳县',3,0),(2145,255,'双台子区',3,0),(2146,255,'兴隆台区',3,0),(2147,255,'大洼县',3,0),(2148,255,'盘山县',3,0),(2149,256,'银州区',3,0),(2150,256,'清河区',3,0),(2151,256,'调兵山市',3,0),(2152,256,'开原市',3,0),(2153,256,'铁岭县',3,0),(2154,256,'西丰县',3,0),(2155,256,'昌图县',3,0),(2156,257,'站前区',3,0),(2157,257,'西市区',3,0),(2158,257,'鲅鱼圈区',3,0),(2159,257,'老边区',3,0),(2160,257,'盖州市',3,0),(2161,257,'大石桥市',3,0),(2162,258,'回民区',3,0),(2163,258,'玉泉区',3,0),(2164,258,'新城区',3,0),(2165,258,'赛罕区',3,0),(2166,258,'清水河县',3,0),(2167,258,'土默特左旗',3,0),(2168,258,'托克托县',3,0),(2169,258,'和林格尔县',3,0),(2170,258,'武川县',3,0),(2171,259,'阿拉善左旗',3,0),(2172,259,'阿拉善右旗',3,0),(2173,259,'额济纳旗',3,0),(2174,260,'临河区',3,0),(2175,260,'五原县',3,0),(2176,260,'磴口县',3,0),(2177,260,'乌拉特前旗',3,0),(2178,260,'乌拉特中旗',3,0),(2179,260,'乌拉特后旗',3,0),(2180,260,'杭锦后旗',3,0),(2181,261,'昆都仑区',3,0),(2182,261,'青山区',3,0),(2183,261,'东河区',3,0),(2184,261,'九原区',3,0),(2185,261,'石拐区',3,0),(2186,261,'白云矿区',3,0),(2187,261,'土默特右旗',3,0),(2188,261,'固阳县',3,0),(2189,261,'达尔罕茂明安联合旗',3,0),(2190,262,'红山区',3,0),(2191,262,'元宝山区',3,0),(2192,262,'松山区',3,0),(2193,262,'阿鲁科尔沁旗',3,0),(2194,262,'巴林左旗',3,0),(2195,262,'巴林右旗',3,0),(2196,262,'林西县',3,0),(2197,262,'克什克腾旗',3,0),(2198,262,'翁牛特旗',3,0),(2199,262,'喀喇沁旗',3,0),(2200,262,'宁城县',3,0),(2201,262,'敖汉旗',3,0),(2202,263,'东胜区',3,0),(2203,263,'达拉特旗',3,0),(2204,263,'准格尔旗',3,0),(2205,263,'鄂托克前旗',3,0),(2206,263,'鄂托克旗',3,0),(2207,263,'杭锦旗',3,0),(2208,263,'乌审旗',3,0),(2209,263,'伊金霍洛旗',3,0),(2210,264,'海拉尔区',3,0),(2211,264,'莫力达瓦',3,0),(2212,264,'满洲里市',3,0),(2213,264,'牙克石市',3,0),(2214,264,'扎兰屯市',3,0),(2215,264,'额尔古纳市',3,0),(2216,264,'根河市',3,0),(2217,264,'阿荣旗',3,0),(2218,264,'鄂伦春自治旗',3,0),(2219,264,'鄂温克族自治旗',3,0),(2220,264,'陈巴尔虎旗',3,0),(2221,264,'新巴尔虎左旗',3,0),(2222,264,'新巴尔虎右旗',3,0),(2223,265,'科尔沁区',3,0),(2224,265,'霍林郭勒市',3,0),(2225,265,'科尔沁左翼中旗',3,0),(2226,265,'科尔沁左翼后旗',3,0),(2227,265,'开鲁县',3,0),(2228,265,'库伦旗',3,0),(2229,265,'奈曼旗',3,0),(2230,265,'扎鲁特旗',3,0),(2231,266,'海勃湾区',3,0),(2232,266,'乌达区',3,0),(2233,266,'海南区',3,0),(2234,267,'化德县',3,0),(2235,267,'集宁区',3,0),(2236,267,'丰镇市',3,0),(2237,267,'卓资县',3,0),(2238,267,'商都县',3,0),(2239,267,'兴和县',3,0),(2240,267,'凉城县',3,0),(2241,267,'察哈尔右翼前旗',3,0),(2242,267,'察哈尔右翼中旗',3,0),(2243,267,'察哈尔右翼后旗',3,0),(2244,267,'四子王旗',3,0),(2245,268,'二连浩特市',3,0),(2246,268,'锡林浩特市',3,0),(2247,268,'阿巴嘎旗',3,0),(2248,268,'苏尼特左旗',3,0),(2249,268,'苏尼特右旗',3,0),(2250,268,'东乌珠穆沁旗',3,0),(2251,268,'西乌珠穆沁旗',3,0),(2252,268,'太仆寺旗',3,0),(2253,268,'镶黄旗',3,0),(2254,268,'正镶白旗',3,0),(2255,268,'正蓝旗',3,0),(2256,268,'多伦县',3,0),(2257,269,'乌兰浩特市',3,0),(2258,269,'阿尔山市',3,0),(2259,269,'科尔沁右翼前旗',3,0),(2260,269,'科尔沁右翼中旗',3,0),(2261,269,'扎赉特旗',3,0),(2262,269,'突泉县',3,0),(2263,270,'西夏区',3,0),(2264,270,'金凤区',3,0),(2265,270,'兴庆区',3,0),(2266,270,'灵武市',3,0),(2267,270,'永宁县',3,0),(2268,270,'贺兰县',3,0),(2269,271,'原州区',3,0),(2270,271,'海原县',3,0),(2271,271,'西吉县',3,0),(2272,271,'隆德县',3,0),(2273,271,'泾源县',3,0),(2274,271,'彭阳县',3,0),(2275,272,'惠农县',3,0),(2276,272,'大武口区',3,0),(2277,272,'惠农区',3,0),(2278,272,'陶乐县',3,0),(2279,272,'平罗县',3,0),(2280,273,'利通区',3,0),(2281,273,'中卫县',3,0),(2282,273,'青铜峡市',3,0),(2283,273,'中宁县',3,0),(2284,273,'盐池县',3,0),(2285,273,'同心县',3,0),(2286,274,'沙坡头区',3,0),(2287,274,'海原县',3,0),(2288,274,'中宁县',3,0),(2289,275,'城中区',3,0),(2290,275,'城东区',3,0),(2291,275,'城西区',3,0),(2292,275,'城北区',3,0),(2293,275,'湟中县',3,0),(2294,275,'湟源县',3,0),(2295,275,'大通',3,0),(2296,276,'玛沁县',3,0),(2297,276,'班玛县',3,0),(2298,276,'甘德县',3,0),(2299,276,'达日县',3,0),(2300,276,'久治县',3,0),(2301,276,'玛多县',3,0),(2302,277,'海晏县',3,0),(2303,277,'祁连县',3,0),(2304,277,'刚察县',3,0),(2305,277,'门源',3,0),(2306,278,'平安县',3,0),(2307,278,'乐都县',3,0),(2308,278,'民和',3,0),(2309,278,'互助',3,0),(2310,278,'化隆',3,0),(2311,278,'循化',3,0),(2312,279,'共和县',3,0),(2313,279,'同德县',3,0),(2314,279,'贵德县',3,0),(2315,279,'兴海县',3,0),(2316,279,'贵南县',3,0),(2317,280,'德令哈市',3,0),(2318,280,'格尔木市',3,0),(2319,280,'乌兰县',3,0),(2320,280,'都兰县',3,0),(2321,280,'天峻县',3,0),(2322,281,'同仁县',3,0),(2323,281,'尖扎县',3,0),(2324,281,'泽库县',3,0),(2325,281,'河南蒙古族自治县',3,0),(2326,282,'玉树县',3,0),(2327,282,'杂多县',3,0),(2328,282,'称多县',3,0),(2329,282,'治多县',3,0),(2330,282,'囊谦县',3,0),(2331,282,'曲麻莱县',3,0),(2332,283,'市中区',3,0),(2333,283,'历下区',3,0),(2334,283,'天桥区',3,0),(2335,283,'槐荫区',3,0),(2336,283,'历城区',3,0),(2337,283,'长清区',3,0),(2338,283,'章丘市',3,0),(2339,283,'平阴县',3,0),(2340,283,'济阳县',3,0),(2341,283,'商河县',3,0),(2342,284,'市南区',3,0),(2343,284,'市北区',3,0),(2344,284,'城阳区',3,0),(2345,284,'四方区',3,0),(2346,284,'李沧区',3,0),(2347,284,'黄岛区',3,0),(2348,284,'崂山区',3,0),(2349,284,'胶州市',3,0),(2350,284,'即墨市',3,0),(2351,284,'平度市',3,0),(2352,284,'胶南市',3,0),(2353,284,'莱西市',3,0),(2354,285,'滨城区',3,0),(2355,285,'惠民县',3,0),(2356,285,'阳信县',3,0),(2357,285,'无棣县',3,0),(2358,285,'沾化县',3,0),(2359,285,'博兴县',3,0),(2360,285,'邹平县',3,0),(2361,286,'德城区',3,0),(2362,286,'陵县',3,0),(2363,286,'乐陵市',3,0),(2364,286,'禹城市',3,0),(2365,286,'宁津县',3,0),(2366,286,'庆云县',3,0),(2367,286,'临邑县',3,0),(2368,286,'齐河县',3,0),(2369,286,'平原县',3,0),(2370,286,'夏津县',3,0),(2371,286,'武城县',3,0),(2372,287,'东营区',3,0),(2373,287,'河口区',3,0),(2374,287,'垦利县',3,0),(2375,287,'利津县',3,0),(2376,287,'广饶县',3,0),(2377,288,'牡丹区',3,0),(2378,288,'曹县',3,0),(2379,288,'单县',3,0),(2380,288,'成武县',3,0),(2381,288,'巨野县',3,0),(2382,288,'郓城县',3,0),(2383,288,'鄄城县',3,0),(2384,288,'定陶县',3,0),(2385,288,'东明县',3,0),(2386,289,'市中区',3,0),(2387,289,'任城区',3,0),(2388,289,'曲阜市',3,0),(2389,289,'兖州市',3,0),(2390,289,'邹城市',3,0),(2391,289,'微山县',3,0),(2392,289,'鱼台县',3,0),(2393,289,'金乡县',3,0),(2394,289,'嘉祥县',3,0),(2395,289,'汶上县',3,0),(2396,289,'泗水县',3,0),(2397,289,'梁山县',3,0),(2398,290,'莱城区',3,0),(2399,290,'钢城区',3,0),(2400,291,'东昌府区',3,0),(2401,291,'临清市',3,0),(2402,291,'阳谷县',3,0),(2403,291,'莘县',3,0),(2404,291,'茌平县',3,0),(2405,291,'东阿县',3,0),(2406,291,'冠县',3,0),(2407,291,'高唐县',3,0),(2408,292,'兰山区',3,0),(2409,292,'罗庄区',3,0),(2410,292,'河东区',3,0),(2411,292,'沂南县',3,0),(2412,292,'郯城县',3,0),(2413,292,'沂水县',3,0),(2414,292,'苍山县',3,0),(2415,292,'费县',3,0),(2416,292,'平邑县',3,0),(2417,292,'莒南县',3,0),(2418,292,'蒙阴县',3,0),(2419,292,'临沭县',3,0),(2420,293,'东港区',3,0),(2421,293,'岚山区',3,0),(2422,293,'五莲县',3,0),(2423,293,'莒县',3,0),(2424,294,'泰山区',3,0),(2425,294,'岱岳区',3,0),(2426,294,'新泰市',3,0),(2427,294,'肥城市',3,0),(2428,294,'宁阳县',3,0),(2429,294,'东平县',3,0),(2430,295,'荣成市',3,0),(2431,295,'乳山市',3,0),(2432,295,'环翠区',3,0),(2433,295,'文登市',3,0),(2434,296,'潍城区',3,0),(2435,296,'寒亭区',3,0),(2436,296,'坊子区',3,0),(2437,296,'奎文区',3,0),(2438,296,'青州市',3,0),(2439,296,'诸城市',3,0),(2440,296,'寿光市',3,0),(2441,296,'安丘市',3,0),(2442,296,'高密市',3,0),(2443,296,'昌邑市',3,0),(2444,296,'临朐县',3,0),(2445,296,'昌乐县',3,0),(2446,297,'芝罘区',3,0),(2447,297,'福山区',3,0),(2448,297,'牟平区',3,0),(2449,297,'莱山区',3,0),(2450,297,'开发区',3,0),(2451,297,'龙口市',3,0),(2452,297,'莱阳市',3,0),(2453,297,'莱州市',3,0),(2454,297,'蓬莱市',3,0),(2455,297,'招远市',3,0),(2456,297,'栖霞市',3,0),(2457,297,'海阳市',3,0),(2458,297,'长岛县',3,0),(2459,298,'市中区',3,0),(2460,298,'山亭区',3,0),(2461,298,'峄城区',3,0),(2462,298,'台儿庄区',3,0),(2463,298,'薛城区',3,0),(2464,298,'滕州市',3,0),(2465,299,'张店区',3,0),(2466,299,'临淄区',3,0),(2467,299,'淄川区',3,0),(2468,299,'博山区',3,0),(2469,299,'周村区',3,0),(2470,299,'桓台县',3,0),(2471,299,'高青县',3,0),(2472,299,'沂源县',3,0),(2473,300,'杏花岭区',3,0),(2474,300,'小店区',3,0),(2475,300,'迎泽区',3,0),(2476,300,'尖草坪区',3,0),(2477,300,'万柏林区',3,0),(2478,300,'晋源区',3,0),(2479,300,'高新开发区',3,0),(2480,300,'民营经济开发区',3,0),(2481,300,'经济技术开发区',3,0),(2482,300,'清徐县',3,0),(2483,300,'阳曲县',3,0),(2484,300,'娄烦县',3,0),(2485,300,'古交市',3,0),(2486,301,'城区',3,0),(2487,301,'郊区',3,0),(2488,301,'沁县',3,0),(2489,301,'潞城市',3,0),(2490,301,'长治县',3,0),(2491,301,'襄垣县',3,0),(2492,301,'屯留县',3,0),(2493,301,'平顺县',3,0),(2494,301,'黎城县',3,0),(2495,301,'壶关县',3,0),(2496,301,'长子县',3,0),(2497,301,'武乡县',3,0),(2498,301,'沁源县',3,0),(2499,302,'城区',3,0),(2500,302,'矿区',3,0),(2501,302,'南郊区',3,0),(2502,302,'新荣区',3,0),(2503,302,'阳高县',3,0),(2504,302,'天镇县',3,0),(2505,302,'广灵县',3,0),(2506,302,'灵丘县',3,0),(2507,302,'浑源县',3,0),(2508,302,'左云县',3,0),(2509,302,'大同县',3,0),(2510,303,'城区',3,0),(2511,303,'高平市',3,0),(2512,303,'沁水县',3,0),(2513,303,'阳城县',3,0),(2514,303,'陵川县',3,0),(2515,303,'泽州县',3,0),(2516,304,'榆次区',3,0),(2517,304,'介休市',3,0),(2518,304,'榆社县',3,0),(2519,304,'左权县',3,0),(2520,304,'和顺县',3,0),(2521,304,'昔阳县',3,0),(2522,304,'寿阳县',3,0),(2523,304,'太谷县',3,0),(2524,304,'祁县',3,0),(2525,304,'平遥县',3,0),(2526,304,'灵石县',3,0),(2527,305,'尧都区',3,0),(2528,305,'侯马市',3,0),(2529,305,'霍州市',3,0),(2530,305,'曲沃县',3,0),(2531,305,'翼城县',3,0),(2532,305,'襄汾县',3,0),(2533,305,'洪洞县',3,0),(2534,305,'吉县',3,0),(2535,305,'安泽县',3,0),(2536,305,'浮山县',3,0),(2537,305,'古县',3,0),(2538,305,'乡宁县',3,0),(2539,305,'大宁县',3,0),(2540,305,'隰县',3,0),(2541,305,'永和县',3,0),(2542,305,'蒲县',3,0),(2543,305,'汾西县',3,0),(2544,306,'离石市',3,0),(2545,306,'离石区',3,0),(2546,306,'孝义市',3,0),(2547,306,'汾阳市',3,0),(2548,306,'文水县',3,0),(2549,306,'交城县',3,0),(2550,306,'兴县',3,0),(2551,306,'临县',3,0),(2552,306,'柳林县',3,0),(2553,306,'石楼县',3,0),(2554,306,'岚县',3,0),(2555,306,'方山县',3,0),(2556,306,'中阳县',3,0),(2557,306,'交口县',3,0),(2558,307,'朔城区',3,0),(2559,307,'平鲁区',3,0),(2560,307,'山阴县',3,0),(2561,307,'应县',3,0),(2562,307,'右玉县',3,0),(2563,307,'怀仁县',3,0),(2564,308,'忻府区',3,0),(2565,308,'原平市',3,0),(2566,308,'定襄县',3,0),(2567,308,'五台县',3,0),(2568,308,'代县',3,0),(2569,308,'繁峙县',3,0),(2570,308,'宁武县',3,0),(2571,308,'静乐县',3,0),(2572,308,'神池县',3,0),(2573,308,'五寨县',3,0),(2574,308,'岢岚县',3,0),(2575,308,'河曲县',3,0),(2576,308,'保德县',3,0),(2577,308,'偏关县',3,0),(2578,309,'城区',3,0),(2579,309,'矿区',3,0),(2580,309,'郊区',3,0),(2581,309,'平定县',3,0),(2582,309,'盂县',3,0),(2583,310,'盐湖区',3,0),(2584,310,'永济市',3,0),(2585,310,'河津市',3,0),(2586,310,'临猗县',3,0),(2587,310,'万荣县',3,0),(2588,310,'闻喜县',3,0),(2589,310,'稷山县',3,0),(2590,310,'新绛县',3,0),(2591,310,'绛县',3,0),(2592,310,'垣曲县',3,0),(2593,310,'夏县',3,0),(2594,310,'平陆县',3,0),(2595,310,'芮城县',3,0),(2596,311,'莲湖区',3,0),(2597,311,'新城区',3,0),(2598,311,'碑林区',3,0),(2599,311,'雁塔区',3,0),(2600,311,'灞桥区',3,0),(2601,311,'未央区',3,0),(2602,311,'阎良区',3,0),(2603,311,'临潼区',3,0),(2604,311,'长安区',3,0),(2605,311,'蓝田县',3,0),(2606,311,'周至县',3,0),(2607,311,'户县',3,0),(2608,311,'高陵县',3,0),(2609,312,'汉滨区',3,0),(2610,312,'汉阴县',3,0),(2611,312,'石泉县',3,0),(2612,312,'宁陕县',3,0),(2613,312,'紫阳县',3,0),(2614,312,'岚皋县',3,0),(2615,312,'平利县',3,0),(2616,312,'镇坪县',3,0),(2617,312,'旬阳县',3,0),(2618,312,'白河县',3,0),(2619,313,'陈仓区',3,0),(2620,313,'渭滨区',3,0),(2621,313,'金台区',3,0),(2622,313,'凤翔县',3,0),(2623,313,'岐山县',3,0),(2624,313,'扶风县',3,0),(2625,313,'眉县',3,0),(2626,313,'陇县',3,0),(2627,313,'千阳县',3,0),(2628,313,'麟游县',3,0),(2629,313,'凤县',3,0),(2630,313,'太白县',3,0),(2631,314,'汉台区',3,0),(2632,314,'南郑县',3,0),(2633,314,'城固县',3,0),(2634,314,'洋县',3,0),(2635,314,'西乡县',3,0),(2636,314,'勉县',3,0),(2637,314,'宁强县',3,0),(2638,314,'略阳县',3,0),(2639,314,'镇巴县',3,0),(2640,314,'留坝县',3,0),(2641,314,'佛坪县',3,0),(2642,315,'商州区',3,0),(2643,315,'洛南县',3,0),(2644,315,'丹凤县',3,0),(2645,315,'商南县',3,0),(2646,315,'山阳县',3,0),(2647,315,'镇安县',3,0),(2648,315,'柞水县',3,0),(2649,316,'耀州区',3,0),(2650,316,'王益区',3,0),(2651,316,'印台区',3,0),(2652,316,'宜君县',3,0),(2653,317,'临渭区',3,0),(2654,317,'韩城市',3,0),(2655,317,'华阴市',3,0),(2656,317,'华县',3,0),(2657,317,'潼关县',3,0),(2658,317,'大荔县',3,0),(2659,317,'合阳县',3,0),(2660,317,'澄城县',3,0),(2661,317,'蒲城县',3,0),(2662,317,'白水县',3,0),(2663,317,'富平县',3,0),(2664,318,'秦都区',3,0),(2665,318,'渭城区',3,0),(2666,318,'杨陵区',3,0),(2667,318,'兴平市',3,0),(2668,318,'三原县',3,0),(2669,318,'泾阳县',3,0),(2670,318,'乾县',3,0),(2671,318,'礼泉县',3,0),(2672,318,'永寿县',3,0),(2673,318,'彬县',3,0),(2674,318,'长武县',3,0),(2675,318,'旬邑县',3,0),(2676,318,'淳化县',3,0),(2677,318,'武功县',3,0),(2678,319,'吴起县',3,0),(2679,319,'宝塔区',3,0),(2680,319,'延长县',3,0),(2681,319,'延川县',3,0),(2682,319,'子长县',3,0),(2683,319,'安塞县',3,0),(2684,319,'志丹县',3,0),(2685,319,'甘泉县',3,0),(2686,319,'富县',3,0),(2687,319,'洛川县',3,0),(2688,319,'宜川县',3,0),(2689,319,'黄龙县',3,0),(2690,319,'黄陵县',3,0),(2691,320,'榆阳区',3,0),(2692,320,'神木县',3,0),(2693,320,'府谷县',3,0),(2694,320,'横山县',3,0),(2695,320,'靖边县',3,0),(2696,320,'定边县',3,0),(2697,320,'绥德县',3,0),(2698,320,'米脂县',3,0),(2699,320,'佳县',3,0),(2700,320,'吴堡县',3,0),(2701,320,'清涧县',3,0),(2702,320,'子洲县',3,0),(2703,321,'长宁区',3,0),(2704,321,'闸北区',3,0),(2705,321,'闵行区',3,0),(2706,321,'徐汇区',3,0),(2707,321,'浦东新区',3,0),(2708,321,'杨浦区',3,0),(2709,321,'普陀区',3,0),(2710,321,'静安区',3,0),(2711,321,'卢湾区',3,0),(2712,321,'虹口区',3,0),(2713,321,'黄浦区',3,0),(2714,321,'南汇区',3,0),(2715,321,'松江区',3,0),(2716,321,'嘉定区',3,0),(2717,321,'宝山区',3,0),(2718,321,'青浦区',3,0),(2719,321,'金山区',3,0),(2720,321,'奉贤区',3,0),(2721,321,'崇明县',3,0),(2722,322,'青羊区',3,0),(2723,322,'锦江区',3,0),(2724,322,'金牛区',3,0),(2725,322,'武侯区',3,0),(2726,322,'成华区',3,0),(2727,322,'龙泉驿区',3,0),(2728,322,'青白江区',3,0),(2729,322,'新都区',3,0),(2730,322,'温江区',3,0),(2731,322,'高新区',3,0),(2732,322,'高新西区',3,0),(2733,322,'都江堰市',3,0),(2734,322,'彭州市',3,0),(2735,322,'邛崃市',3,0),(2736,322,'崇州市',3,0),(2737,322,'金堂县',3,0),(2738,322,'双流县',3,0),(2739,322,'郫县',3,0),(2740,322,'大邑县',3,0),(2741,322,'蒲江县',3,0),(2742,322,'新津县',3,0),(2743,322,'都江堰市',3,0),(2744,322,'彭州市',3,0),(2745,322,'邛崃市',3,0),(2746,322,'崇州市',3,0),(2747,322,'金堂县',3,0),(2748,322,'双流县',3,0),(2749,322,'郫县',3,0),(2750,322,'大邑县',3,0),(2751,322,'蒲江县',3,0),(2752,322,'新津县',3,0),(2753,323,'涪城区',3,0),(2754,323,'游仙区',3,0),(2755,323,'江油市',3,0),(2756,323,'盐亭县',3,0),(2757,323,'三台县',3,0),(2758,323,'平武县',3,0),(2759,323,'安县',3,0),(2760,323,'梓潼县',3,0),(2761,323,'北川县',3,0),(2762,324,'马尔康县',3,0),(2763,324,'汶川县',3,0),(2764,324,'理县',3,0),(2765,324,'茂县',3,0),(2766,324,'松潘县',3,0),(2767,324,'九寨沟县',3,0),(2768,324,'金川县',3,0),(2769,324,'小金县',3,0),(2770,324,'黑水县',3,0),(2771,324,'壤塘县',3,0),(2772,324,'阿坝县',3,0),(2773,324,'若尔盖县',3,0),(2774,324,'红原县',3,0),(2775,325,'巴州区',3,0),(2776,325,'通江县',3,0),(2777,325,'南江县',3,0),(2778,325,'平昌县',3,0),(2779,326,'通川区',3,0),(2780,326,'万源市',3,0),(2781,326,'达县',3,0),(2782,326,'宣汉县',3,0),(2783,326,'开江县',3,0),(2784,326,'大竹县',3,0),(2785,326,'渠县',3,0),(2786,327,'旌阳区',3,0),(2787,327,'广汉市',3,0),(2788,327,'什邡市',3,0),(2789,327,'绵竹市',3,0),(2790,327,'罗江县',3,0),(2791,327,'中江县',3,0),(2792,328,'康定县',3,0),(2793,328,'丹巴县',3,0),(2794,328,'泸定县',3,0),(2795,328,'炉霍县',3,0),(2796,328,'九龙县',3,0),(2797,328,'甘孜县',3,0),(2798,328,'雅江县',3,0),(2799,328,'新龙县',3,0),(2800,328,'道孚县',3,0),(2801,328,'白玉县',3,0),(2802,328,'理塘县',3,0),(2803,328,'德格县',3,0),(2804,328,'乡城县',3,0),(2805,328,'石渠县',3,0),(2806,328,'稻城县',3,0),(2807,328,'色达县',3,0),(2808,328,'巴塘县',3,0),(2809,328,'得荣县',3,0),(2810,329,'广安区',3,0),(2811,329,'华蓥市',3,0),(2812,329,'岳池县',3,0),(2813,329,'武胜县',3,0),(2814,329,'邻水县',3,0),(2815,330,'利州区',3,0),(2816,330,'元坝区',3,0),(2817,330,'朝天区',3,0),(2818,330,'旺苍县',3,0),(2819,330,'青川县',3,0),(2820,330,'剑阁县',3,0),(2821,330,'苍溪县',3,0),(2822,331,'峨眉山市',3,0),(2823,331,'乐山市',3,0),(2824,331,'犍为县',3,0),(2825,331,'井研县',3,0),(2826,331,'夹江县',3,0),(2827,331,'沐川县',3,0),(2828,331,'峨边',3,0),(2829,331,'马边',3,0),(2830,332,'西昌市',3,0),(2831,332,'盐源县',3,0),(2832,332,'德昌县',3,0),(2833,332,'会理县',3,0),(2834,332,'会东县',3,0),(2835,332,'宁南县',3,0),(2836,332,'普格县',3,0),(2837,332,'布拖县',3,0),(2838,332,'金阳县',3,0),(2839,332,'昭觉县',3,0),(2840,332,'喜德县',3,0),(2841,332,'冕宁县',3,0),(2842,332,'越西县',3,0),(2843,332,'甘洛县',3,0),(2844,332,'美姑县',3,0),(2845,332,'雷波县',3,0),(2846,332,'木里',3,0),(2847,333,'东坡区',3,0),(2848,333,'仁寿县',3,0),(2849,333,'彭山县',3,0),(2850,333,'洪雅县',3,0),(2851,333,'丹棱县',3,0),(2852,333,'青神县',3,0),(2853,334,'阆中市',3,0),(2854,334,'南部县',3,0),(2855,334,'营山县',3,0),(2856,334,'蓬安县',3,0),(2857,334,'仪陇县',3,0),(2858,334,'顺庆区',3,0),(2859,334,'高坪区',3,0),(2860,334,'嘉陵区',3,0),(2861,334,'西充县',3,0),(2862,335,'市中区',3,0),(2863,335,'东兴区',3,0),(2864,335,'威远县',3,0),(2865,335,'资中县',3,0),(2866,335,'隆昌县',3,0),(2867,336,'东  区',3,0),(2868,336,'西  区',3,0),(2869,336,'仁和区',3,0),(2870,336,'米易县',3,0),(2871,336,'盐边县',3,0),(2872,337,'船山区',3,0),(2873,337,'安居区',3,0),(2874,337,'蓬溪县',3,0),(2875,337,'射洪县',3,0),(2876,337,'大英县',3,0),(2877,338,'雨城区',3,0),(2878,338,'名山县',3,0),(2879,338,'荥经县',3,0),(2880,338,'汉源县',3,0),(2881,338,'石棉县',3,0),(2882,338,'天全县',3,0),(2883,338,'芦山县',3,0),(2884,338,'宝兴县',3,0),(2885,339,'翠屏区',3,0),(2886,339,'宜宾县',3,0),(2887,339,'南溪县',3,0),(2888,339,'江安县',3,0),(2889,339,'长宁县',3,0),(2890,339,'高县',3,0),(2891,339,'珙县',3,0),(2892,339,'筠连县',3,0),(2893,339,'兴文县',3,0),(2894,339,'屏山县',3,0),(2895,340,'雁江区',3,0),(2896,340,'简阳市',3,0),(2897,340,'安岳县',3,0),(2898,340,'乐至县',3,0),(2899,341,'大安区',3,0),(2900,341,'自流井区',3,0),(2901,341,'贡井区',3,0),(2902,341,'沿滩区',3,0),(2903,341,'荣县',3,0),(2904,341,'富顺县',3,0),(2905,342,'江阳区',3,0),(2906,342,'纳溪区',3,0),(2907,342,'龙马潭区',3,0),(2908,342,'泸县',3,0),(2909,342,'合江县',3,0),(2910,342,'叙永县',3,0),(2911,342,'古蔺县',3,0),(2912,343,'和平区',3,0),(2913,343,'河西区',3,0),(2914,343,'南开区',3,0),(2915,343,'河北区',3,0),(2916,343,'河东区',3,0),(2917,343,'红桥区',3,0),(2918,343,'东丽区',3,0),(2919,343,'津南区',3,0),(2920,343,'西青区',3,0),(2921,343,'北辰区',3,0),(2922,343,'塘沽区',3,0),(2923,343,'汉沽区',3,0),(2924,343,'大港区',3,0),(2925,343,'武清区',3,0),(2926,343,'宝坻区',3,0),(2927,343,'经济开发区',3,0),(2928,343,'宁河县',3,0),(2929,343,'静海县',3,0),(2930,343,'蓟县',3,0),(2931,344,'城关区',3,0),(2932,344,'林周县',3,0),(2933,344,'当雄县',3,0),(2934,344,'尼木县',3,0),(2935,344,'曲水县',3,0),(2936,344,'堆龙德庆县',3,0),(2937,344,'达孜县',3,0),(2938,344,'墨竹工卡县',3,0),(2939,345,'噶尔县',3,0),(2940,345,'普兰县',3,0),(2941,345,'札达县',3,0),(2942,345,'日土县',3,0),(2943,345,'革吉县',3,0),(2944,345,'改则县',3,0),(2945,345,'措勤县',3,0),(2946,346,'昌都县',3,0),(2947,346,'江达县',3,0),(2948,346,'贡觉县',3,0),(2949,346,'类乌齐县',3,0),(2950,346,'丁青县',3,0),(2951,346,'察雅县',3,0),(2952,346,'八宿县',3,0),(2953,346,'左贡县',3,0),(2954,346,'芒康县',3,0),(2955,346,'洛隆县',3,0),(2956,346,'边坝县',3,0),(2957,347,'林芝县',3,0),(2958,347,'工布江达县',3,0),(2959,347,'米林县',3,0),(2960,347,'墨脱县',3,0),(2961,347,'波密县',3,0),(2962,347,'察隅县',3,0),(2963,347,'朗县',3,0),(2964,348,'那曲县',3,0),(2965,348,'嘉黎县',3,0),(2966,348,'比如县',3,0),(2967,348,'聂荣县',3,0),(2968,348,'安多县',3,0),(2969,348,'申扎县',3,0),(2970,348,'索县',3,0),(2971,348,'班戈县',3,0),(2972,348,'巴青县',3,0),(2973,348,'尼玛县',3,0),(2974,349,'日喀则市',3,0),(2975,349,'南木林县',3,0),(2976,349,'江孜县',3,0),(2977,349,'定日县',3,0),(2978,349,'萨迦县',3,0),(2979,349,'拉孜县',3,0),(2980,349,'昂仁县',3,0),(2981,349,'谢通门县',3,0),(2982,349,'白朗县',3,0),(2983,349,'仁布县',3,0),(2984,349,'康马县',3,0),(2985,349,'定结县',3,0),(2986,349,'仲巴县',3,0),(2987,349,'亚东县',3,0),(2988,349,'吉隆县',3,0),(2989,349,'聂拉木县',3,0),(2990,349,'萨嘎县',3,0),(2991,349,'岗巴县',3,0),(2992,350,'乃东县',3,0),(2993,350,'扎囊县',3,0),(2994,350,'贡嘎县',3,0),(2995,350,'桑日县',3,0),(2996,350,'琼结县',3,0),(2997,350,'曲松县',3,0),(2998,350,'措美县',3,0),(2999,350,'洛扎县',3,0),(3000,350,'加查县',3,0),(3001,350,'隆子县',3,0),(3002,350,'错那县',3,0),(3003,350,'浪卡子县',3,0),(3004,351,'天山区',3,0),(3005,351,'沙依巴克区',3,0),(3006,351,'新市区',3,0),(3007,351,'水磨沟区',3,0),(3008,351,'头屯河区',3,0),(3009,351,'达坂城区',3,0),(3010,351,'米东区',3,0),(3011,351,'乌鲁木齐县',3,0),(3012,352,'阿克苏市',3,0),(3013,352,'温宿县',3,0),(3014,352,'库车县',3,0),(3015,352,'沙雅县',3,0),(3016,352,'新和县',3,0),(3017,352,'拜城县',3,0),(3018,352,'乌什县',3,0),(3019,352,'阿瓦提县',3,0),(3020,352,'柯坪县',3,0),(3021,353,'阿拉尔市',3,0),(3022,354,'库尔勒市',3,0),(3023,354,'轮台县',3,0),(3024,354,'尉犁县',3,0),(3025,354,'若羌县',3,0),(3026,354,'且末县',3,0),(3027,354,'焉耆',3,0),(3028,354,'和静县',3,0),(3029,354,'和硕县',3,0),(3030,354,'博湖县',3,0),(3031,355,'博乐市',3,0),(3032,355,'精河县',3,0),(3033,355,'温泉县',3,0),(3034,356,'呼图壁县',3,0),(3035,356,'米泉市',3,0),(3036,356,'昌吉市',3,0),(3037,356,'阜康市',3,0),(3038,356,'玛纳斯县',3,0),(3039,356,'奇台县',3,0),(3040,356,'吉木萨尔县',3,0),(3041,356,'木垒',3,0),(3042,357,'哈密市',3,0),(3043,357,'伊吾县',3,0),(3044,357,'巴里坤',3,0),(3045,358,'和田市',3,0),(3046,358,'和田县',3,0),(3047,358,'墨玉县',3,0),(3048,358,'皮山县',3,0),(3049,358,'洛浦县',3,0),(3050,358,'策勒县',3,0),(3051,358,'于田县',3,0),(3052,358,'民丰县',3,0),(3053,359,'喀什市',3,0),(3054,359,'疏附县',3,0),(3055,359,'疏勒县',3,0),(3056,359,'英吉沙县',3,0),(3057,359,'泽普县',3,0),(3058,359,'莎车县',3,0),(3059,359,'叶城县',3,0),(3060,359,'麦盖提县',3,0),(3061,359,'岳普湖县',3,0),(3062,359,'伽师县',3,0),(3063,359,'巴楚县',3,0),(3064,359,'塔什库尔干',3,0),(3065,360,'克拉玛依市',3,0),(3066,361,'阿图什市',3,0),(3067,361,'阿克陶县',3,0),(3068,361,'阿合奇县',3,0),(3069,361,'乌恰县',3,0),(3070,362,'石河子市',3,0),(3071,363,'图木舒克市',3,0),(3072,364,'吐鲁番市',3,0),(3073,364,'鄯善县',3,0),(3074,364,'托克逊县',3,0),(3075,365,'五家渠市',3,0),(3076,366,'阿勒泰市',3,0),(3077,366,'布克赛尔',3,0),(3078,366,'伊宁市',3,0),(3079,366,'布尔津县',3,0),(3080,366,'奎屯市',3,0),(3081,366,'乌苏市',3,0),(3082,366,'额敏县',3,0),(3083,366,'富蕴县',3,0),(3084,366,'伊宁县',3,0),(3085,366,'福海县',3,0),(3086,366,'霍城县',3,0),(3087,366,'沙湾县',3,0),(3088,366,'巩留县',3,0),(3089,366,'哈巴河县',3,0),(3090,366,'托里县',3,0),(3091,366,'青河县',3,0),(3092,366,'新源县',3,0),(3093,366,'裕民县',3,0),(3094,366,'和布克赛尔',3,0),(3095,366,'吉木乃县',3,0),(3096,366,'昭苏县',3,0),(3097,366,'特克斯县',3,0),(3098,366,'尼勒克县',3,0),(3099,366,'察布查尔',3,0),(3100,367,'盘龙区',3,0),(3101,367,'五华区',3,0),(3102,367,'官渡区',3,0),(3103,367,'西山区',3,0),(3104,367,'东川区',3,0),(3105,367,'安宁市',3,0),(3106,367,'呈贡县',3,0),(3107,367,'晋宁县',3,0),(3108,367,'富民县',3,0),(3109,367,'宜良县',3,0),(3110,367,'嵩明县',3,0),(3111,367,'石林县',3,0),(3112,367,'禄劝',3,0),(3113,367,'寻甸',3,0),(3114,368,'兰坪',3,0),(3115,368,'泸水县',3,0),(3116,368,'福贡县',3,0),(3117,368,'贡山',3,0),(3118,369,'宁洱',3,0),(3119,369,'思茅区',3,0),(3120,369,'墨江',3,0),(3121,369,'景东',3,0),(3122,369,'景谷',3,0),(3123,369,'镇沅',3,0),(3124,369,'江城',3,0),(3125,369,'孟连',3,0),(3126,369,'澜沧',3,0),(3127,369,'西盟',3,0),(3128,370,'古城区',3,0),(3129,370,'宁蒗',3,0),(3130,370,'玉龙',3,0),(3131,370,'永胜县',3,0),(3132,370,'华坪县',3,0),(3133,371,'隆阳区',3,0),(3134,371,'施甸县',3,0),(3135,371,'腾冲县',3,0),(3136,371,'龙陵县',3,0),(3137,371,'昌宁县',3,0),(3138,372,'楚雄市',3,0),(3139,372,'双柏县',3,0),(3140,372,'牟定县',3,0),(3141,372,'南华县',3,0),(3142,372,'姚安县',3,0),(3143,372,'大姚县',3,0),(3144,372,'永仁县',3,0),(3145,372,'元谋县',3,0),(3146,372,'武定县',3,0),(3147,372,'禄丰县',3,0),(3148,373,'大理市',3,0),(3149,373,'祥云县',3,0),(3150,373,'宾川县',3,0),(3151,373,'弥渡县',3,0),(3152,373,'永平县',3,0),(3153,373,'云龙县',3,0),(3154,373,'洱源县',3,0),(3155,373,'剑川县',3,0),(3156,373,'鹤庆县',3,0),(3157,373,'漾濞',3,0),(3158,373,'南涧',3,0),(3159,373,'巍山',3,0),(3160,374,'潞西市',3,0),(3161,374,'瑞丽市',3,0),(3162,374,'梁河县',3,0),(3163,374,'盈江县',3,0),(3164,374,'陇川县',3,0),(3165,375,'香格里拉县',3,0),(3166,375,'德钦县',3,0),(3167,375,'维西',3,0),(3168,376,'泸西县',3,0),(3169,376,'蒙自县',3,0),(3170,376,'个旧市',3,0),(3171,376,'开远市',3,0),(3172,376,'绿春县',3,0),(3173,376,'建水县',3,0),(3174,376,'石屏县',3,0),(3175,376,'弥勒县',3,0),(3176,376,'元阳县',3,0),(3177,376,'红河县',3,0),(3178,376,'金平',3,0),(3179,376,'河口',3,0),(3180,376,'屏边',3,0),(3181,377,'临翔区',3,0),(3182,377,'凤庆县',3,0),(3183,377,'云县',3,0),(3184,377,'永德县',3,0),(3185,377,'镇康县',3,0),(3186,377,'双江',3,0),(3187,377,'耿马',3,0),(3188,377,'沧源',3,0),(3189,378,'麒麟区',3,0),(3190,378,'宣威市',3,0),(3191,378,'马龙县',3,0),(3192,378,'陆良县',3,0),(3193,378,'师宗县',3,0),(3194,378,'罗平县',3,0),(3195,378,'富源县',3,0),(3196,378,'会泽县',3,0),(3197,378,'沾益县',3,0),(3198,379,'文山县',3,0),(3199,379,'砚山县',3,0),(3200,379,'西畴县',3,0),(3201,379,'麻栗坡县',3,0),(3202,379,'马关县',3,0),(3203,379,'丘北县',3,0),(3204,379,'广南县',3,0),(3205,379,'富宁县',3,0),(3206,380,'景洪市',3,0),(3207,380,'勐海县',3,0),(3208,380,'勐腊县',3,0),(3209,381,'红塔区',3,0),(3210,381,'江川县',3,0),(3211,381,'澄江县',3,0),(3212,381,'通海县',3,0),(3213,381,'华宁县',3,0),(3214,381,'易门县',3,0),(3215,381,'峨山',3,0),(3216,381,'新平',3,0),(3217,381,'元江',3,0),(3218,382,'昭阳区',3,0),(3219,382,'鲁甸县',3,0),(3220,382,'巧家县',3,0),(3221,382,'盐津县',3,0),(3222,382,'大关县',3,0),(3223,382,'永善县',3,0),(3224,382,'绥江县',3,0),(3225,382,'镇雄县',3,0),(3226,382,'彝良县',3,0),(3227,382,'威信县',3,0),(3228,382,'水富县',3,0),(3229,383,'西湖区',3,0),(3230,383,'上城区',3,0),(3231,383,'下城区',3,0),(3232,383,'拱墅区',3,0),(3233,383,'滨江区',3,0),(3234,383,'江干区',3,0),(3235,383,'萧山区',3,0),(3236,383,'余杭区',3,0),(3237,383,'市郊',3,0),(3238,383,'建德市',3,0),(3239,383,'富阳市',3,0),(3240,383,'临安市',3,0),(3241,383,'桐庐县',3,0),(3242,383,'淳安县',3,0),(3243,384,'吴兴区',3,0),(3244,384,'南浔区',3,0),(3245,384,'德清县',3,0),(3246,384,'长兴县',3,0),(3247,384,'安吉县',3,0),(3248,385,'南湖区',3,0),(3249,385,'秀洲区',3,0),(3250,385,'海宁市',3,0),(3251,385,'嘉善县',3,0),(3252,385,'平湖市',3,0),(3253,385,'桐乡市',3,0),(3254,385,'海盐县',3,0),(3255,386,'婺城区',3,0),(3256,386,'金东区',3,0),(3257,386,'兰溪市',3,0),(3258,386,'市区',3,0),(3259,386,'佛堂镇',3,0),(3260,386,'上溪镇',3,0),(3261,386,'义亭镇',3,0),(3262,386,'大陈镇',3,0),(3263,386,'苏溪镇',3,0),(3264,386,'赤岸镇',3,0),(3265,386,'东阳市',3,0),(3266,386,'永康市',3,0),(3267,386,'武义县',3,0),(3268,386,'浦江县',3,0),(3269,386,'磐安县',3,0),(3270,387,'莲都区',3,0),(3271,387,'龙泉市',3,0),(3272,387,'青田县',3,0),(3273,387,'缙云县',3,0),(3274,387,'遂昌县',3,0),(3275,387,'松阳县',3,0),(3276,387,'云和县',3,0),(3277,387,'庆元县',3,0),(3278,387,'景宁',3,0),(3279,388,'海曙区',3,0),(3280,388,'江东区',3,0),(3281,388,'江北区',3,0),(3282,388,'镇海区',3,0),(3283,388,'北仑区',3,0),(3284,388,'鄞州区',3,0),(3285,388,'余姚市',3,0),(3286,388,'慈溪市',3,0),(3287,388,'奉化市',3,0),(3288,388,'象山县',3,0),(3289,388,'宁海县',3,0),(3290,389,'越城区',3,0),(3291,389,'上虞市',3,0),(3292,389,'嵊州市',3,0),(3293,389,'绍兴县',3,0),(3294,389,'新昌县',3,0),(3295,389,'诸暨市',3,0),(3296,390,'椒江区',3,0),(3297,390,'黄岩区',3,0),(3298,390,'路桥区',3,0),(3299,390,'温岭市',3,0),(3300,390,'临海市',3,0),(3301,390,'玉环县',3,0),(3302,390,'三门县',3,0),(3303,390,'天台县',3,0),(3304,390,'仙居县',3,0),(3305,391,'鹿城区',3,0),(3306,391,'龙湾区',3,0),(3307,391,'瓯海区',3,0),(3308,391,'瑞安市',3,0),(3309,391,'乐清市',3,0),(3310,391,'洞头县',3,0),(3311,391,'永嘉县',3,0),(3312,391,'平阳县',3,0),(3313,391,'苍南县',3,0),(3314,391,'文成县',3,0),(3315,391,'泰顺县',3,0),(3316,392,'定海区',3,0),(3317,392,'普陀区',3,0),(3318,392,'岱山县',3,0),(3319,392,'嵊泗县',3,0),(3320,393,'衢州市',3,0),(3321,393,'江山市',3,0),(3322,393,'常山县',3,0),(3323,393,'开化县',3,0),(3324,393,'龙游县',3,0),(3325,394,'合川区',3,0),(3326,394,'江津区',3,0),(3327,394,'南川区',3,0),(3328,394,'永川区',3,0),(3329,394,'南岸区',3,0),(3330,394,'渝北区',3,0),(3331,394,'万盛区',3,0),(3332,394,'大渡口区',3,0),(3333,394,'万州区',3,0),(3334,394,'北碚区',3,0),(3335,394,'沙坪坝区',3,0),(3336,394,'巴南区',3,0),(3337,394,'涪陵区',3,0),(3338,394,'江北区',3,0),(3339,394,'九龙坡区',3,0),(3340,394,'渝中区',3,0),(3341,394,'黔江开发区',3,0),(3342,394,'长寿区',3,0),(3343,394,'双桥区',3,0),(3344,394,'綦江县',3,0),(3345,394,'潼南县',3,0),(3346,394,'铜梁县',3,0),(3347,394,'大足县',3,0),(3348,394,'荣昌县',3,0),(3349,394,'璧山县',3,0),(3350,394,'垫江县',3,0),(3351,394,'武隆县',3,0),(3352,394,'丰都县',3,0),(3353,394,'城口县',3,0),(3354,394,'梁平县',3,0),(3355,394,'开县',3,0),(3356,394,'巫溪县',3,0),(3357,394,'巫山县',3,0),(3358,394,'奉节县',3,0),(3359,394,'云阳县',3,0),(3360,394,'忠县',3,0),(3361,394,'石柱',3,0),(3362,394,'彭水',3,0),(3363,394,'酉阳',3,0),(3364,394,'秀山',3,0),(3365,395,'沙田区',3,0),(3366,395,'东区',3,0),(3367,395,'观塘区',3,0),(3368,395,'黄大仙区',3,0),(3369,395,'九龙城区',3,0),(3370,395,'屯门区',3,0),(3371,395,'葵青区',3,0),(3372,395,'元朗区',3,0),(3373,395,'深水埗区',3,0),(3374,395,'西贡区',3,0),(3375,395,'大埔区',3,0),(3376,395,'湾仔区',3,0),(3377,395,'油尖旺区',3,0),(3378,395,'北区',3,0),(3379,395,'南区',3,0),(3380,395,'荃湾区',3,0),(3381,395,'中西区',3,0),(3382,395,'离岛区',3,0),(3383,396,'澳门',3,0),(3384,397,'台北',3,0),(3385,397,'高雄',3,0),(3386,397,'基隆',3,0),(3387,397,'台中',3,0),(3388,397,'台南',3,0),(3389,397,'新竹',3,0),(3390,397,'嘉义',3,0),(3391,397,'宜兰县',3,0),(3392,397,'桃园县',3,0),(3393,397,'苗栗县',3,0),(3394,397,'彰化县',3,0),(3395,397,'南投县',3,0),(3396,397,'云林县',3,0),(3397,397,'屏东县',3,0),(3398,397,'台东县',3,0),(3399,397,'花莲县',3,0),(3400,397,'澎湖县',3,0),(3401,3,'合肥',2,0),(3402,3401,'庐阳区',3,0),(3403,3401,'瑶海区',3,0),(3404,3401,'蜀山区',3,0),(3405,3401,'包河区',3,0),(3406,3401,'长丰县',3,0),(3407,3401,'肥东县',3,0),(3408,3401,'肥西县',3,0);
/*!40000 ALTER TABLE `ecs_region` ENABLE KEYS */;
UNLOCK TABLES;

--
-- Table structure for table `ecs_role`
--

DROP TABLE IF EXISTS `ecs_role`;
/*!40101 SET @saved_cs_client     = @@character_set_client */;
/*!40101 SET character_set_client = utf8 */;
CREATE TABLE `ecs_role` (
  `role_id` smallint(5) unsigned NOT NULL AUTO_INCREMENT,
  `role_name` varchar(60) NOT NULL DEFAULT '',
  `action_list` text NOT NULL,
  `role_describe` text,
  PRIMARY KEY (`role_id`),
  KEY `user_name` (`role_name`)
) ENGINE=MyISAM DEFAULT CHARSET=utf8;
/*!40101 SET character_set_client = @saved_cs_client */;

--
-- Dumping data for table `ecs_role`
--

LOCK TABLES `ecs_role` WRITE;
/*!40000 ALTER TABLE `ecs_role` DISABLE KEYS */;
/*!40000 ALTER TABLE `ecs_role` ENABLE KEYS */;
UNLOCK TABLES;

--
-- Table structure for table `ecs_searchengine`
--

DROP TABLE IF EXISTS `ecs_searchengine`;
/*!40101 SET @saved_cs_client     = @@character_set_client */;
/*!40101 SET character_set_client = utf8 */;
CREATE TABLE `ecs_searchengine` (
  `date` date NOT NULL DEFAULT '0000-00-00',
  `searchengine` varchar(20) NOT NULL DEFAULT '',
  `count` mediumint(8) unsigned NOT NULL DEFAULT '0',
  PRIMARY KEY (`date`,`searchengine`)
) ENGINE=MyISAM DEFAULT CHARSET=utf8;
/*!40101 SET character_set_client = @saved_cs_client */;

--
-- Dumping data for table `ecs_searchengine`
--

LOCK TABLES `ecs_searchengine` WRITE;
/*!40000 ALTER TABLE `ecs_searchengine` DISABLE KEYS */;
INSERT INTO `ecs_searchengine` VALUES ('2015-10-04','GOOGLE',496),('2015-10-05','GOOGLE',997);
/*!40000 ALTER TABLE `ecs_searchengine` ENABLE KEYS */;
UNLOCK TABLES;

--
-- Table structure for table `ecs_sessions`
--

DROP TABLE IF EXISTS `ecs_sessions`;
/*!40101 SET @saved_cs_client     = @@character_set_client */;
/*!40101 SET character_set_client = utf8 */;
CREATE TABLE `ecs_sessions` (
  `sesskey` char(32) CHARACTER SET utf8 COLLATE utf8_bin NOT NULL DEFAULT '',
  `expiry` int(10) unsigned NOT NULL DEFAULT '0',
  `userid` mediumint(8) unsigned NOT NULL DEFAULT '0',
  `adminid` mediumint(8) unsigned NOT NULL DEFAULT '0',
  `ip` char(15) NOT NULL DEFAULT '',
  `user_name` varchar(60) NOT NULL,
  `user_rank` tinyint(3) NOT NULL,
  `discount` decimal(3,2) NOT NULL,
  `email` varchar(60) NOT NULL,
  `data` char(255) NOT NULL DEFAULT '',
  PRIMARY KEY (`sesskey`),
  KEY `expiry` (`expiry`)
) ENGINE=MEMORY DEFAULT CHARSET=utf8;
/*!40101 SET character_set_client = @saved_cs_client */;

--
-- Dumping data for table `ecs_sessions`
--

LOCK TABLES `ecs_sessions` WRITE;
/*!40000 ALTER TABLE `ecs_sessions` DISABLE KEYS */;
INSERT INTO `ecs_sessions` VALUES ('8946102a3218b0f0759d27027a0c6483',1462628129,0,0,'0.0.0.0','0',0,1.00,'0','a:3:{s:7:\"from_ad\";i:0;s:7:\"referer\";s:6:\"本站\";s:10:\"login_fail\";i:0;}'),('e3c50e00f7f6991bb1ab5dad2eb861fa',1462630065,0,0,'0.0.0.0','0',0,0.00,'0','a:1:{s:10:\"last_check\";i:1462630065;}');
/*!40000 ALTER TABLE `ecs_sessions` ENABLE KEYS */;
UNLOCK TABLES;

--
-- Table structure for table `ecs_sessions_data`
--

DROP TABLE IF EXISTS `ecs_sessions_data`;
/*!40101 SET @saved_cs_client     = @@character_set_client */;
/*!40101 SET character_set_client = utf8 */;
CREATE TABLE `ecs_sessions_data` (
  `sesskey` varchar(32) CHARACTER SET utf8 COLLATE utf8_bin NOT NULL DEFAULT '',
  `expiry` int(10) unsigned NOT NULL DEFAULT '0',
  `data` longtext NOT NULL,
  PRIMARY KEY (`sesskey`),
  KEY `expiry` (`expiry`)
) ENGINE=MyISAM DEFAULT CHARSET=utf8;
/*!40101 SET character_set_client = @saved_cs_client */;

--
-- Dumping data for table `ecs_sessions_data`
--

LOCK TABLES `ecs_sessions_data` WRITE;
/*!40000 ALTER TABLE `ecs_sessions_data` DISABLE KEYS */;
INSERT INTO `ecs_sessions_data` VALUES ('f2dca6284906e244f081ccc018b3f356',2880288784,'a:8:{s:7:\"from_ad\";i:0;s:7:\"referer\";s:6:\"本站\";s:10:\"login_fail\";i:0;s:13:\"captcha_login\";s:16:\"YzA2ZjdmNjA4Yw==\";s:12:\"captcha_word\";s:16:\"NjY3MWJkZGUzZQ==\";s:9:\"last_time\";s:10:\"1440115135\";s:7:\"last_ip\";s:13:\"192.168.1.152\";s:7:\"headimg\";s:0:\"\";}'),('fe18957d28c0ef3f6cbcae8fa91c8c60',4294967295,'a:7:{s:9:\"last_time\";s:10:\"1443585186\";s:7:\"last_ip\";s:13:\"58.61.246.150\";s:10:\"login_fail\";i:0;s:9:\"flow_type\";i:0;s:10:\"flow_order\";a:9:{s:14:\"extension_code\";s:0:\"\";s:11:\"shipping_id\";i:4;s:6:\"pay_id\";i:8;s:7:\"pack_id\";i:0;s:7:\"card_id\";i:0;s:5:\"bonus\";i:0;s:8:\"integral\";i:0;s:7:\"surplus\";i:0;s:8:\"pay_code\";s:6:\"weixin\";}s:13:\"sel_cartgoods\";s:2:\"26\";s:14:\"flow_consignee\";a:14:{s:10:\"address_id\";i:0;s:9:\"consignee\";s:6:\"张波\";s:7:\"country\";s:1:\"1\";s:8:\"province\";s:1:\"6\";s:4:\"city\";s:2:\"76\";s:8:\"district\";s:3:\"696\";s:5:\"email\";s:12:\"test@126.com\";s:7:\"address\";s:6:\"吃啥\";s:7:\"zipcode\";s:0:\"\";s:3:\"tel\";s:0:\"\";s:6:\"mobile\";s:11:\"13111111111\";s:13:\"sign_building\";s:0:\"\";s:9:\"best_time\";s:0:\"\";s:7:\"user_id\";s:1:\"9\";}}'),('89d63a0442c314505c2104ca4c2690c0',4294967295,'a:4:{s:10:\"admin_name\";s:8:\"admin888\";s:11:\"action_list\";s:1396:\"goods_manage,remove_back,cat_manage,cat_drop,attr_manage,brand_manage,comment_priv,tag_manage,goods_type,goods_auto,virualcard,picture_batch,goods_export,goods_batch,gen_goods_script,question_manage,shaidan_manage,scan_store,order_comment_priv,article_cat,shopinfo_manage,shophelp_manage,vote_priv,article_auto,feedback_priv,integrate_users,sync_users,users_manage,users_drop,user_rank,surplus_manage,account_manage,template_manage,logs_manage,logs_drop,agency_manage,suppliers_manage,role_manage,shop_config,ship_manage,payment,shiparea_manage,area_manage,friendlink,db_backup,db_renew,flash_manage,navigator,cron,affiliate,affiliate_ck,sitemap,file_priv,file_check,reg_fields,shop_authorized,webcollect_manage,order_os_edit,order_ps_edit,order_ss_edit,order_edit,order_view,order_view_finished,repay_manage,booking,sale_order_stats,client_flow_stats,delivery_view,back_view,invoice_manage,topic_manage,snatch_manage,ad_manage,gift_manage,card_manage,pack,bonus_manage,auction,group_by,favourable,whole_sale,package_manage,exchange_goods,takegoods_list,takegoods_order,attention_list,email_list,magazine_list,view_sendlist,send_mail,db_backup,db_renew,sms_send,supplier_manage,supplier_rank,supplier_rebate,supplier_tag,weixin_config,weixin_addconfig,weixin_menu,weixin_notice,weixin_keywords,weixin_fans,weixin_news,weixin_addqcode,weixin_qcode,weixin_reg,pickup_point_manage,pickup_point_batch\";s:10:\"last_check\";i:1443825110;s:12:\"suppliers_id\";s:1:\"0\";}'),('2cbffa9c8af0fa4b4f6658321593ebf0',2887244621,'a:10:{s:7:\"from_ad\";i:0;s:7:\"referer\";s:6:\"本站\";s:10:\"login_fail\";i:0;s:9:\"last_time\";s:10:\"1443593506\";s:7:\"last_ip\";s:13:\"58.61.246.150\";s:14:\"display_search\";s:4:\"grid\";s:9:\"flow_type\";i:0;s:10:\"flow_order\";a:8:{s:14:\"extension_code\";s:0:\"\";s:11:\"shipping_id\";s:1:\"4\";s:6:\"pay_id\";s:1:\"8\";s:7:\"pack_id\";i:0;s:7:\"card_id\";i:0;s:5:\"bonus\";i:0;s:8:\"integral\";i:0;s:7:\"surplus\";i:0;}s:13:\"sel_cartgoods\";s:5:\"28,27\";s:14:\"flow_consignee\";a:15:{s:10:\"address_id\";s:2:\"17\";s:12:\"address_name\";s:0:\"\";s:7:\"user_id\";s:1:\"9\";s:9:\"consignee\";s:6:\"张波\";s:5:\"email\";s:12:\"test@126.com\";s:7:\"country\";s:1:\"1\";s:8:\"province\";s:1:\"6\";s:4:\"city\";s:2:\"76\";s:8:\"district\";s:3:\"696\";s:7:\"address\";s:6:\"吃啥\";s:7:\"zipcode\";s:0:\"\";s:3:\"tel\";s:0:\"\";s:6:\"mobile\";s:11:\"13111111111\";s:13:\"sign_building\";s:0:\"\";s:9:\"best_time\";s:0:\"\";}}'),('0289f9bf810ac90f8591854150a63e62',2887245693,'a:8:{s:7:\"from_ad\";i:0;s:7:\"referer\";s:6:\"本站\";s:10:\"login_fail\";i:0;s:13:\"captcha_login\";s:16:\"NmYyMDg1NDFkZg==\";s:9:\"last_time\";s:10:\"1443593627\";s:7:\"last_ip\";s:13:\"58.61.246.150\";s:7:\"headimg\";s:0:\"\";s:14:\"display_search\";s:4:\"grid\";}'),('7bd2f1f86ae962b8080f8a2bd725049b',4294967295,'a:8:{s:7:\"from_ad\";i:0;s:7:\"referer\";s:6:\"本站\";s:10:\"login_fail\";i:0;s:9:\"last_time\";s:10:\"1443606720\";s:7:\"last_ip\";s:14:\"223.73.194.180\";s:9:\"flow_type\";i:0;s:13:\"sel_cartgoods\";s:8:\"30,31,29\";s:14:\"display_search\";s:4:\"grid\";}'),('2c7b2ab03f6c49fa0aaa35214941e693',2887344823,'a:4:{s:10:\"admin_name\";s:8:\"admin888\";s:11:\"action_list\";s:1396:\"goods_manage,remove_back,cat_manage,cat_drop,attr_manage,brand_manage,comment_priv,tag_manage,goods_type,goods_auto,virualcard,picture_batch,goods_export,goods_batch,gen_goods_script,question_manage,shaidan_manage,scan_store,order_comment_priv,article_cat,shopinfo_manage,shophelp_manage,vote_priv,article_auto,feedback_priv,integrate_users,sync_users,users_manage,users_drop,user_rank,surplus_manage,account_manage,template_manage,logs_manage,logs_drop,agency_manage,suppliers_manage,role_manage,shop_config,ship_manage,payment,shiparea_manage,area_manage,friendlink,db_backup,db_renew,flash_manage,navigator,cron,affiliate,affiliate_ck,sitemap,file_priv,file_check,reg_fields,shop_authorized,webcollect_manage,order_os_edit,order_ps_edit,order_ss_edit,order_edit,order_view,order_view_finished,repay_manage,booking,sale_order_stats,client_flow_stats,delivery_view,back_view,invoice_manage,topic_manage,snatch_manage,ad_manage,gift_manage,card_manage,pack,bonus_manage,auction,group_by,favourable,whole_sale,package_manage,exchange_goods,takegoods_list,takegoods_order,attention_list,email_list,magazine_list,view_sendlist,send_mail,db_backup,db_renew,sms_send,supplier_manage,supplier_rank,supplier_rebate,supplier_tag,weixin_config,weixin_addconfig,weixin_menu,weixin_notice,weixin_keywords,weixin_fans,weixin_news,weixin_addqcode,weixin_qcode,weixin_reg,pickup_point_manage,pickup_point_batch\";s:10:\"last_check\";s:10:\"1443589014\";s:12:\"suppliers_id\";s:1:\"0\";}'),('d6147f8dba044436556ac7331bce1f83',4294967295,'a:4:{s:10:\"admin_name\";s:8:\"admin888\";s:11:\"action_list\";s:1396:\"goods_manage,remove_back,cat_manage,cat_drop,attr_manage,brand_manage,comment_priv,tag_manage,goods_type,goods_auto,virualcard,picture_batch,goods_export,goods_batch,gen_goods_script,question_manage,shaidan_manage,scan_store,order_comment_priv,article_cat,shopinfo_manage,shophelp_manage,vote_priv,article_auto,feedback_priv,integrate_users,sync_users,users_manage,users_drop,user_rank,surplus_manage,account_manage,template_manage,logs_manage,logs_drop,agency_manage,suppliers_manage,role_manage,shop_config,ship_manage,payment,shiparea_manage,area_manage,friendlink,db_backup,db_renew,flash_manage,navigator,cron,affiliate,affiliate_ck,sitemap,file_priv,file_check,reg_fields,shop_authorized,webcollect_manage,order_os_edit,order_ps_edit,order_ss_edit,order_edit,order_view,order_view_finished,repay_manage,booking,sale_order_stats,client_flow_stats,delivery_view,back_view,invoice_manage,topic_manage,snatch_manage,ad_manage,gift_manage,card_manage,pack,bonus_manage,auction,group_by,favourable,whole_sale,package_manage,exchange_goods,takegoods_list,takegoods_order,attention_list,email_list,magazine_list,view_sendlist,send_mail,db_backup,db_renew,sms_send,supplier_manage,supplier_rank,supplier_rebate,supplier_tag,weixin_config,weixin_addconfig,weixin_menu,weixin_notice,weixin_keywords,weixin_fans,weixin_news,weixin_addqcode,weixin_qcode,weixin_reg,pickup_point_manage,pickup_point_batch\";s:10:\"last_check\";i:1443644225;s:12:\"suppliers_id\";s:1:\"0\";}'),('a47942569d662a5b64683017e8bbb8fd',4294967295,'a:4:{s:10:\"admin_name\";s:8:\"admin888\";s:11:\"action_list\";s:1396:\"goods_manage,remove_back,cat_manage,cat_drop,attr_manage,brand_manage,comment_priv,tag_manage,goods_type,goods_auto,virualcard,picture_batch,goods_export,goods_batch,gen_goods_script,question_manage,shaidan_manage,scan_store,order_comment_priv,article_cat,shopinfo_manage,shophelp_manage,vote_priv,article_auto,feedback_priv,integrate_users,sync_users,users_manage,users_drop,user_rank,surplus_manage,account_manage,template_manage,logs_manage,logs_drop,agency_manage,suppliers_manage,role_manage,shop_config,ship_manage,payment,shiparea_manage,area_manage,friendlink,db_backup,db_renew,flash_manage,navigator,cron,affiliate,affiliate_ck,sitemap,file_priv,file_check,reg_fields,shop_authorized,webcollect_manage,order_os_edit,order_ps_edit,order_ss_edit,order_edit,order_view,order_view_finished,repay_manage,booking,sale_order_stats,client_flow_stats,delivery_view,back_view,invoice_manage,topic_manage,snatch_manage,ad_manage,gift_manage,card_manage,pack,bonus_manage,auction,group_by,favourable,whole_sale,package_manage,exchange_goods,takegoods_list,takegoods_order,attention_list,email_list,magazine_list,view_sendlist,send_mail,db_backup,db_renew,sms_send,supplier_manage,supplier_rank,supplier_rebate,supplier_tag,weixin_config,weixin_addconfig,weixin_menu,weixin_notice,weixin_keywords,weixin_fans,weixin_news,weixin_addqcode,weixin_qcode,weixin_reg,pickup_point_manage,pickup_point_batch\";s:10:\"last_check\";i:1443661977;s:12:\"suppliers_id\";s:1:\"0\";}'),('e10985a4ebb14b12c22d3345b0af891b',4294967295,'a:8:{s:7:\"from_ad\";i:0;s:7:\"referer\";s:6:\"本站\";s:10:\"login_fail\";i:0;s:13:\"captcha_login\";s:16:\"MzA4YWI2N2MxMQ==\";s:9:\"flow_type\";i:0;s:13:\"sel_cartgoods\";s:2:\"32\";s:12:\"captcha_word\";s:16:\"NmJjZDkyMWZiYw==\";s:15:\"mobile_register\";a:0:{}}'),('05ed98d972771b5e366b94809e74a046',4294967295,'a:8:{s:7:\"from_ad\";i:0;s:7:\"referer\";s:6:\"本站\";s:10:\"login_fail\";i:0;s:13:\"captcha_login\";s:16:\"ZWVkZmM1N2Y0Zg==\";s:14:\"display_search\";s:4:\"grid\";s:9:\"flow_type\";i:0;s:13:\"sel_cartgoods\";s:2:\"33\";s:12:\"captcha_word\";s:16:\"YjI4ZjcxMmUyYw==\";}'),('3b3ccfbdcfd39284f24a309c3b65bd54',4294967295,'a:7:{s:9:\"last_time\";s:10:\"1443688075\";s:7:\"last_ip\";s:13:\"119.131.80.20\";s:10:\"login_fail\";i:0;s:9:\"flow_type\";i:0;s:10:\"flow_order\";a:9:{s:14:\"extension_code\";s:0:\"\";s:11:\"shipping_id\";s:1:\"4\";s:6:\"pay_id\";i:8;s:7:\"pack_id\";i:0;s:7:\"card_id\";i:0;s:5:\"bonus\";i:0;s:8:\"integral\";i:0;s:7:\"surplus\";i:0;s:8:\"pay_code\";s:6:\"weixin\";}s:13:\"sel_cartgoods\";s:2:\"34\";s:14:\"flow_consignee\";a:15:{s:10:\"address_id\";s:2:\"17\";s:12:\"address_name\";s:0:\"\";s:7:\"user_id\";s:1:\"9\";s:9:\"consignee\";s:6:\"张波\";s:5:\"email\";s:12:\"test@126.com\";s:7:\"country\";s:1:\"1\";s:8:\"province\";s:1:\"6\";s:4:\"city\";s:2:\"76\";s:8:\"district\";s:3:\"696\";s:7:\"address\";s:6:\"吃啥\";s:7:\"zipcode\";s:0:\"\";s:3:\"tel\";s:0:\"\";s:6:\"mobile\";s:11:\"13111111111\";s:13:\"sign_building\";s:0:\"\";s:9:\"best_time\";s:0:\"\";}}'),('d609f2488d444a4c6e22321ed68ce144',4294967295,'a:4:{s:10:\"admin_name\";s:8:\"admin888\";s:11:\"action_list\";s:1396:\"goods_manage,remove_back,cat_manage,cat_drop,attr_manage,brand_manage,comment_priv,tag_manage,goods_type,goods_auto,virualcard,picture_batch,goods_export,goods_batch,gen_goods_script,question_manage,shaidan_manage,scan_store,order_comment_priv,article_cat,shopinfo_manage,shophelp_manage,vote_priv,article_auto,feedback_priv,integrate_users,sync_users,users_manage,users_drop,user_rank,surplus_manage,account_manage,template_manage,logs_manage,logs_drop,agency_manage,suppliers_manage,role_manage,shop_config,ship_manage,payment,shiparea_manage,area_manage,friendlink,db_backup,db_renew,flash_manage,navigator,cron,affiliate,affiliate_ck,sitemap,file_priv,file_check,reg_fields,shop_authorized,webcollect_manage,order_os_edit,order_ps_edit,order_ss_edit,order_edit,order_view,order_view_finished,repay_manage,booking,sale_order_stats,client_flow_stats,delivery_view,back_view,invoice_manage,topic_manage,snatch_manage,ad_manage,gift_manage,card_manage,pack,bonus_manage,auction,group_by,favourable,whole_sale,package_manage,exchange_goods,takegoods_list,takegoods_order,attention_list,email_list,magazine_list,view_sendlist,send_mail,db_backup,db_renew,sms_send,supplier_manage,supplier_rank,supplier_rebate,supplier_tag,weixin_config,weixin_addconfig,weixin_menu,weixin_notice,weixin_keywords,weixin_fans,weixin_news,weixin_addqcode,weixin_qcode,weixin_reg,pickup_point_manage,pickup_point_batch\";s:10:\"last_check\";i:1443825097;s:12:\"suppliers_id\";s:1:\"0\";}'),('aa1d7d79d789f594e7939537a5353970',4294967295,'a:4:{s:10:\"last_check\";i:1443829143;s:10:\"admin_name\";s:8:\"admin888\";s:11:\"action_list\";s:1396:\"goods_manage,remove_back,cat_manage,cat_drop,attr_manage,brand_manage,comment_priv,tag_manage,goods_type,goods_auto,virualcard,picture_batch,goods_export,goods_batch,gen_goods_script,question_manage,shaidan_manage,scan_store,order_comment_priv,article_cat,shopinfo_manage,shophelp_manage,vote_priv,article_auto,feedback_priv,integrate_users,sync_users,users_manage,users_drop,user_rank,surplus_manage,account_manage,template_manage,logs_manage,logs_drop,agency_manage,suppliers_manage,role_manage,shop_config,ship_manage,payment,shiparea_manage,area_manage,friendlink,db_backup,db_renew,flash_manage,navigator,cron,affiliate,affiliate_ck,sitemap,file_priv,file_check,reg_fields,shop_authorized,webcollect_manage,order_os_edit,order_ps_edit,order_ss_edit,order_edit,order_view,order_view_finished,repay_manage,booking,sale_order_stats,client_flow_stats,delivery_view,back_view,invoice_manage,topic_manage,snatch_manage,ad_manage,gift_manage,card_manage,pack,bonus_manage,auction,group_by,favourable,whole_sale,package_manage,exchange_goods,takegoods_list,takegoods_order,attention_list,email_list,magazine_list,view_sendlist,send_mail,db_backup,db_renew,sms_send,supplier_manage,supplier_rank,supplier_rebate,supplier_tag,weixin_config,weixin_addconfig,weixin_menu,weixin_notice,weixin_keywords,weixin_fans,weixin_news,weixin_addqcode,weixin_qcode,weixin_reg,pickup_point_manage,pickup_point_batch\";s:12:\"suppliers_id\";s:1:\"0\";}'),('34d4e27f9b5d88a4bae662b07feb435c',2887711677,'a:4:{s:10:\"admin_name\";s:8:\"admin888\";s:11:\"action_list\";s:1396:\"goods_manage,remove_back,cat_manage,cat_drop,attr_manage,brand_manage,comment_priv,tag_manage,goods_type,goods_auto,virualcard,picture_batch,goods_export,goods_batch,gen_goods_script,question_manage,shaidan_manage,scan_store,order_comment_priv,article_cat,shopinfo_manage,shophelp_manage,vote_priv,article_auto,feedback_priv,integrate_users,sync_users,users_manage,users_drop,user_rank,surplus_manage,account_manage,template_manage,logs_manage,logs_drop,agency_manage,suppliers_manage,role_manage,shop_config,ship_manage,payment,shiparea_manage,area_manage,friendlink,db_backup,db_renew,flash_manage,navigator,cron,affiliate,affiliate_ck,sitemap,file_priv,file_check,reg_fields,shop_authorized,webcollect_manage,order_os_edit,order_ps_edit,order_ss_edit,order_edit,order_view,order_view_finished,repay_manage,booking,sale_order_stats,client_flow_stats,delivery_view,back_view,invoice_manage,topic_manage,snatch_manage,ad_manage,gift_manage,card_manage,pack,bonus_manage,auction,group_by,favourable,whole_sale,package_manage,exchange_goods,takegoods_list,takegoods_order,attention_list,email_list,magazine_list,view_sendlist,send_mail,db_backup,db_renew,sms_send,supplier_manage,supplier_rank,supplier_rebate,supplier_tag,weixin_config,weixin_addconfig,weixin_menu,weixin_notice,weixin_keywords,weixin_fans,weixin_news,weixin_addqcode,weixin_qcode,weixin_reg,pickup_point_manage,pickup_point_batch\";s:10:\"last_check\";i:1443827041;s:12:\"suppliers_id\";s:1:\"0\";}'),('3e0e81406ca7a7f127c58979e3d9c4fc',4294967295,'a:4:{s:10:\"last_check\";i:1443834182;s:10:\"admin_name\";s:8:\"admin888\";s:11:\"action_list\";s:1396:\"goods_manage,remove_back,cat_manage,cat_drop,attr_manage,brand_manage,comment_priv,tag_manage,goods_type,goods_auto,virualcard,picture_batch,goods_export,goods_batch,gen_goods_script,question_manage,shaidan_manage,scan_store,order_comment_priv,article_cat,shopinfo_manage,shophelp_manage,vote_priv,article_auto,feedback_priv,integrate_users,sync_users,users_manage,users_drop,user_rank,surplus_manage,account_manage,template_manage,logs_manage,logs_drop,agency_manage,suppliers_manage,role_manage,shop_config,ship_manage,payment,shiparea_manage,area_manage,friendlink,db_backup,db_renew,flash_manage,navigator,cron,affiliate,affiliate_ck,sitemap,file_priv,file_check,reg_fields,shop_authorized,webcollect_manage,order_os_edit,order_ps_edit,order_ss_edit,order_edit,order_view,order_view_finished,repay_manage,booking,sale_order_stats,client_flow_stats,delivery_view,back_view,invoice_manage,topic_manage,snatch_manage,ad_manage,gift_manage,card_manage,pack,bonus_manage,auction,group_by,favourable,whole_sale,package_manage,exchange_goods,takegoods_list,takegoods_order,attention_list,email_list,magazine_list,view_sendlist,send_mail,db_backup,db_renew,sms_send,supplier_manage,supplier_rank,supplier_rebate,supplier_tag,weixin_config,weixin_addconfig,weixin_menu,weixin_notice,weixin_keywords,weixin_fans,weixin_news,weixin_addqcode,weixin_qcode,weixin_reg,pickup_point_manage,pickup_point_batch\";s:12:\"suppliers_id\";s:1:\"0\";}'),('79107dc71f9e44ad505b40da2603330b',4294967295,'a:4:{s:10:\"last_check\";i:1443843662;s:10:\"admin_name\";s:8:\"admin888\";s:11:\"action_list\";s:1396:\"goods_manage,remove_back,cat_manage,cat_drop,attr_manage,brand_manage,comment_priv,tag_manage,goods_type,goods_auto,virualcard,picture_batch,goods_export,goods_batch,gen_goods_script,question_manage,shaidan_manage,scan_store,order_comment_priv,article_cat,shopinfo_manage,shophelp_manage,vote_priv,article_auto,feedback_priv,integrate_users,sync_users,users_manage,users_drop,user_rank,surplus_manage,account_manage,template_manage,logs_manage,logs_drop,agency_manage,suppliers_manage,role_manage,shop_config,ship_manage,payment,shiparea_manage,area_manage,friendlink,db_backup,db_renew,flash_manage,navigator,cron,affiliate,affiliate_ck,sitemap,file_priv,file_check,reg_fields,shop_authorized,webcollect_manage,order_os_edit,order_ps_edit,order_ss_edit,order_edit,order_view,order_view_finished,repay_manage,booking,sale_order_stats,client_flow_stats,delivery_view,back_view,invoice_manage,topic_manage,snatch_manage,ad_manage,gift_manage,card_manage,pack,bonus_manage,auction,group_by,favourable,whole_sale,package_manage,exchange_goods,takegoods_list,takegoods_order,attention_list,email_list,magazine_list,view_sendlist,send_mail,db_backup,db_renew,sms_send,supplier_manage,supplier_rank,supplier_rebate,supplier_tag,weixin_config,weixin_addconfig,weixin_menu,weixin_notice,weixin_keywords,weixin_fans,weixin_news,weixin_addqcode,weixin_qcode,weixin_reg,pickup_point_manage,pickup_point_batch\";s:12:\"suppliers_id\";s:1:\"0\";}'),('45d181ce71b9648bb3958b05e4e4ec11',4294967295,'a:4:{s:10:\"admin_name\";s:8:\"admin888\";s:11:\"action_list\";s:1396:\"goods_manage,remove_back,cat_manage,cat_drop,attr_manage,brand_manage,comment_priv,tag_manage,goods_type,goods_auto,virualcard,picture_batch,goods_export,goods_batch,gen_goods_script,question_manage,shaidan_manage,scan_store,order_comment_priv,article_cat,shopinfo_manage,shophelp_manage,vote_priv,article_auto,feedback_priv,integrate_users,sync_users,users_manage,users_drop,user_rank,surplus_manage,account_manage,template_manage,logs_manage,logs_drop,agency_manage,suppliers_manage,role_manage,shop_config,ship_manage,payment,shiparea_manage,area_manage,friendlink,db_backup,db_renew,flash_manage,navigator,cron,affiliate,affiliate_ck,sitemap,file_priv,file_check,reg_fields,shop_authorized,webcollect_manage,order_os_edit,order_ps_edit,order_ss_edit,order_edit,order_view,order_view_finished,repay_manage,booking,sale_order_stats,client_flow_stats,delivery_view,back_view,invoice_manage,topic_manage,snatch_manage,ad_manage,gift_manage,card_manage,pack,bonus_manage,auction,group_by,favourable,whole_sale,package_manage,exchange_goods,takegoods_list,takegoods_order,attention_list,email_list,magazine_list,view_sendlist,send_mail,db_backup,db_renew,sms_send,supplier_manage,supplier_rank,supplier_rebate,supplier_tag,weixin_config,weixin_addconfig,weixin_menu,weixin_notice,weixin_keywords,weixin_fans,weixin_news,weixin_addqcode,weixin_qcode,weixin_reg,pickup_point_manage,pickup_point_batch\";s:10:\"last_check\";i:1443918194;s:12:\"suppliers_id\";s:1:\"0\";}'),('61bf89df356581a13f1e73ed285200b4',4294967295,'a:8:{s:7:\"from_ad\";i:0;s:7:\"referer\";s:6:\"本站\";s:10:\"login_fail\";i:0;s:13:\"captcha_login\";s:16:\"NzY0MmU1ZGRkMQ==\";s:9:\"last_time\";s:10:\"1443862015\";s:7:\"last_ip\";s:12:\"116.24.29.37\";s:7:\"headimg\";s:0:\"\";s:14:\"display_search\";s:4:\"grid\";}'),('59a4a147b3593a1caa7ca3b6f28e5254',4294967295,'a:11:{s:7:\"from_ad\";i:0;s:7:\"referer\";s:6:\"本站\";s:10:\"login_fail\";i:0;s:9:\"last_time\";s:10:\"1443926298\";s:7:\"last_ip\";s:13:\"112.94.199.53\";s:7:\"headimg\";s:0:\"\";s:9:\"flow_type\";i:0;s:13:\"sel_cartgoods\";s:2:\"39\";s:14:\"extension_code\";s:0:\"\";s:14:\"flow_consignee\";a:15:{s:10:\"address_id\";s:2:\"17\";s:12:\"address_name\";s:0:\"\";s:7:\"user_id\";s:1:\"9\";s:9:\"consignee\";s:6:\"张波\";s:5:\"email\";s:12:\"test@126.com\";s:7:\"country\";s:1:\"1\";s:8:\"province\";s:1:\"6\";s:4:\"city\";s:2:\"76\";s:8:\"district\";s:3:\"696\";s:7:\"address\";s:6:\"吃啥\";s:7:\"zipcode\";s:0:\"\";s:3:\"tel\";s:0:\"\";s:6:\"mobile\";s:11:\"13111111111\";s:13:\"sign_building\";s:0:\"\";s:9:\"best_time\";s:0:\"\";}s:10:\"flow_order\";a:7:{s:11:\"shipping_id\";i:0;s:6:\"pay_id\";i:0;s:7:\"pack_id\";i:0;s:7:\"card_id\";i:0;s:5:\"bonus\";i:0;s:8:\"integral\";i:0;s:7:\"surplus\";i:0;}}'),('c1018bbc578b742074d0a66ed4beb6c6',4294967295,'a:4:{s:10:\"admin_name\";s:8:\"admin888\";s:11:\"action_list\";s:1377:\"goods_manage,remove_back,cat_manage,cat_drop,attr_manage,brand_manage,comment_priv,tag_manage,goods_type,goods_auto,virualcard,picture_batch,goods_export,goods_batch,gen_goods_script,question_manage,shaidan_manage,scan_store,order_comment_priv,article_cat,shopinfo_manage,shophelp_manage,vote_priv,article_auto,feedback_priv,integrate_users,sync_users,users_manage,users_drop,user_rank,surplus_manage,account_manage,template_manage,logs_manage,logs_drop,agency_manage,suppliers_manage,role_manage,shop_config,ship_manage,payment,shiparea_manage,area_manage,friendlink,flash_manage,navigator,cron,affiliate,affiliate_ck,sitemap,file_priv,file_check,reg_fields,shop_authorized,webcollect_manage,order_os_edit,order_ps_edit,order_ss_edit,order_edit,order_view,order_view_finished,repay_manage,booking,sale_order_stats,client_flow_stats,delivery_view,back_view,invoice_manage,topic_manage,snatch_manage,ad_manage,gift_manage,card_manage,pack,bonus_manage,auction,group_by,favourable,whole_sale,package_manage,exchange_goods,takegoods_list,takegoods_order,attention_list,email_list,magazine_list,view_sendlist,send_mail,db_backup,db_renew,sms_send,supplier_manage,supplier_rank,supplier_rebate,supplier_tag,weixin_config,weixin_addconfig,weixin_menu,weixin_notice,weixin_keywords,weixin_fans,weixin_news,weixin_addqcode,weixin_qcode,weixin_reg,pickup_point_manage,pickup_point_batch\";s:10:\"last_check\";i:1443923403;s:12:\"suppliers_id\";s:1:\"0\";}'),('9aec7a9eac5aee943b1a66141af8d83e',4294967295,'a:11:{s:7:\"from_ad\";i:0;s:7:\"referer\";s:6:\"本站\";s:10:\"login_fail\";i:0;s:9:\"last_time\";s:10:\"1443926300\";s:7:\"last_ip\";s:13:\"112.94.199.53\";s:7:\"headimg\";s:0:\"\";s:9:\"flow_type\";i:0;s:13:\"sel_cartgoods\";s:2:\"39\";s:14:\"extension_code\";s:0:\"\";s:14:\"flow_consignee\";a:15:{s:10:\"address_id\";s:2:\"17\";s:12:\"address_name\";s:0:\"\";s:7:\"user_id\";s:1:\"9\";s:9:\"consignee\";s:6:\"张波\";s:5:\"email\";s:12:\"test@126.com\";s:7:\"country\";s:1:\"1\";s:8:\"province\";s:1:\"6\";s:4:\"city\";s:2:\"76\";s:8:\"district\";s:3:\"696\";s:7:\"address\";s:6:\"吃啥\";s:7:\"zipcode\";s:0:\"\";s:3:\"tel\";s:0:\"\";s:6:\"mobile\";s:11:\"13111111111\";s:13:\"sign_building\";s:0:\"\";s:9:\"best_time\";s:0:\"\";}s:10:\"flow_order\";a:7:{s:11:\"shipping_id\";i:0;s:6:\"pay_id\";i:0;s:7:\"pack_id\";i:0;s:7:\"card_id\";i:0;s:5:\"bonus\";i:0;s:8:\"integral\";i:0;s:7:\"surplus\";i:0;}}'),('4cda123d1be16f9a8eb269cfde17eb58',4294967295,'a:12:{s:7:\"from_ad\";i:0;s:7:\"referer\";s:6:\"本站\";s:10:\"login_fail\";i:0;s:9:\"last_time\";s:10:\"1443928871\";s:7:\"last_ip\";s:13:\"112.94.199.53\";s:7:\"headimg\";s:0:\"\";s:9:\"flow_type\";i:6;s:14:\"extension_code\";s:8:\"pre_sale\";s:12:\"extension_id\";s:2:\"19\";s:13:\"sel_cartgoods\";s:2:\"43\";s:14:\"flow_consignee\";a:15:{s:10:\"address_id\";s:2:\"17\";s:12:\"address_name\";s:0:\"\";s:7:\"user_id\";s:1:\"9\";s:9:\"consignee\";s:6:\"张波\";s:5:\"email\";s:12:\"test@126.com\";s:7:\"country\";s:1:\"1\";s:8:\"province\";s:1:\"6\";s:4:\"city\";s:2:\"76\";s:8:\"district\";s:3:\"696\";s:7:\"address\";s:6:\"吃啥\";s:7:\"zipcode\";s:0:\"\";s:3:\"tel\";s:0:\"\";s:6:\"mobile\";s:11:\"13111111111\";s:13:\"sign_building\";s:0:\"\";s:9:\"best_time\";s:0:\"\";}s:10:\"flow_order\";a:10:{s:12:\"shipping_pay\";a:1:{i:0;s:1:\"2\";}s:11:\"shipping_id\";i:0;s:6:\"pay_id\";i:0;s:7:\"pack_id\";i:0;s:7:\"card_id\";i:0;s:5:\"bonus\";i:0;s:8:\"integral\";i:0;s:7:\"surplus\";i:0;s:14:\"extension_code\";s:8:\"pre_sale\";s:12:\"extension_id\";s:2:\"19\";}}'),('19b2e50f8bea1044a71f59f306bd48f8',4294967295,'a:8:{s:7:\"from_ad\";i:0;s:7:\"referer\";s:6:\"本站\";s:10:\"login_fail\";i:0;s:9:\"last_time\";s:10:\"1443926331\";s:7:\"last_ip\";s:13:\"112.94.199.53\";s:7:\"headimg\";s:0:\"\";s:10:\"flow_order\";a:9:{s:11:\"shipping_id\";i:0;s:6:\"pay_id\";i:7;s:7:\"pack_id\";i:0;s:7:\"card_id\";i:0;s:5:\"bonus\";i:0;s:8:\"integral\";i:0;s:7:\"surplus\";i:0;s:8:\"pay_code\";s:6:\"weixin\";s:14:\"extension_code\";s:0:\"\";}s:14:\"display_search\";s:4:\"grid\";}'),('cff41adaae498d48d211434fa798c6d5',2887923638,'a:4:{s:10:\"admin_name\";s:8:\"admin888\";s:11:\"action_list\";s:1377:\"goods_manage,remove_back,cat_manage,cat_drop,attr_manage,brand_manage,comment_priv,tag_manage,goods_type,goods_auto,virualcard,picture_batch,goods_export,goods_batch,gen_goods_script,question_manage,shaidan_manage,scan_store,order_comment_priv,article_cat,shopinfo_manage,shophelp_manage,vote_priv,article_auto,feedback_priv,integrate_users,sync_users,users_manage,users_drop,user_rank,surplus_manage,account_manage,template_manage,logs_manage,logs_drop,agency_manage,suppliers_manage,role_manage,shop_config,ship_manage,payment,shiparea_manage,area_manage,friendlink,flash_manage,navigator,cron,affiliate,affiliate_ck,sitemap,file_priv,file_check,reg_fields,shop_authorized,webcollect_manage,order_os_edit,order_ps_edit,order_ss_edit,order_edit,order_view,order_view_finished,repay_manage,booking,sale_order_stats,client_flow_stats,delivery_view,back_view,invoice_manage,topic_manage,snatch_manage,ad_manage,gift_manage,card_manage,pack,bonus_manage,auction,group_by,favourable,whole_sale,package_manage,exchange_goods,takegoods_list,takegoods_order,attention_list,email_list,magazine_list,view_sendlist,send_mail,db_backup,db_renew,sms_send,supplier_manage,supplier_rank,supplier_rebate,supplier_tag,weixin_config,weixin_addconfig,weixin_menu,weixin_notice,weixin_keywords,weixin_fans,weixin_news,weixin_addqcode,weixin_qcode,weixin_reg,pickup_point_manage,pickup_point_batch\";s:10:\"last_check\";i:1443933021;s:12:\"suppliers_id\";s:1:\"0\";}'),('ead47fd39bb6266a083258c5c8f63f94',4294967295,'a:12:{s:7:\"from_ad\";i:0;s:7:\"referer\";s:6:\"本站\";s:10:\"login_fail\";i:0;s:9:\"last_time\";s:10:\"1443926399\";s:7:\"last_ip\";s:13:\"112.94.196.39\";s:7:\"headimg\";s:0:\"\";s:9:\"flow_type\";i:6;s:14:\"extension_code\";s:8:\"pre_sale\";s:12:\"extension_id\";s:2:\"16\";s:13:\"sel_cartgoods\";s:2:\"40\";s:14:\"flow_consignee\";a:15:{s:10:\"address_id\";s:2:\"17\";s:12:\"address_name\";s:0:\"\";s:7:\"user_id\";s:1:\"9\";s:9:\"consignee\";s:6:\"张波\";s:5:\"email\";s:12:\"test@126.com\";s:7:\"country\";s:1:\"1\";s:8:\"province\";s:1:\"6\";s:4:\"city\";s:2:\"76\";s:8:\"district\";s:3:\"696\";s:7:\"address\";s:6:\"吃啥\";s:7:\"zipcode\";s:0:\"\";s:3:\"tel\";s:0:\"\";s:6:\"mobile\";s:11:\"13111111111\";s:13:\"sign_building\";s:0:\"\";s:9:\"best_time\";s:0:\"\";}s:10:\"flow_order\";a:10:{s:12:\"shipping_pay\";a:1:{i:0;s:1:\"2\";}s:11:\"shipping_id\";i:0;s:6:\"pay_id\";i:0;s:7:\"pack_id\";i:0;s:7:\"card_id\";i:0;s:5:\"bonus\";i:0;s:8:\"integral\";i:0;s:7:\"surplus\";i:0;s:14:\"extension_code\";s:8:\"pre_sale\";s:12:\"extension_id\";s:2:\"16\";}}'),('87f0cc1071828605f47d5d18b821ca98',4294967295,'a:8:{s:7:\"from_ad\";i:0;s:7:\"referer\";s:6:\"本站\";s:10:\"login_fail\";i:0;s:9:\"last_time\";s:10:\"1443926755\";s:7:\"last_ip\";s:14:\"112.94.196.197\";s:7:\"headimg\";s:0:\"\";s:14:\"display_search\";s:4:\"grid\";s:13:\"captcha_login\";s:16:\"MmM2MDYwODZiNw==\";}'),('3bdcad014ca348437fc6a639622a2a33',4294967295,'a:9:{s:7:\"from_ad\";i:0;s:7:\"referer\";s:6:\"本站\";s:10:\"login_fail\";i:0;s:9:\"last_time\";s:10:\"1443929033\";s:7:\"last_ip\";s:12:\"112.94.196.3\";s:7:\"headimg\";s:0:\"\";s:14:\"extension_code\";s:0:\"\";s:13:\"sel_cartgoods\";s:0:\"\";s:9:\"flow_type\";i:0;}'),('f99e4367c1ce14ca9b6c6782ab23991f',4294967295,'a:9:{s:7:\"from_ad\";i:0;s:7:\"referer\";s:6:\"本站\";s:10:\"login_fail\";i:0;s:9:\"last_time\";s:10:\"1443929037\";s:7:\"last_ip\";s:14:\"112.94.199.189\";s:7:\"headimg\";s:0:\"\";s:14:\"extension_code\";s:0:\"\";s:13:\"sel_cartgoods\";s:0:\"\";s:9:\"flow_type\";i:0;}'),('0a9a5d7c023400dd61b147805246379d',4294967295,'a:12:{s:7:\"from_ad\";i:0;s:7:\"referer\";s:6:\"本站\";s:10:\"login_fail\";i:0;s:9:\"last_time\";s:10:\"1443941451\";s:7:\"last_ip\";s:14:\"183.61.190.101\";s:7:\"headimg\";s:0:\"\";s:13:\"captcha_login\";s:16:\"MjA2YmZkYjIxMQ==\";s:9:\"flow_type\";i:0;s:13:\"sel_cartgoods\";s:2:\"46\";s:14:\"extension_code\";s:0:\"\";s:14:\"flow_consignee\";a:15:{s:10:\"address_id\";s:2:\"17\";s:12:\"address_name\";s:0:\"\";s:7:\"user_id\";s:1:\"9\";s:9:\"consignee\";s:6:\"张波\";s:5:\"email\";s:12:\"test@126.com\";s:7:\"country\";s:1:\"1\";s:8:\"province\";s:1:\"6\";s:4:\"city\";s:2:\"76\";s:8:\"district\";s:3:\"696\";s:7:\"address\";s:6:\"吃啥\";s:7:\"zipcode\";s:0:\"\";s:3:\"tel\";s:0:\"\";s:6:\"mobile\";s:11:\"13111111111\";s:13:\"sign_building\";s:0:\"\";s:9:\"best_time\";s:0:\"\";}s:10:\"flow_order\";a:8:{s:11:\"shipping_id\";i:0;s:6:\"pay_id\";i:0;s:7:\"pack_id\";i:0;s:7:\"card_id\";i:0;s:5:\"bonus\";i:0;s:8:\"integral\";i:0;s:7:\"surplus\";i:0;s:14:\"extension_code\";s:0:\"\";}}'),('2c016414dbfd60c64e8163028771d721',4294967295,'a:11:{s:10:\"admin_name\";s:5:\"admin\";s:11:\"action_list\";s:3:\"all\";s:10:\"last_check\";i:1443949614;s:12:\"suppliers_id\";s:1:\"0\";s:11:\"supplier_id\";s:1:\"1\";s:16:\"supplier_user_id\";s:1:\"1\";s:13:\"supplier_name\";s:4:\"anan\";s:20:\"supplier_action_list\";s:3:\"all\";s:19:\"supplier_last_check\";s:10:\"1443945088\";s:17:\"supplier_admin_id\";s:1:\"1\";s:19:\"supplier_shop_guide\";b:1;}'),('d5d63fcd90dd824148205ebb73381f45',4294967295,'a:4:{s:10:\"admin_name\";s:8:\"admin888\";s:11:\"action_list\";s:1377:\"goods_manage,remove_back,cat_manage,cat_drop,attr_manage,brand_manage,comment_priv,tag_manage,goods_type,goods_auto,virualcard,picture_batch,goods_export,goods_batch,gen_goods_script,question_manage,shaidan_manage,scan_store,order_comment_priv,article_cat,shopinfo_manage,shophelp_manage,vote_priv,article_auto,feedback_priv,integrate_users,sync_users,users_manage,users_drop,user_rank,surplus_manage,account_manage,template_manage,logs_manage,logs_drop,agency_manage,suppliers_manage,role_manage,shop_config,ship_manage,payment,shiparea_manage,area_manage,friendlink,flash_manage,navigator,cron,affiliate,affiliate_ck,sitemap,file_priv,file_check,reg_fields,shop_authorized,webcollect_manage,order_os_edit,order_ps_edit,order_ss_edit,order_edit,order_view,order_view_finished,repay_manage,booking,sale_order_stats,client_flow_stats,delivery_view,back_view,invoice_manage,topic_manage,snatch_manage,ad_manage,gift_manage,card_manage,pack,bonus_manage,auction,group_by,favourable,whole_sale,package_manage,exchange_goods,takegoods_list,takegoods_order,attention_list,email_list,magazine_list,view_sendlist,send_mail,db_backup,db_renew,sms_send,supplier_manage,supplier_rank,supplier_rebate,supplier_tag,weixin_config,weixin_addconfig,weixin_menu,weixin_notice,weixin_keywords,weixin_fans,weixin_news,weixin_addqcode,weixin_qcode,weixin_reg,pickup_point_manage,pickup_point_batch\";s:10:\"last_check\";i:1443992735;s:12:\"suppliers_id\";s:1:\"0\";}'),('b26ec5e37bf411453d061e73cd9d6175',4294967295,'a:4:{s:10:\"admin_name\";s:8:\"admin888\";s:11:\"action_list\";s:1377:\"goods_manage,remove_back,cat_manage,cat_drop,attr_manage,brand_manage,comment_priv,tag_manage,goods_type,goods_auto,virualcard,picture_batch,goods_export,goods_batch,gen_goods_script,question_manage,shaidan_manage,scan_store,order_comment_priv,article_cat,shopinfo_manage,shophelp_manage,vote_priv,article_auto,feedback_priv,integrate_users,sync_users,users_manage,users_drop,user_rank,surplus_manage,account_manage,template_manage,logs_manage,logs_drop,agency_manage,suppliers_manage,role_manage,shop_config,ship_manage,payment,shiparea_manage,area_manage,friendlink,flash_manage,navigator,cron,affiliate,affiliate_ck,sitemap,file_priv,file_check,reg_fields,shop_authorized,webcollect_manage,order_os_edit,order_ps_edit,order_ss_edit,order_edit,order_view,order_view_finished,repay_manage,booking,sale_order_stats,client_flow_stats,delivery_view,back_view,invoice_manage,topic_manage,snatch_manage,ad_manage,gift_manage,card_manage,pack,bonus_manage,auction,group_by,favourable,whole_sale,package_manage,exchange_goods,takegoods_list,takegoods_order,attention_list,email_list,magazine_list,view_sendlist,send_mail,db_backup,db_renew,sms_send,supplier_manage,supplier_rank,supplier_rebate,supplier_tag,weixin_config,weixin_addconfig,weixin_menu,weixin_notice,weixin_keywords,weixin_fans,weixin_news,weixin_addqcode,weixin_qcode,weixin_reg,pickup_point_manage,pickup_point_batch\";s:10:\"last_check\";i:1443994278;s:12:\"suppliers_id\";s:1:\"0\";}'),('6f1746327f22c22f26e1d8646f815baf',4294967295,'a:4:{s:10:\"admin_name\";s:8:\"admin888\";s:11:\"action_list\";s:1377:\"goods_manage,remove_back,cat_manage,cat_drop,attr_manage,brand_manage,comment_priv,tag_manage,goods_type,goods_auto,virualcard,picture_batch,goods_export,goods_batch,gen_goods_script,question_manage,shaidan_manage,scan_store,order_comment_priv,article_cat,shopinfo_manage,shophelp_manage,vote_priv,article_auto,feedback_priv,integrate_users,sync_users,users_manage,users_drop,user_rank,surplus_manage,account_manage,template_manage,logs_manage,logs_drop,agency_manage,suppliers_manage,role_manage,shop_config,ship_manage,payment,shiparea_manage,area_manage,friendlink,flash_manage,navigator,cron,affiliate,affiliate_ck,sitemap,file_priv,file_check,reg_fields,shop_authorized,webcollect_manage,order_os_edit,order_ps_edit,order_ss_edit,order_edit,order_view,order_view_finished,repay_manage,booking,sale_order_stats,client_flow_stats,delivery_view,back_view,invoice_manage,topic_manage,snatch_manage,ad_manage,gift_manage,card_manage,pack,bonus_manage,auction,group_by,favourable,whole_sale,package_manage,exchange_goods,takegoods_list,takegoods_order,attention_list,email_list,magazine_list,view_sendlist,send_mail,db_backup,db_renew,sms_send,supplier_manage,supplier_rank,supplier_rebate,supplier_tag,weixin_config,weixin_addconfig,weixin_menu,weixin_notice,weixin_keywords,weixin_fans,weixin_news,weixin_addqcode,weixin_qcode,weixin_reg,pickup_point_manage,pickup_point_batch\";s:10:\"last_check\";i:1443994432;s:12:\"suppliers_id\";s:1:\"0\";}'),('a3b3a1c4b293da1a3b78edbf57f7cbeb',2888046010,'a:4:{s:10:\"admin_name\";s:8:\"admin888\";s:11:\"action_list\";s:1377:\"goods_manage,remove_back,cat_manage,cat_drop,attr_manage,brand_manage,comment_priv,tag_manage,goods_type,goods_auto,virualcard,picture_batch,goods_export,goods_batch,gen_goods_script,question_manage,shaidan_manage,scan_store,order_comment_priv,article_cat,shopinfo_manage,shophelp_manage,vote_priv,article_auto,feedback_priv,integrate_users,sync_users,users_manage,users_drop,user_rank,surplus_manage,account_manage,template_manage,logs_manage,logs_drop,agency_manage,suppliers_manage,role_manage,shop_config,ship_manage,payment,shiparea_manage,area_manage,friendlink,flash_manage,navigator,cron,affiliate,affiliate_ck,sitemap,file_priv,file_check,reg_fields,shop_authorized,webcollect_manage,order_os_edit,order_ps_edit,order_ss_edit,order_edit,order_view,order_view_finished,repay_manage,booking,sale_order_stats,client_flow_stats,delivery_view,back_view,invoice_manage,topic_manage,snatch_manage,ad_manage,gift_manage,card_manage,pack,bonus_manage,auction,group_by,favourable,whole_sale,package_manage,exchange_goods,takegoods_list,takegoods_order,attention_list,email_list,magazine_list,view_sendlist,send_mail,db_backup,db_renew,sms_send,supplier_manage,supplier_rank,supplier_rebate,supplier_tag,weixin_config,weixin_addconfig,weixin_menu,weixin_notice,weixin_keywords,weixin_fans,weixin_news,weixin_addqcode,weixin_qcode,weixin_reg,pickup_point_manage,pickup_point_batch\";s:10:\"last_check\";i:1443994206;s:12:\"suppliers_id\";s:1:\"0\";}'),('d5869896d63c9787cc1d7ecc14f052c8',4294967295,'a:4:{s:10:\"admin_name\";s:8:\"admin888\";s:11:\"action_list\";s:1377:\"goods_manage,remove_back,cat_manage,cat_drop,attr_manage,brand_manage,comment_priv,tag_manage,goods_type,goods_auto,virualcard,picture_batch,goods_export,goods_batch,gen_goods_script,question_manage,shaidan_manage,scan_store,order_comment_priv,article_cat,shopinfo_manage,shophelp_manage,vote_priv,article_auto,feedback_priv,integrate_users,sync_users,users_manage,users_drop,user_rank,surplus_manage,account_manage,template_manage,logs_manage,logs_drop,agency_manage,suppliers_manage,role_manage,shop_config,ship_manage,payment,shiparea_manage,area_manage,friendlink,flash_manage,navigator,cron,affiliate,affiliate_ck,sitemap,file_priv,file_check,reg_fields,shop_authorized,webcollect_manage,order_os_edit,order_ps_edit,order_ss_edit,order_edit,order_view,order_view_finished,repay_manage,booking,sale_order_stats,client_flow_stats,delivery_view,back_view,invoice_manage,topic_manage,snatch_manage,ad_manage,gift_manage,card_manage,pack,bonus_manage,auction,group_by,favourable,whole_sale,package_manage,exchange_goods,takegoods_list,takegoods_order,attention_list,email_list,magazine_list,view_sendlist,send_mail,db_backup,db_renew,sms_send,supplier_manage,supplier_rank,supplier_rebate,supplier_tag,weixin_config,weixin_addconfig,weixin_menu,weixin_notice,weixin_keywords,weixin_fans,weixin_news,weixin_addqcode,weixin_qcode,weixin_reg,pickup_point_manage,pickup_point_batch\";s:10:\"last_check\";i:1443995298;s:12:\"suppliers_id\";s:1:\"0\";}'),('6ef0b8f02e67d45dc18d2028e1f176fc',4294967295,'a:4:{s:10:\"admin_name\";s:8:\"admin888\";s:11:\"action_list\";s:1377:\"goods_manage,remove_back,cat_manage,cat_drop,attr_manage,brand_manage,comment_priv,tag_manage,goods_type,goods_auto,virualcard,picture_batch,goods_export,goods_batch,gen_goods_script,question_manage,shaidan_manage,scan_store,order_comment_priv,article_cat,shopinfo_manage,shophelp_manage,vote_priv,article_auto,feedback_priv,integrate_users,sync_users,users_manage,users_drop,user_rank,surplus_manage,account_manage,template_manage,logs_manage,logs_drop,agency_manage,suppliers_manage,role_manage,shop_config,ship_manage,payment,shiparea_manage,area_manage,friendlink,flash_manage,navigator,cron,affiliate,affiliate_ck,sitemap,file_priv,file_check,reg_fields,shop_authorized,webcollect_manage,order_os_edit,order_ps_edit,order_ss_edit,order_edit,order_view,order_view_finished,repay_manage,booking,sale_order_stats,client_flow_stats,delivery_view,back_view,invoice_manage,topic_manage,snatch_manage,ad_manage,gift_manage,card_manage,pack,bonus_manage,auction,group_by,favourable,whole_sale,package_manage,exchange_goods,takegoods_list,takegoods_order,attention_list,email_list,magazine_list,view_sendlist,send_mail,db_backup,db_renew,sms_send,supplier_manage,supplier_rank,supplier_rebate,supplier_tag,weixin_config,weixin_addconfig,weixin_menu,weixin_notice,weixin_keywords,weixin_fans,weixin_news,weixin_addqcode,weixin_qcode,weixin_reg,pickup_point_manage,pickup_point_batch\";s:10:\"last_check\";i:1443996295;s:12:\"suppliers_id\";s:1:\"0\";}'),('59c29fcd825de53b38b55416a68730b4',4294967295,'a:4:{s:10:\"admin_name\";s:8:\"admin888\";s:11:\"action_list\";s:1377:\"goods_manage,remove_back,cat_manage,cat_drop,attr_manage,brand_manage,comment_priv,tag_manage,goods_type,goods_auto,virualcard,picture_batch,goods_export,goods_batch,gen_goods_script,question_manage,shaidan_manage,scan_store,order_comment_priv,article_cat,shopinfo_manage,shophelp_manage,vote_priv,article_auto,feedback_priv,integrate_users,sync_users,users_manage,users_drop,user_rank,surplus_manage,account_manage,template_manage,logs_manage,logs_drop,agency_manage,suppliers_manage,role_manage,shop_config,ship_manage,payment,shiparea_manage,area_manage,friendlink,flash_manage,navigator,cron,affiliate,affiliate_ck,sitemap,file_priv,file_check,reg_fields,shop_authorized,webcollect_manage,order_os_edit,order_ps_edit,order_ss_edit,order_edit,order_view,order_view_finished,repay_manage,booking,sale_order_stats,client_flow_stats,delivery_view,back_view,invoice_manage,topic_manage,snatch_manage,ad_manage,gift_manage,card_manage,pack,bonus_manage,auction,group_by,favourable,whole_sale,package_manage,exchange_goods,takegoods_list,takegoods_order,attention_list,email_list,magazine_list,view_sendlist,send_mail,db_backup,db_renew,sms_send,supplier_manage,supplier_rank,supplier_rebate,supplier_tag,weixin_config,weixin_addconfig,weixin_menu,weixin_notice,weixin_keywords,weixin_fans,weixin_news,weixin_addqcode,weixin_qcode,weixin_reg,pickup_point_manage,pickup_point_batch\";s:10:\"last_check\";i:1443997922;s:12:\"suppliers_id\";s:1:\"0\";}'),('98a1e88581b509a15036d682ff1aac9c',4294967295,'a:4:{s:10:\"admin_name\";s:8:\"admin888\";s:11:\"action_list\";s:1377:\"goods_manage,remove_back,cat_manage,cat_drop,attr_manage,brand_manage,comment_priv,tag_manage,goods_type,goods_auto,virualcard,picture_batch,goods_export,goods_batch,gen_goods_script,question_manage,shaidan_manage,scan_store,order_comment_priv,article_cat,shopinfo_manage,shophelp_manage,vote_priv,article_auto,feedback_priv,integrate_users,sync_users,users_manage,users_drop,user_rank,surplus_manage,account_manage,template_manage,logs_manage,logs_drop,agency_manage,suppliers_manage,role_manage,shop_config,ship_manage,payment,shiparea_manage,area_manage,friendlink,flash_manage,navigator,cron,affiliate,affiliate_ck,sitemap,file_priv,file_check,reg_fields,shop_authorized,webcollect_manage,order_os_edit,order_ps_edit,order_ss_edit,order_edit,order_view,order_view_finished,repay_manage,booking,sale_order_stats,client_flow_stats,delivery_view,back_view,invoice_manage,topic_manage,snatch_manage,ad_manage,gift_manage,card_manage,pack,bonus_manage,auction,group_by,favourable,whole_sale,package_manage,exchange_goods,takegoods_list,takegoods_order,attention_list,email_list,magazine_list,view_sendlist,send_mail,db_backup,db_renew,sms_send,supplier_manage,supplier_rank,supplier_rebate,supplier_tag,weixin_config,weixin_addconfig,weixin_menu,weixin_notice,weixin_keywords,weixin_fans,weixin_news,weixin_addqcode,weixin_qcode,weixin_reg,pickup_point_manage,pickup_point_batch\";s:10:\"last_check\";i:1443997917;s:12:\"suppliers_id\";s:1:\"0\";}'),('5d4b0c47f033146f4c811819fe9608fc',2888053850,'a:4:{s:10:\"admin_name\";s:8:\"admin888\";s:11:\"action_list\";s:1377:\"goods_manage,remove_back,cat_manage,cat_drop,attr_manage,brand_manage,comment_priv,tag_manage,goods_type,goods_auto,virualcard,picture_batch,goods_export,goods_batch,gen_goods_script,question_manage,shaidan_manage,scan_store,order_comment_priv,article_cat,shopinfo_manage,shophelp_manage,vote_priv,article_auto,feedback_priv,integrate_users,sync_users,users_manage,users_drop,user_rank,surplus_manage,account_manage,template_manage,logs_manage,logs_drop,agency_manage,suppliers_manage,role_manage,shop_config,ship_manage,payment,shiparea_manage,area_manage,friendlink,flash_manage,navigator,cron,affiliate,affiliate_ck,sitemap,file_priv,file_check,reg_fields,shop_authorized,webcollect_manage,order_os_edit,order_ps_edit,order_ss_edit,order_edit,order_view,order_view_finished,repay_manage,booking,sale_order_stats,client_flow_stats,delivery_view,back_view,invoice_manage,topic_manage,snatch_manage,ad_manage,gift_manage,card_manage,pack,bonus_manage,auction,group_by,favourable,whole_sale,package_manage,exchange_goods,takegoods_list,takegoods_order,attention_list,email_list,magazine_list,view_sendlist,send_mail,db_backup,db_renew,sms_send,supplier_manage,supplier_rank,supplier_rebate,supplier_tag,weixin_config,weixin_addconfig,weixin_menu,weixin_notice,weixin_keywords,weixin_fans,weixin_news,weixin_addqcode,weixin_qcode,weixin_reg,pickup_point_manage,pickup_point_batch\";s:10:\"last_check\";i:1443998126;s:12:\"suppliers_id\";s:1:\"0\";}'),('d77d55107ba9897f4dea910e1fe6afea',2888053884,'a:4:{s:10:\"admin_name\";s:8:\"admin888\";s:11:\"action_list\";s:1377:\"goods_manage,remove_back,cat_manage,cat_drop,attr_manage,brand_manage,comment_priv,tag_manage,goods_type,goods_auto,virualcard,picture_batch,goods_export,goods_batch,gen_goods_script,question_manage,shaidan_manage,scan_store,order_comment_priv,article_cat,shopinfo_manage,shophelp_manage,vote_priv,article_auto,feedback_priv,integrate_users,sync_users,users_manage,users_drop,user_rank,surplus_manage,account_manage,template_manage,logs_manage,logs_drop,agency_manage,suppliers_manage,role_manage,shop_config,ship_manage,payment,shiparea_manage,area_manage,friendlink,flash_manage,navigator,cron,affiliate,affiliate_ck,sitemap,file_priv,file_check,reg_fields,shop_authorized,webcollect_manage,order_os_edit,order_ps_edit,order_ss_edit,order_edit,order_view,order_view_finished,repay_manage,booking,sale_order_stats,client_flow_stats,delivery_view,back_view,invoice_manage,topic_manage,snatch_manage,ad_manage,gift_manage,card_manage,pack,bonus_manage,auction,group_by,favourable,whole_sale,package_manage,exchange_goods,takegoods_list,takegoods_order,attention_list,email_list,magazine_list,view_sendlist,send_mail,db_backup,db_renew,sms_send,supplier_manage,supplier_rank,supplier_rebate,supplier_tag,weixin_config,weixin_addconfig,weixin_menu,weixin_notice,weixin_keywords,weixin_fans,weixin_news,weixin_addqcode,weixin_qcode,weixin_reg,pickup_point_manage,pickup_point_batch\";s:10:\"last_check\";i:1443998143;s:12:\"suppliers_id\";s:1:\"0\";}'),('dd570b1095c107527b8c91b6a6e3b852',2888053966,'a:4:{s:10:\"admin_name\";s:8:\"admin888\";s:11:\"action_list\";s:1377:\"goods_manage,remove_back,cat_manage,cat_drop,attr_manage,brand_manage,comment_priv,tag_manage,goods_type,goods_auto,virualcard,picture_batch,goods_export,goods_batch,gen_goods_script,question_manage,shaidan_manage,scan_store,order_comment_priv,article_cat,shopinfo_manage,shophelp_manage,vote_priv,article_auto,feedback_priv,integrate_users,sync_users,users_manage,users_drop,user_rank,surplus_manage,account_manage,template_manage,logs_manage,logs_drop,agency_manage,suppliers_manage,role_manage,shop_config,ship_manage,payment,shiparea_manage,area_manage,friendlink,flash_manage,navigator,cron,affiliate,affiliate_ck,sitemap,file_priv,file_check,reg_fields,shop_authorized,webcollect_manage,order_os_edit,order_ps_edit,order_ss_edit,order_edit,order_view,order_view_finished,repay_manage,booking,sale_order_stats,client_flow_stats,delivery_view,back_view,invoice_manage,topic_manage,snatch_manage,ad_manage,gift_manage,card_manage,pack,bonus_manage,auction,group_by,favourable,whole_sale,package_manage,exchange_goods,takegoods_list,takegoods_order,attention_list,email_list,magazine_list,view_sendlist,send_mail,db_backup,db_renew,sms_send,supplier_manage,supplier_rank,supplier_rebate,supplier_tag,weixin_config,weixin_addconfig,weixin_menu,weixin_notice,weixin_keywords,weixin_fans,weixin_news,weixin_addqcode,weixin_qcode,weixin_reg,pickup_point_manage,pickup_point_batch\";s:10:\"last_check\";s:10:\"1443998141\";s:12:\"suppliers_id\";s:1:\"0\";}'),('499d953d9e54f182bd87f13391e97b71',2888054208,'a:4:{s:10:\"admin_name\";s:8:\"admin888\";s:11:\"action_list\";s:1377:\"goods_manage,remove_back,cat_manage,cat_drop,attr_manage,brand_manage,comment_priv,tag_manage,goods_type,goods_auto,virualcard,picture_batch,goods_export,goods_batch,gen_goods_script,question_manage,shaidan_manage,scan_store,order_comment_priv,article_cat,shopinfo_manage,shophelp_manage,vote_priv,article_auto,feedback_priv,integrate_users,sync_users,users_manage,users_drop,user_rank,surplus_manage,account_manage,template_manage,logs_manage,logs_drop,agency_manage,suppliers_manage,role_manage,shop_config,ship_manage,payment,shiparea_manage,area_manage,friendlink,flash_manage,navigator,cron,affiliate,affiliate_ck,sitemap,file_priv,file_check,reg_fields,shop_authorized,webcollect_manage,order_os_edit,order_ps_edit,order_ss_edit,order_edit,order_view,order_view_finished,repay_manage,booking,sale_order_stats,client_flow_stats,delivery_view,back_view,invoice_manage,topic_manage,snatch_manage,ad_manage,gift_manage,card_manage,pack,bonus_manage,auction,group_by,favourable,whole_sale,package_manage,exchange_goods,takegoods_list,takegoods_order,attention_list,email_list,magazine_list,view_sendlist,send_mail,db_backup,db_renew,sms_send,supplier_manage,supplier_rank,supplier_rebate,supplier_tag,weixin_config,weixin_addconfig,weixin_menu,weixin_notice,weixin_keywords,weixin_fans,weixin_news,weixin_addqcode,weixin_qcode,weixin_reg,pickup_point_manage,pickup_point_batch\";s:10:\"last_check\";s:10:\"1443998178\";s:12:\"suppliers_id\";s:1:\"0\";}'),('e42e88039d43014bb084e72e14e6095b',2888058332,'a:4:{s:10:\"admin_name\";s:8:\"admin888\";s:11:\"action_list\";s:1377:\"goods_manage,remove_back,cat_manage,cat_drop,attr_manage,brand_manage,comment_priv,tag_manage,goods_type,goods_auto,virualcard,picture_batch,goods_export,goods_batch,gen_goods_script,question_manage,shaidan_manage,scan_store,order_comment_priv,article_cat,shopinfo_manage,shophelp_manage,vote_priv,article_auto,feedback_priv,integrate_users,sync_users,users_manage,users_drop,user_rank,surplus_manage,account_manage,template_manage,logs_manage,logs_drop,agency_manage,suppliers_manage,role_manage,shop_config,ship_manage,payment,shiparea_manage,area_manage,friendlink,flash_manage,navigator,cron,affiliate,affiliate_ck,sitemap,file_priv,file_check,reg_fields,shop_authorized,webcollect_manage,order_os_edit,order_ps_edit,order_ss_edit,order_edit,order_view,order_view_finished,repay_manage,booking,sale_order_stats,client_flow_stats,delivery_view,back_view,invoice_manage,topic_manage,snatch_manage,ad_manage,gift_manage,card_manage,pack,bonus_manage,auction,group_by,favourable,whole_sale,package_manage,exchange_goods,takegoods_list,takegoods_order,attention_list,email_list,magazine_list,view_sendlist,send_mail,db_backup,db_renew,sms_send,supplier_manage,supplier_rank,supplier_rebate,supplier_tag,weixin_config,weixin_addconfig,weixin_menu,weixin_notice,weixin_keywords,weixin_fans,weixin_news,weixin_addqcode,weixin_qcode,weixin_reg,pickup_point_manage,pickup_point_batch\";s:10:\"last_check\";s:10:\"1443999786\";s:12:\"suppliers_id\";s:1:\"0\";}'),('e39db117c5c98ea806ccebad78c3386b',4294967295,'a:4:{s:10:\"admin_name\";s:8:\"admin888\";s:11:\"action_list\";s:1377:\"goods_manage,remove_back,cat_manage,cat_drop,attr_manage,brand_manage,comment_priv,tag_manage,goods_type,goods_auto,virualcard,picture_batch,goods_export,goods_batch,gen_goods_script,question_manage,shaidan_manage,scan_store,order_comment_priv,article_cat,shopinfo_manage,shophelp_manage,vote_priv,article_auto,feedback_priv,integrate_users,sync_users,users_manage,users_drop,user_rank,surplus_manage,account_manage,template_manage,logs_manage,logs_drop,agency_manage,suppliers_manage,role_manage,shop_config,ship_manage,payment,shiparea_manage,area_manage,friendlink,flash_manage,navigator,cron,affiliate,affiliate_ck,sitemap,file_priv,file_check,reg_fields,shop_authorized,webcollect_manage,order_os_edit,order_ps_edit,order_ss_edit,order_edit,order_view,order_view_finished,repay_manage,booking,sale_order_stats,client_flow_stats,delivery_view,back_view,invoice_manage,topic_manage,snatch_manage,ad_manage,gift_manage,card_manage,pack,bonus_manage,auction,group_by,favourable,whole_sale,package_manage,exchange_goods,takegoods_list,takegoods_order,attention_list,email_list,magazine_list,view_sendlist,send_mail,db_backup,db_renew,sms_send,supplier_manage,supplier_rank,supplier_rebate,supplier_tag,weixin_config,weixin_addconfig,weixin_menu,weixin_notice,weixin_keywords,weixin_fans,weixin_news,weixin_addqcode,weixin_qcode,weixin_reg,pickup_point_manage,pickup_point_batch\";s:10:\"last_check\";i:1443999994;s:12:\"suppliers_id\";s:1:\"0\";}'),('8c822dc6624dbd73095b78ebf91b8c08',2888058645,'a:4:{s:10:\"admin_name\";s:8:\"admin888\";s:11:\"action_list\";s:1377:\"goods_manage,remove_back,cat_manage,cat_drop,attr_manage,brand_manage,comment_priv,tag_manage,goods_type,goods_auto,virualcard,picture_batch,goods_export,goods_batch,gen_goods_script,question_manage,shaidan_manage,scan_store,order_comment_priv,article_cat,shopinfo_manage,shophelp_manage,vote_priv,article_auto,feedback_priv,integrate_users,sync_users,users_manage,users_drop,user_rank,surplus_manage,account_manage,template_manage,logs_manage,logs_drop,agency_manage,suppliers_manage,role_manage,shop_config,ship_manage,payment,shiparea_manage,area_manage,friendlink,flash_manage,navigator,cron,affiliate,affiliate_ck,sitemap,file_priv,file_check,reg_fields,shop_authorized,webcollect_manage,order_os_edit,order_ps_edit,order_ss_edit,order_edit,order_view,order_view_finished,repay_manage,booking,sale_order_stats,client_flow_stats,delivery_view,back_view,invoice_manage,topic_manage,snatch_manage,ad_manage,gift_manage,card_manage,pack,bonus_manage,auction,group_by,favourable,whole_sale,package_manage,exchange_goods,takegoods_list,takegoods_order,attention_list,email_list,magazine_list,view_sendlist,send_mail,db_backup,db_renew,sms_send,supplier_manage,supplier_rank,supplier_rebate,supplier_tag,weixin_config,weixin_addconfig,weixin_menu,weixin_notice,weixin_keywords,weixin_fans,weixin_news,weixin_addqcode,weixin_qcode,weixin_reg,pickup_point_manage,pickup_point_batch\";s:10:\"last_check\";s:10:\"1444000355\";s:12:\"suppliers_id\";s:1:\"0\";}'),('00db801f911dd622e8413db07113093e',2888061066,'a:4:{s:10:\"admin_name\";s:8:\"admin888\";s:11:\"action_list\";s:1377:\"goods_manage,remove_back,cat_manage,cat_drop,attr_manage,brand_manage,comment_priv,tag_manage,goods_type,goods_auto,virualcard,picture_batch,goods_export,goods_batch,gen_goods_script,question_manage,shaidan_manage,scan_store,order_comment_priv,article_cat,shopinfo_manage,shophelp_manage,vote_priv,article_auto,feedback_priv,integrate_users,sync_users,users_manage,users_drop,user_rank,surplus_manage,account_manage,template_manage,logs_manage,logs_drop,agency_manage,suppliers_manage,role_manage,shop_config,ship_manage,payment,shiparea_manage,area_manage,friendlink,flash_manage,navigator,cron,affiliate,affiliate_ck,sitemap,file_priv,file_check,reg_fields,shop_authorized,webcollect_manage,order_os_edit,order_ps_edit,order_ss_edit,order_edit,order_view,order_view_finished,repay_manage,booking,sale_order_stats,client_flow_stats,delivery_view,back_view,invoice_manage,topic_manage,snatch_manage,ad_manage,gift_manage,card_manage,pack,bonus_manage,auction,group_by,favourable,whole_sale,package_manage,exchange_goods,takegoods_list,takegoods_order,attention_list,email_list,magazine_list,view_sendlist,send_mail,db_backup,db_renew,sms_send,supplier_manage,supplier_rank,supplier_rebate,supplier_tag,weixin_config,weixin_addconfig,weixin_menu,weixin_notice,weixin_keywords,weixin_fans,weixin_news,weixin_addqcode,weixin_qcode,weixin_reg,pickup_point_manage,pickup_point_batch\";s:10:\"last_check\";i:1444001734;s:12:\"suppliers_id\";s:1:\"0\";}'),('2ea7361a229dcd70cdf20afc24e3950d',4294967295,'a:4:{s:10:\"admin_name\";s:8:\"admin888\";s:11:\"action_list\";s:1377:\"goods_manage,remove_back,cat_manage,cat_drop,attr_manage,brand_manage,comment_priv,tag_manage,goods_type,goods_auto,virualcard,picture_batch,goods_export,goods_batch,gen_goods_script,question_manage,shaidan_manage,scan_store,order_comment_priv,article_cat,shopinfo_manage,shophelp_manage,vote_priv,article_auto,feedback_priv,integrate_users,sync_users,users_manage,users_drop,user_rank,surplus_manage,account_manage,template_manage,logs_manage,logs_drop,agency_manage,suppliers_manage,role_manage,shop_config,ship_manage,payment,shiparea_manage,area_manage,friendlink,flash_manage,navigator,cron,affiliate,affiliate_ck,sitemap,file_priv,file_check,reg_fields,shop_authorized,webcollect_manage,order_os_edit,order_ps_edit,order_ss_edit,order_edit,order_view,order_view_finished,repay_manage,booking,sale_order_stats,client_flow_stats,delivery_view,back_view,invoice_manage,topic_manage,snatch_manage,ad_manage,gift_manage,card_manage,pack,bonus_manage,auction,group_by,favourable,whole_sale,package_manage,exchange_goods,takegoods_list,takegoods_order,attention_list,email_list,magazine_list,view_sendlist,send_mail,db_backup,db_renew,sms_send,supplier_manage,supplier_rank,supplier_rebate,supplier_tag,weixin_config,weixin_addconfig,weixin_menu,weixin_notice,weixin_keywords,weixin_fans,weixin_news,weixin_addqcode,weixin_qcode,weixin_reg,pickup_point_manage,pickup_point_batch\";s:10:\"last_check\";s:10:\"1444001732\";s:12:\"suppliers_id\";s:1:\"0\";}'),('43bdd7d518780ce7c9f88160ba8a0d7e',4294967295,'a:4:{s:10:\"admin_name\";s:8:\"admin888\";s:11:\"action_list\";s:1377:\"goods_manage,remove_back,cat_manage,cat_drop,attr_manage,brand_manage,comment_priv,tag_manage,goods_type,goods_auto,virualcard,picture_batch,goods_export,goods_batch,gen_goods_script,question_manage,shaidan_manage,scan_store,order_comment_priv,article_cat,shopinfo_manage,shophelp_manage,vote_priv,article_auto,feedback_priv,integrate_users,sync_users,users_manage,users_drop,user_rank,surplus_manage,account_manage,template_manage,logs_manage,logs_drop,agency_manage,suppliers_manage,role_manage,shop_config,ship_manage,payment,shiparea_manage,area_manage,friendlink,flash_manage,navigator,cron,affiliate,affiliate_ck,sitemap,file_priv,file_check,reg_fields,shop_authorized,webcollect_manage,order_os_edit,order_ps_edit,order_ss_edit,order_edit,order_view,order_view_finished,repay_manage,booking,sale_order_stats,client_flow_stats,delivery_view,back_view,invoice_manage,topic_manage,snatch_manage,ad_manage,gift_manage,card_manage,pack,bonus_manage,auction,group_by,favourable,whole_sale,package_manage,exchange_goods,takegoods_list,takegoods_order,attention_list,email_list,magazine_list,view_sendlist,send_mail,db_backup,db_renew,sms_send,supplier_manage,supplier_rank,supplier_rebate,supplier_tag,weixin_config,weixin_addconfig,weixin_menu,weixin_notice,weixin_keywords,weixin_fans,weixin_news,weixin_addqcode,weixin_qcode,weixin_reg,pickup_point_manage,pickup_point_batch\";s:10:\"last_check\";i:1444003529;s:12:\"suppliers_id\";s:1:\"0\";}'),('5905cabf9b26659bd578082c01663c63',2888070033,'a:4:{s:10:\"admin_name\";s:8:\"admin888\";s:11:\"action_list\";s:1377:\"goods_manage,remove_back,cat_manage,cat_drop,attr_manage,brand_manage,comment_priv,tag_manage,goods_type,goods_auto,virualcard,picture_batch,goods_export,goods_batch,gen_goods_script,question_manage,shaidan_manage,scan_store,order_comment_priv,article_cat,shopinfo_manage,shophelp_manage,vote_priv,article_auto,feedback_priv,integrate_users,sync_users,users_manage,users_drop,user_rank,surplus_manage,account_manage,template_manage,logs_manage,logs_drop,agency_manage,suppliers_manage,role_manage,shop_config,ship_manage,payment,shiparea_manage,area_manage,friendlink,flash_manage,navigator,cron,affiliate,affiliate_ck,sitemap,file_priv,file_check,reg_fields,shop_authorized,webcollect_manage,order_os_edit,order_ps_edit,order_ss_edit,order_edit,order_view,order_view_finished,repay_manage,booking,sale_order_stats,client_flow_stats,delivery_view,back_view,invoice_manage,topic_manage,snatch_manage,ad_manage,gift_manage,card_manage,pack,bonus_manage,auction,group_by,favourable,whole_sale,package_manage,exchange_goods,takegoods_list,takegoods_order,attention_list,email_list,magazine_list,view_sendlist,send_mail,db_backup,db_renew,sms_send,supplier_manage,supplier_rank,supplier_rebate,supplier_tag,weixin_config,weixin_addconfig,weixin_menu,weixin_notice,weixin_keywords,weixin_fans,weixin_news,weixin_addqcode,weixin_qcode,weixin_reg,pickup_point_manage,pickup_point_batch\";s:10:\"last_check\";s:10:\"1444002050\";s:12:\"suppliers_id\";s:1:\"0\";}'),('9426ca905fc4e1c7002c6ec08c566650',2888071458,'a:10:{s:11:\"supplier_id\";s:1:\"1\";s:16:\"supplier_user_id\";s:1:\"1\";s:13:\"supplier_name\";s:4:\"anan\";s:20:\"supplier_action_list\";s:3:\"all\";s:19:\"supplier_last_check\";s:10:\"1443948952\";s:10:\"admin_name\";s:4:\"anan\";s:11:\"action_list\";s:3:\"all\";s:10:\"last_check\";s:10:\"1443948952\";s:17:\"supplier_admin_id\";s:1:\"1\";s:19:\"supplier_shop_guide\";b:1;}'),('e9961439e8e7940f7965ce5dfc9209e7',2888071500,'a:10:{s:11:\"supplier_id\";s:1:\"1\";s:16:\"supplier_user_id\";s:1:\"1\";s:13:\"supplier_name\";s:4:\"anan\";s:20:\"supplier_action_list\";s:3:\"all\";s:19:\"supplier_last_check\";s:10:\"1444006893\";s:10:\"admin_name\";s:4:\"anan\";s:11:\"action_list\";s:3:\"all\";s:10:\"last_check\";s:10:\"1444006893\";s:17:\"supplier_admin_id\";s:1:\"1\";s:19:\"supplier_shop_guide\";b:1;}'),('8aee33e0cb0bec5c9b5360d7542a91a3',2888072266,'a:10:{s:11:\"supplier_id\";s:1:\"1\";s:16:\"supplier_user_id\";s:1:\"1\";s:13:\"supplier_name\";s:4:\"anan\";s:20:\"supplier_action_list\";s:3:\"all\";s:19:\"supplier_last_check\";s:10:\"1444006943\";s:10:\"admin_name\";s:4:\"anan\";s:11:\"action_list\";s:3:\"all\";s:10:\"last_check\";s:10:\"1444006943\";s:17:\"supplier_admin_id\";s:1:\"1\";s:19:\"supplier_shop_guide\";b:1;}'),('59809f52697e5b73c492ec9f80bf443c',2888071626,'a:10:{s:11:\"supplier_id\";s:1:\"1\";s:16:\"supplier_user_id\";s:1:\"1\";s:13:\"supplier_name\";s:4:\"anan\";s:20:\"supplier_action_list\";s:3:\"all\";s:19:\"supplier_last_check\";s:10:\"1444006952\";s:10:\"admin_name\";s:4:\"anan\";s:11:\"action_list\";s:3:\"all\";s:10:\"last_check\";s:10:\"1444006952\";s:17:\"supplier_admin_id\";s:1:\"1\";s:19:\"supplier_shop_guide\";b:1;}'),('ecb0d683bcd2e838af6baa17b46dfee6',4294967295,'a:4:{s:10:\"last_check\";i:1444009251;s:10:\"admin_name\";s:8:\"admin888\";s:11:\"action_list\";s:1377:\"goods_manage,remove_back,cat_manage,cat_drop,attr_manage,brand_manage,comment_priv,tag_manage,goods_type,goods_auto,virualcard,picture_batch,goods_export,goods_batch,gen_goods_script,question_manage,shaidan_manage,scan_store,order_comment_priv,article_cat,shopinfo_manage,shophelp_manage,vote_priv,article_auto,feedback_priv,integrate_users,sync_users,users_manage,users_drop,user_rank,surplus_manage,account_manage,template_manage,logs_manage,logs_drop,agency_manage,suppliers_manage,role_manage,shop_config,ship_manage,payment,shiparea_manage,area_manage,friendlink,flash_manage,navigator,cron,affiliate,affiliate_ck,sitemap,file_priv,file_check,reg_fields,shop_authorized,webcollect_manage,order_os_edit,order_ps_edit,order_ss_edit,order_edit,order_view,order_view_finished,repay_manage,booking,sale_order_stats,client_flow_stats,delivery_view,back_view,invoice_manage,topic_manage,snatch_manage,ad_manage,gift_manage,card_manage,pack,bonus_manage,auction,group_by,favourable,whole_sale,package_manage,exchange_goods,takegoods_list,takegoods_order,attention_list,email_list,magazine_list,view_sendlist,send_mail,db_backup,db_renew,sms_send,supplier_manage,supplier_rank,supplier_rebate,supplier_tag,weixin_config,weixin_addconfig,weixin_menu,weixin_notice,weixin_keywords,weixin_fans,weixin_news,weixin_addqcode,weixin_qcode,weixin_reg,pickup_point_manage,pickup_point_batch\";s:12:\"suppliers_id\";s:1:\"0\";}'),('434b270462f71a217cbbff5de49fb2f1',2888071746,'a:10:{s:11:\"supplier_id\";s:1:\"1\";s:16:\"supplier_user_id\";s:1:\"1\";s:13:\"supplier_name\";s:4:\"anan\";s:20:\"supplier_action_list\";s:3:\"all\";s:19:\"supplier_last_check\";s:10:\"1444007049\";s:10:\"admin_name\";s:4:\"anan\";s:11:\"action_list\";s:3:\"all\";s:10:\"last_check\";s:10:\"1444007049\";s:17:\"supplier_admin_id\";s:1:\"1\";s:19:\"supplier_shop_guide\";b:1;}'),('22675705afda3401a3fac47f42df8e37',4294967295,'a:4:{s:10:\"admin_name\";s:8:\"admin888\";s:11:\"action_list\";s:1377:\"goods_manage,remove_back,cat_manage,cat_drop,attr_manage,brand_manage,comment_priv,tag_manage,goods_type,goods_auto,virualcard,picture_batch,goods_export,goods_batch,gen_goods_script,question_manage,shaidan_manage,scan_store,order_comment_priv,article_cat,shopinfo_manage,shophelp_manage,vote_priv,article_auto,feedback_priv,integrate_users,sync_users,users_manage,users_drop,user_rank,surplus_manage,account_manage,template_manage,logs_manage,logs_drop,agency_manage,suppliers_manage,role_manage,shop_config,ship_manage,payment,shiparea_manage,area_manage,friendlink,flash_manage,navigator,cron,affiliate,affiliate_ck,sitemap,file_priv,file_check,reg_fields,shop_authorized,webcollect_manage,order_os_edit,order_ps_edit,order_ss_edit,order_edit,order_view,order_view_finished,repay_manage,booking,sale_order_stats,client_flow_stats,delivery_view,back_view,invoice_manage,topic_manage,snatch_manage,ad_manage,gift_manage,card_manage,pack,bonus_manage,auction,group_by,favourable,whole_sale,package_manage,exchange_goods,takegoods_list,takegoods_order,attention_list,email_list,magazine_list,view_sendlist,send_mail,db_backup,db_renew,sms_send,supplier_manage,supplier_rank,supplier_rebate,supplier_tag,weixin_config,weixin_addconfig,weixin_menu,weixin_notice,weixin_keywords,weixin_fans,weixin_news,weixin_addqcode,weixin_qcode,weixin_reg,pickup_point_manage,pickup_point_batch\";s:10:\"last_check\";i:1444007803;s:12:\"suppliers_id\";s:1:\"0\";}'),('3e42d827d9f06c5df669b30be3bd06fc',2888072762,'a:10:{s:11:\"supplier_id\";s:1:\"1\";s:16:\"supplier_user_id\";s:1:\"1\";s:13:\"supplier_name\";s:4:\"anan\";s:20:\"supplier_action_list\";s:3:\"all\";s:19:\"supplier_last_check\";s:10:\"1444007341\";s:10:\"admin_name\";s:4:\"anan\";s:11:\"action_list\";s:3:\"all\";s:10:\"last_check\";s:10:\"1444007341\";s:17:\"supplier_admin_id\";s:1:\"1\";s:19:\"supplier_shop_guide\";b:1;}'),('f2fc3e95ab74faf3b0890895ed72175e',2888073475,'a:10:{s:11:\"supplier_id\";s:1:\"1\";s:16:\"supplier_user_id\";s:1:\"1\";s:13:\"supplier_name\";s:4:\"anan\";s:20:\"supplier_action_list\";s:3:\"all\";s:19:\"supplier_last_check\";s:10:\"1444007576\";s:10:\"admin_name\";s:4:\"anan\";s:11:\"action_list\";s:3:\"all\";s:10:\"last_check\";s:10:\"1444007576\";s:17:\"supplier_admin_id\";s:1:\"1\";s:19:\"supplier_shop_guide\";b:1;}'),('9c4660f769898bdf5967e7d74dbc0f53',4294967295,'a:13:{s:7:\"from_ad\";i:0;s:7:\"referer\";s:6:\"本站\";s:10:\"login_fail\";i:0;s:13:\"captcha_login\";s:16:\"MDc0YWZjYTdiMg==\";s:9:\"last_time\";s:10:\"1461389875\";s:7:\"last_ip\";s:7:\"0.0.0.0\";s:7:\"headimg\";s:0:\"\";s:13:\"sel_cartgoods\";i:3;s:9:\"flow_type\";i:2;s:14:\"extension_code\";s:0:\"\";s:12:\"extension_id\";i:11;s:14:\"flow_consignee\";a:15:{s:10:\"address_id\";s:2:\"17\";s:12:\"address_name\";s:0:\"\";s:7:\"user_id\";s:1:\"9\";s:9:\"consignee\";s:6:\"张波\";s:5:\"email\";s:12:\"test@126.com\";s:7:\"country\";s:1:\"1\";s:8:\"province\";s:1:\"6\";s:4:\"city\";s:2:\"76\";s:8:\"district\";s:3:\"696\";s:7:\"address\";s:6:\"吃啥\";s:7:\"zipcode\";s:0:\"\";s:3:\"tel\";s:0:\"\";s:6:\"mobile\";s:11:\"13111111111\";s:13:\"sign_building\";s:0:\"\";s:9:\"best_time\";s:0:\"\";}s:10:\"flow_order\";a:10:{s:12:\"shipping_pay\";a:1:{i:0;i:2;}s:11:\"shipping_id\";i:0;s:6:\"pay_id\";i:0;s:7:\"pack_id\";i:0;s:7:\"card_id\";i:0;s:5:\"bonus\";i:0;s:8:\"integral\";i:0;s:7:\"surplus\";i:0;s:14:\"extension_code\";s:0:\"\";s:12:\"extension_id\";i:11;}}'),('715092839982c35f2462e25b2a7fa641',4294967295,'a:8:{s:7:\"from_ad\";i:0;s:7:\"referer\";s:6:\"本站\";s:10:\"login_fail\";i:0;s:13:\"captcha_login\";s:16:\"NDI1OWFjOWRiZQ==\";s:12:\"captcha_word\";s:16:\"MGU3ZjJkZTQwMw==\";s:13:\"find_password\";a:4:{s:7:\"user_id\";s:2:\"10\";s:9:\"user_name\";s:12:\"u130NMMF2430\";s:5:\"email\";s:0:\"\";s:12:\"mobile_phone\";s:11:\"13070682430\";}s:15:\"mobile_validate\";s:11:\"13070682430\";s:14:\"email_validate\";s:0:\"\";}');
/*!40000 ALTER TABLE `ecs_sessions_data` ENABLE KEYS */;
UNLOCK TABLES;

--
-- Table structure for table `ecs_shaidan`
--

DROP TABLE IF EXISTS `ecs_shaidan`;
/*!40101 SET @saved_cs_client     = @@character_set_client */;
/*!40101 SET character_set_client = utf8 */;
CREATE TABLE `ecs_shaidan` (
  `shaidan_id` mediumint(9) NOT NULL AUTO_INCREMENT,
  `rec_id` mediumint(9) NOT NULL DEFAULT '0',
  `goods_id` mediumint(9) NOT NULL DEFAULT '0',
  `user_id` mediumint(9) NOT NULL DEFAULT '0',
  `title` varchar(255) NOT NULL,
  `message` text NOT NULL,
  `add_time` int(10) DEFAULT '0',
  `status` tinyint(1) NOT NULL DEFAULT '0',
  `hide_username` tinyint(1) NOT NULL DEFAULT '0',
  `pay_points` int(10) NOT NULL DEFAULT '0',
  `is_points` tinyint(1) NOT NULL DEFAULT '0',
  PRIMARY KEY (`shaidan_id`)
) ENGINE=MyISAM DEFAULT CHARSET=utf8;
/*!40101 SET character_set_client = @saved_cs_client */;

--
-- Dumping data for table `ecs_shaidan`
--

LOCK TABLES `ecs_shaidan` WRITE;
/*!40000 ALTER TABLE `ecs_shaidan` DISABLE KEYS */;
/*!40000 ALTER TABLE `ecs_shaidan` ENABLE KEYS */;
UNLOCK TABLES;

--
-- Table structure for table `ecs_shaidan_img`
--

DROP TABLE IF EXISTS `ecs_shaidan_img`;
/*!40101 SET @saved_cs_client     = @@character_set_client */;
/*!40101 SET character_set_client = utf8 */;
CREATE TABLE `ecs_shaidan_img` (
  `img_id` mediumint(8) NOT NULL AUTO_INCREMENT,
  `shaidan_id` mediumint(8) NOT NULL DEFAULT '0',
  `desc` text NOT NULL,
  `image` varchar(255) NOT NULL,
  `thumb` varchar(255) NOT NULL,
  PRIMARY KEY (`img_id`)
) ENGINE=MyISAM DEFAULT CHARSET=utf8;
/*!40101 SET character_set_client = @saved_cs_client */;

--
-- Dumping data for table `ecs_shaidan_img`
--

LOCK TABLES `ecs_shaidan_img` WRITE;
/*!40000 ALTER TABLE `ecs_shaidan_img` DISABLE KEYS */;
/*!40000 ALTER TABLE `ecs_shaidan_img` ENABLE KEYS */;
UNLOCK TABLES;

--
-- Table structure for table `ecs_shipping`
--

DROP TABLE IF EXISTS `ecs_shipping`;
/*!40101 SET @saved_cs_client     = @@character_set_client */;
/*!40101 SET character_set_client = utf8 */;
CREATE TABLE `ecs_shipping` (
  `shipping_id` tinyint(3) unsigned NOT NULL AUTO_INCREMENT,
  `shipping_code` varchar(20) NOT NULL DEFAULT '',
  `shipping_name` varchar(120) NOT NULL DEFAULT '',
  `shipping_desc` varchar(255) NOT NULL DEFAULT '',
  `insure` varchar(10) NOT NULL DEFAULT '0',
  `support_cod` tinyint(1) unsigned NOT NULL DEFAULT '0',
  `enabled` tinyint(1) unsigned NOT NULL DEFAULT '0',
  `shipping_print` text NOT NULL,
  `print_bg` varchar(255) DEFAULT NULL,
  `config_lable` text,
  `print_model` tinyint(1) DEFAULT '0',
  `shipping_order` tinyint(3) unsigned NOT NULL DEFAULT '0',
  `support_pickup` tinyint(1) NOT NULL,
  `supplier_id` mediumint(8) unsigned NOT NULL DEFAULT '0' COMMENT '0:平台方;大于0:入驻商id',
  PRIMARY KEY (`shipping_id`),
  KEY `shipping_code` (`shipping_code`,`enabled`)
) ENGINE=MyISAM AUTO_INCREMENT=5 DEFAULT CHARSET=utf8;
/*!40101 SET character_set_client = @saved_cs_client */;

--
-- Dumping data for table `ecs_shipping`
--

LOCK TABLES `ecs_shipping` WRITE;
/*!40000 ALTER TABLE `ecs_shipping` DISABLE KEYS */;
INSERT INTO `ecs_shipping` VALUES (1,'yto','圆通速递','上海圆通物流（速递）有限公司经过多年的网络快速发展，在中国速递行业中一直处于领先地位。为了能更好的发展国际快件市场，加快与国际市场的接轨，强化圆通的整体实力，圆通已在东南亚、欧美、中东、北美洲、非洲等许多城市运作国际快件业务','0',1,1,'','/images/receipt/dly_yto.jpg','t_shop_province,网店-省份,132,24,279.6,105.7,b_shop_province||,||t_shop_name,网店-名称,268,29,142.95,133.85,b_shop_name||,||t_shop_address,网店-地址,346,40,67.3,199.95,b_shop_address||,||t_shop_city,网店-城市,64,35,223.8,163.95,b_shop_city||,||t_shop_district,网店-区/县,56,35,314.9,164.25,b_shop_district||,||t_pigeon,√-对号,21,21,143.1,263.2,b_pigeon||,||t_customer_name,收件人-姓名,89,25,488.65,121.05,b_customer_name||,||t_customer_tel,收件人-电话,136,21,656,110.6,b_customer_tel||,||t_customer_mobel,收件人-手机,137,21,655.6,132.8,b_customer_mobel||,||t_customer_province,收件人-省份,115,24,480.2,173.5,b_customer_province||,||t_customer_city,收件人-城市,60,27,609.3,172.5,b_customer_city||,||t_customer_district,收件人-区/县,58,28,696.8,173.25,b_customer_district||,||t_customer_post,收件人-邮编,93,21,701.1,240.25,b_customer_post||,||',2,0,0,0),(2,'pups','门店自提','买家自己到商家指定地点取货','0',1,1,'','','',2,0,1,0),(3,'sf_express','顺丰速运','江、浙、沪地区首重15元/KG，续重2元/KG，其余城市首重20元/KG','0',0,1,'','/images/receipt/dly_sf_express.jpg','t_shop_name,网店-名称,150,29,112,137,b_shop_name||,||t_shop_address,网店-地址,268,55,105,168,b_shop_address||,||t_shop_tel,网店-联系电话,55,25,177,224,b_shop_tel||,||t_customer_name,收件人-姓名,78,23,299,265,b_customer_name||,||t_customer_address,收件人-详细地址,271,94,104,293,b_customer_address||,||',2,0,0,0),(4,'sto_express','申通快递','江、浙、沪地区首重为15元/KG，其他地区18元/KG， 续重均为5-6元/KG， 云南地区为8元','0',0,1,'','/images/receipt/dly_sto_express.jpg','t_shop_address,网店-地址,235,48,131,152,b_shop_address||,||t_shop_name,网店-名称,237,26,131,200,b_shop_name||,||t_shop_tel,网店-联系电话,96,36,144,257,b_shop_tel||,||t_customer_post,收件人-邮编,86,23,578,268,b_customer_post||,||t_customer_address,收件人-详细地址,232,49,434,149,b_customer_address||,||t_customer_name,收件人-姓名,151,27,449,231,b_customer_name||,||t_customer_tel,收件人-电话,90,32,452,261,b_customer_tel||,||',2,0,0,0);
/*!40000 ALTER TABLE `ecs_shipping` ENABLE KEYS */;
UNLOCK TABLES;

--
-- Table structure for table `ecs_shipping_area`
--

DROP TABLE IF EXISTS `ecs_shipping_area`;
/*!40101 SET @saved_cs_client     = @@character_set_client */;
/*!40101 SET character_set_client = utf8 */;
CREATE TABLE `ecs_shipping_area` (
  `shipping_area_id` smallint(5) unsigned NOT NULL AUTO_INCREMENT,
  `shipping_area_name` varchar(150) NOT NULL DEFAULT '',
  `shipping_id` tinyint(3) unsigned NOT NULL DEFAULT '0',
  `configure` text NOT NULL,
  PRIMARY KEY (`shipping_area_id`),
  KEY `shipping_id` (`shipping_id`)
) ENGINE=MyISAM AUTO_INCREMENT=4 DEFAULT CHARSET=utf8;
/*!40101 SET character_set_client = @saved_cs_client */;

--
-- Dumping data for table `ecs_shipping_area`
--

LOCK TABLES `ecs_shipping_area` WRITE;
/*!40000 ALTER TABLE `ecs_shipping_area` DISABLE KEYS */;
INSERT INTO `ecs_shipping_area` VALUES (1,'全国',2,'a:3:{i:0;a:2:{s:4:\"name\";s:10:\"free_money\";s:5:\"value\";s:0:\"\";}i:1;a:2:{s:4:\"name\";s:16:\"fee_compute_mode\";s:5:\"value\";s:0:\"\";}i:2;a:2:{s:4:\"name\";s:7:\"pay_fee\";s:5:\"value\";s:1:\"2\";}}'),(2,'全国',3,'a:5:{i:0;a:2:{s:4:\"name\";s:8:\"item_fee\";s:5:\"value\";s:2:\"20\";}i:1;a:2:{s:4:\"name\";s:8:\"base_fee\";s:5:\"value\";s:2:\"15\";}i:2;a:2:{s:4:\"name\";s:8:\"step_fee\";s:5:\"value\";s:1:\"2\";}i:3;a:2:{s:4:\"name\";s:10:\"free_money\";s:5:\"value\";s:0:\"\";}i:4;a:2:{s:4:\"name\";s:16:\"fee_compute_mode\";s:5:\"value\";s:9:\"by_weight\";}}'),(3,'全国',4,'a:5:{i:0;a:2:{s:4:\"name\";s:8:\"item_fee\";s:5:\"value\";s:2:\"15\";}i:1;a:2:{s:4:\"name\";s:8:\"base_fee\";s:5:\"value\";s:2:\"15\";}i:2;a:2:{s:4:\"name\";s:8:\"step_fee\";s:5:\"value\";s:1:\"5\";}i:3;a:2:{s:4:\"name\";s:10:\"free_money\";s:5:\"value\";s:0:\"\";}i:4;a:2:{s:4:\"name\";s:16:\"fee_compute_mode\";s:5:\"value\";s:9:\"by_weight\";}}');
/*!40000 ALTER TABLE `ecs_shipping_area` ENABLE KEYS */;
UNLOCK TABLES;

--
-- Table structure for table `ecs_shop_config`
--

DROP TABLE IF EXISTS `ecs_shop_config`;
/*!40101 SET @saved_cs_client     = @@character_set_client */;
/*!40101 SET character_set_client = utf8 */;
CREATE TABLE `ecs_shop_config` (
  `id` smallint(5) unsigned NOT NULL AUTO_INCREMENT,
  `parent_id` smallint(5) unsigned NOT NULL DEFAULT '0',
  `code` varchar(30) NOT NULL DEFAULT '',
  `type` varchar(10) NOT NULL DEFAULT '',
  `store_range` varchar(255) NOT NULL DEFAULT '',
  `store_dir` varchar(255) NOT NULL DEFAULT '',
  `value` text NOT NULL,
  `sort_order` tinyint(3) unsigned NOT NULL DEFAULT '1',
  PRIMARY KEY (`id`),
  UNIQUE KEY `code` (`code`),
  KEY `parent_id` (`parent_id`)
) ENGINE=MyISAM AUTO_INCREMENT=1027 DEFAULT CHARSET=utf8;
/*!40101 SET character_set_client = @saved_cs_client */;

--
-- Dumping data for table `ecs_shop_config`
--

LOCK TABLES `ecs_shop_config` WRITE;
/*!40000 ALTER TABLE `ecs_shop_config` DISABLE KEYS */;
INSERT INTO `ecs_shop_config` VALUES (1,0,'shop_info','group','','','',1),(2,0,'basic','group','','','',1),(3,0,'display','group','','','',1),(4,0,'shopping_flow','group','','','',1),(5,0,'smtp','group','','','',1),(6,0,'hidden','hidden','','','',1),(7,0,'goods','group','','','',1),(8,0,'sms','group','','','',1),(9,0,'wap','hidden','','','',1),(101,1,'shop_name','text','','','路路通艺术品拍卖',1),(102,1,'shop_title','text','','','路路通艺术品拍卖',1),(103,1,'shop_desc','text','','','路路通艺术品拍卖',1),(104,1,'shop_keywords','text','','','路路通艺术品拍卖',1),(105,1,'shop_country','manual','','','1',1),(106,1,'shop_province','manual','','','22',1),(107,1,'shop_city','manual','','','299',1),(108,1,'shop_address','text','','','张店区万杰路',1),(109,1,'qq','text','','','800007396',1),(110,1,'ww','text','','','',1),(111,1,'skype','text','','','',1),(112,1,'ym','text','','','',1),(113,1,'msn','text','','','',1),(114,1,'service_email','text','','','',1),(115,1,'service_phone','text','','','',1),(116,1,'shop_closed','select','0,1','','0',1),(117,1,'close_comment','textarea','','','',1),(118,1,'shop_logo','hidden','','../themes/{$template}/images/','',1),(119,1,'licensed','select','0,1','','0',1),(120,1,'user_notice','textarea','','','用户中心公告！',1),(121,1,'shop_notice','hidden','','','',1),(122,1,'shop_reg_closed','select','1,0','','0',1),(201,2,'lang','manual','','','zh_cn',1),(202,2,'icp_number','text','','','',1),(203,2,'icp_file','file','','../cert/','',1),(204,2,'watermark','file','','../images/','',1),(205,2,'watermark_place','select','0,1,2,3,4,5','','1',1),(206,2,'watermark_alpha','text','','','65',1),(207,2,'use_storage','select','1,0','','1',1),(208,2,'market_price_rate','text','','','1.2',1),(209,2,'rewrite','select','0,1,2','','0',1),(210,2,'integral_name','text','','','',1),(211,2,'integral_scale','text','','','1',1),(212,2,'integral_percent','text','','','1',1),(213,2,'sn_prefix','text','','','ECS',1),(214,2,'comment_check','select','0,1','','0',1),(215,2,'no_picture','file','','../images/','../images/1409272951415985699.jpg',1),(218,2,'stats_code','textarea','','','',1),(219,2,'cache_time','text','','','3600',1),(220,2,'register_points','text','','','100',1),(221,2,'enable_gzip','select','0,1','','0',1),(222,2,'top10_time','select','0,1,2,3,4','','0',1),(223,2,'timezone','options','-12,-11,-10,-9,-8,-7,-6,-5,-4,-3.5,-3,-2,-1,0,1,2,3,3.5,4,4.5,5,5.5,5.75,6,6.5,7,8,9,9.5,10,11,12','','8',1),(224,2,'upload_size_limit','options','-1,0,64,128,256,512,1024,2048,4096','','4096',1),(226,2,'cron_method','select','0,1','','0',1),(227,2,'comment_factor','select','0,1,2,3','','0',1),(228,2,'enable_order_check','select','0,1','','1',1),(229,2,'default_storage','text','','','1',1),(230,2,'bgcolor','text','','','#FFFFFF',1),(231,2,'visit_stats','select','on,off','','off',1),(232,2,'send_mail_on','select','on,off','','off',1),(233,2,'auto_generate_gallery','select','1,0','','1',1),(234,2,'retain_original_img','select','1,0','','1',1),(235,2,'member_email_validate','select','1,0','','1',1),(236,2,'message_board','select','1,0','','1',1),(239,2,'certificate_id','hidden','','','105916',1),(240,2,'token','hidden','','','7c138ed927e2fbb00dac111e2143124f6f1dafaa0ebe459e8752755f4283f42c',1),(241,2,'certi','hidden','','','http://service.shopex.cn/openapi/api.php',1),(301,3,'date_format','hidden','','','Y-m-d',1),(302,3,'time_format','text','','','Y-m-d H:i:s',1),(303,3,'currency_format','text','','','%s',1),(304,3,'thumb_width','text','','','200',1),(305,3,'thumb_height','text','','','200',1),(306,3,'image_width','text','','','500',1),(307,3,'image_height','text','','','500',1),(312,3,'top_number','text','','','8',1),(313,3,'history_number','text','','','5',1),(314,3,'comments_number','text','','','2',1),(315,3,'bought_goods','text','','','5',1),(316,3,'article_number','hidden','','','8',1),(317,3,'goods_name_length','text','','','24',1),(318,3,'price_format','select','0,1,2,3,4,5','','2',1),(319,3,'page_size','text','','','16',1),(320,3,'sort_order_type','select','0,1,2','','2',1),(321,3,'sort_order_method','select','0,1','','1',1),(322,3,'show_order_type','hidden','0,1,2','','1',1),(323,3,'attr_related_number','text','','','5',1),(324,3,'goods_gallery_number','text','','','100',1),(325,3,'article_title_length','text','','','16',1),(326,3,'name_of_region_1','text','','','国家',1),(327,3,'name_of_region_2','text','','','省',1),(328,3,'name_of_region_3','text','','','市',1),(329,3,'name_of_region_4','text','','','区',1),(330,3,'search_keywords','text','','','iPhone5,NZXT,旅行包,格力电暖器,年货先到家,MX2,邓小平时代',0),(332,3,'related_goods_number','text','','','6',1),(333,3,'help_open','select','0,1','','1',1),(334,3,'article_page_size','text','','','10',1),(335,3,'page_style','select','0,1','','1',1),(336,3,'recommend_order','select','0,1','','0',1),(337,3,'index_ad','hidden','','','sys',1),(401,4,'can_invoice','select','1,0','','1',1),(402,4,'use_integral','select','1,0','','1',1),(403,4,'use_bonus','select','1,0','','1',1),(404,4,'use_surplus','select','1,0','','1',1),(405,4,'use_how_oos','select','1,0','','1',1),(406,4,'send_confirm_email','select','1,0','','1',1),(407,4,'send_ship_email','select','1,0','','1',1),(408,4,'send_cancel_email','select','1,0','','1',1),(409,4,'send_invalid_email','select','1,0','','1',1),(410,4,'order_pay_note','select','1,0','','1',1),(411,4,'order_unpay_note','select','1,0','','1',1),(412,4,'order_ship_note','select','1,0','','1',1),(413,4,'order_receive_note','select','1,0','','1',1),(414,4,'order_unship_note','select','1,0','','1',1),(415,4,'order_return_note','select','1,0','','1',1),(416,4,'order_invalid_note','select','1,0','','1',1),(417,4,'order_cancel_note','select','1,0','','1',1),(418,4,'invoice_content','textarea','','','明细\r\n办公用品\r\n电脑配件\r\n耗材\r\n其他',1),(419,4,'anonymous_buy','hidden','1,0','','1',1),(420,4,'min_goods_amount','text','','','0',1),(421,4,'one_step_buy','hidden','1,0','','0',1),(422,4,'invoice_type','manual','','','a:3:{s:4:\"type\";a:2:{i:0;s:14:\"normal_invoice\";i:1;s:11:\"vat_invoice\";}s:4:\"rate\";a:2:{i:0;d:1;i:1;d:1.5;}s:6:\"enable\";a:2:{i:0;s:1:\"1\";i:1;s:1:\"1\";}}',1),(423,4,'stock_dec_time','select','1,0','','1',1),(424,4,'cart_confirm','hidden','1,2,3,4','','1',0),(425,4,'send_service_email','select','1,0','','0',1),(426,4,'show_goods_in_cart','hidden','1,2,3','','3',1),(427,4,'show_attr_in_cart','select','1,0','','1',1),(501,5,'smtp_host','text','','','smtp.qq.com',1),(502,5,'smtp_port','text','','','25',1),(503,5,'smtp_user','text','','','357577995@qq.com',1),(504,5,'smtp_pass','password','','','3410334cuibo',1),(505,5,'smtp_mail','text','','','357577995@qq.com',1),(506,5,'mail_charset','select','UTF8,GB2312,BIG5','','UTF8',1),(507,5,'mail_service','select','0,1','','1',0),(508,5,'smtp_ssl','select','0,1','','0',0),(601,6,'integrate_code','hidden','','','ecshop',1),(602,6,'integrate_config','hidden','','','',1),(603,6,'hash_code','hidden','','','31693422540744c0a6b6da635b7a5a93',1),(604,6,'template','hidden','','','paimai',1),(605,6,'install_date','hidden','','','1314153667',1),(606,6,'ecs_version','hidden','','','v2.7.3',1),(607,6,'sms_user_name','hidden','','','',1),(608,6,'sms_password','hidden','','','',1),(609,6,'sms_auth_str','hidden','','','',1),(610,6,'sms_domain','hidden','','','',1),(611,6,'sms_count','hidden','','','',1),(612,6,'sms_total_money','hidden','','','',1),(613,6,'sms_balance','hidden','','','',1),(614,6,'sms_last_request','hidden','','','',1),(616,6,'affiliate','hidden','','','a:3:{s:6:\"config\";a:7:{s:6:\"expire\";d:24;s:11:\"expire_unit\";s:4:\"hour\";s:11:\"separate_by\";i:0;s:15:\"level_point_all\";s:4:\"100%\";s:15:\"level_money_all\";s:3:\"50%\";s:18:\"level_register_all\";i:2;s:17:\"level_register_up\";i:60;}s:4:\"item\";a:4:{i:0;a:2:{s:11:\"level_point\";s:3:\"60%\";s:11:\"level_money\";s:3:\"60%\";}i:1;a:2:{s:11:\"level_point\";s:3:\"30%\";s:11:\"level_money\";s:3:\"30%\";}i:2;a:2:{s:11:\"level_point\";s:2:\"7%\";s:11:\"level_money\";s:2:\"7%\";}i:3;a:2:{s:11:\"level_point\";s:2:\"3%\";s:11:\"level_money\";s:2:\"3%\";}}s:2:\"on\";i:1;}',1),(617,6,'captcha','hidden','','','3',1),(618,6,'captcha_width','hidden','','','80',1),(619,6,'captcha_height','hidden','','','30',1),(620,6,'sitemap','hidden','','','a:6:{s:19:\"homepage_changefreq\";s:6:\"hourly\";s:17:\"homepage_priority\";s:3:\"0.9\";s:19:\"category_changefreq\";s:6:\"hourly\";s:17:\"category_priority\";s:3:\"0.8\";s:18:\"content_changefreq\";s:6:\"weekly\";s:16:\"content_priority\";s:3:\"0.7\";}',0),(621,6,'points_rule','hidden','','','',0),(622,6,'flash_theme','hidden','','','default',1),(623,6,'stylename','hidden','','','',1),(701,7,'show_goodssn','select','1,0','','1',1),(702,7,'show_brand','select','1,0','','0',1),(703,7,'show_goodsweight','select','1,0','','0',1),(704,7,'show_goodsnumber','select','1,0','','1',1),(705,7,'show_addtime','select','1,0','','0',1),(706,7,'goodsattr_style','hidden','1,0','','1',1),(707,7,'show_marketprice','select','1,0','','1',1),(801,8,'sms_shop_mobile','select','0,1','','1',1),(802,8,'sms_order_placed','select','1,0','','0',1),(803,8,'sms_order_payed','select','1,0','','1',1),(804,8,'sms_order_shipped','select','1,0','','1',1),(901,9,'wap_config','select','1,0','','0',1),(902,9,'wap_logo','file','','../images/','',1),(903,2,'message_check','select','1,0','','0',1),(904,2,'send_verify_email','select','1,0','','0',1),(905,2,'ent_id','hidden','','','',1),(906,2,'ent_ac','hidden','','','',1),(907,2,'ent_sign','hidden','','','',1),(908,2,'ent_email','hidden','','','',1),(990,9,'shop_name_goodscart1','hidden','','','68ecshop_',1),(991,9,'shop_name_goodscart2','hidden','','','com_',1),(992,9,'shop_name_goodscart3','hidden','','','consignee_',1),(993,9,'shop_name_goodscart4','hidden','','','www_',1),(1017,1,'tag_show_num','text','','','5',1),(1016,1,'user_tag_check','select','1,0','','0',1),(10,0,'supplier_privilege','group','','','',1),(994,10,'supplier_addbest','select','0,1','','1',1),(995,10,'supplier_editgoods','select','0,1','0','1',1),(996,10,'supplier_secondadd','select','0,1','','1',1),(997,10,'company_type','textarea','','','私营企业\r\n个体户\r\n外企\r\n中外合资',255),(909,8,'sms_register','select','1,0','','1',1),(998,10,'supplier_notice','textarea','','','尊敬的供货商您好，由于系统升级，2014年5月18日13:00-16:00暂停营业，特此通知',245),(999,10,'supplier_rebate_paytype','textarea','','','支付宝转账\r\n银行转账\r\n微信支付\r\n财付通转账',250),(150,1,'erweima_wapurl','text','','','http://www.itmba.cc',1),(161,1,'erweima_logo','file','','../images/','',1),(1000,2,'takegoods_send_email','select','0,1','','1',1),(1001,2,'takegoods_send_sms','select','0,1','','1',1),(1002,2,'takegoods_check_money','select','0,1','','0',1),(1003,3,'email_domain','textarea','','','163.com,68ecshop.com,sina.com',1),(1015,1,'shaidan_check','select','1,0','','0',1),(1014,1,'shaidan_pay_points','text','','','100',1),(1013,1,'shaidan_img_num','text','','','3',1),(1012,1,'shaidan_pre_num','text','','','10',1),(1011,1,'comment_youxiaoqi','text','','','5',1),(298,2,'time_shouhuo','text','','','10',1),(428,2,'identity','select','1,0','','1',1),(1018,1,'okgoods_time','text','','','5',1),(1019,1,'okback_time','text','','','5',1),(1020,1,'delback_time','text','','','5',1),(1021,1,'weixiu_time','text','','','30',1),(1024,4,'recom_rank','text','','','',1),(1025,8,'sms_goods_stockout','select','1,0','','1',1),(1026,10,'supplier_comment','select','0,1','','1',2),(11,0,'chat','group','','','',1);
/*!40000 ALTER TABLE `ecs_shop_config` ENABLE KEYS */;
UNLOCK TABLES;

--
-- Table structure for table `ecs_shop_grade`
--

DROP TABLE IF EXISTS `ecs_shop_grade`;
/*!40101 SET @saved_cs_client     = @@character_set_client */;
/*!40101 SET character_set_client = utf8 */;
CREATE TABLE `ecs_shop_grade` (
  `grade_id` int(10) unsigned NOT NULL AUTO_INCREMENT,
  `user_id` int(10) unsigned NOT NULL DEFAULT '0',
  `user_name` varchar(60) NOT NULL,
  `add_time` int(10) unsigned NOT NULL DEFAULT '0',
  `comment_rank` tinyint(1) unsigned NOT NULL DEFAULT '0',
  `server` tinyint(1) unsigned NOT NULL DEFAULT '0',
  `send` tinyint(1) unsigned NOT NULL DEFAULT '0',
  `shipping` tinyint(1) unsigned NOT NULL DEFAULT '0',
  `order_id` mediumint(8) unsigned NOT NULL DEFAULT '0',
  `order_sn` varchar(20) NOT NULL,
  `is_comment` tinyint(1) unsigned NOT NULL DEFAULT '1',
  PRIMARY KEY (`grade_id`)
) ENGINE=MyISAM DEFAULT CHARSET=utf8;
/*!40101 SET character_set_client = @saved_cs_client */;

--
-- Dumping data for table `ecs_shop_grade`
--

LOCK TABLES `ecs_shop_grade` WRITE;
/*!40000 ALTER TABLE `ecs_shop_grade` DISABLE KEYS */;
/*!40000 ALTER TABLE `ecs_shop_grade` ENABLE KEYS */;
UNLOCK TABLES;

--
-- Table structure for table `ecs_snatch_log`
--

DROP TABLE IF EXISTS `ecs_snatch_log`;
/*!40101 SET @saved_cs_client     = @@character_set_client */;
/*!40101 SET character_set_client = utf8 */;
CREATE TABLE `ecs_snatch_log` (
  `log_id` mediumint(8) unsigned NOT NULL AUTO_INCREMENT,
  `snatch_id` tinyint(3) unsigned NOT NULL DEFAULT '0',
  `user_id` mediumint(8) unsigned NOT NULL DEFAULT '0',
  `bid_price` decimal(10,2) NOT NULL DEFAULT '0.00',
  `bid_time` int(10) unsigned NOT NULL DEFAULT '0',
  PRIMARY KEY (`log_id`),
  KEY `snatch_id` (`snatch_id`)
) ENGINE=MyISAM DEFAULT CHARSET=utf8;
/*!40101 SET character_set_client = @saved_cs_client */;

--
-- Dumping data for table `ecs_snatch_log`
--

LOCK TABLES `ecs_snatch_log` WRITE;
/*!40000 ALTER TABLE `ecs_snatch_log` DISABLE KEYS */;
/*!40000 ALTER TABLE `ecs_snatch_log` ENABLE KEYS */;
UNLOCK TABLES;

--
-- Table structure for table `ecs_stats`
--

DROP TABLE IF EXISTS `ecs_stats`;
/*!40101 SET @saved_cs_client     = @@character_set_client */;
/*!40101 SET character_set_client = utf8 */;
CREATE TABLE `ecs_stats` (
  `access_time` int(10) unsigned NOT NULL DEFAULT '0',
  `ip_address` varchar(15) NOT NULL DEFAULT '',
  `visit_times` smallint(5) unsigned NOT NULL DEFAULT '1',
  `browser` varchar(60) NOT NULL DEFAULT '',
  `system` varchar(20) NOT NULL DEFAULT '',
  `language` varchar(20) NOT NULL DEFAULT '',
  `area` varchar(30) NOT NULL DEFAULT '',
  `referer_domain` varchar(100) NOT NULL DEFAULT '',
  `referer_path` varchar(200) NOT NULL DEFAULT '',
  `access_url` varchar(255) NOT NULL DEFAULT '',
  KEY `access_time` (`access_time`)
) ENGINE=MyISAM DEFAULT CHARSET=utf8;
/*!40101 SET character_set_client = @saved_cs_client */;

--
-- Dumping data for table `ecs_stats`
--

LOCK TABLES `ecs_stats` WRITE;
/*!40000 ALTER TABLE `ecs_stats` DISABLE KEYS */;
/*!40000 ALTER TABLE `ecs_stats` ENABLE KEYS */;
UNLOCK TABLES;

--
-- Table structure for table `ecs_street_category`
--

DROP TABLE IF EXISTS `ecs_street_category`;
/*!40101 SET @saved_cs_client     = @@character_set_client */;
/*!40101 SET character_set_client = utf8 */;
CREATE TABLE `ecs_street_category` (
  `str_id` smallint(5) unsigned NOT NULL AUTO_INCREMENT,
  `str_name` varchar(90) NOT NULL DEFAULT '' COMMENT '分类名',
  `str_style` varchar(90) NOT NULL DEFAULT '0' COMMENT '样式类名',
  `sort_order` tinyint(1) unsigned NOT NULL DEFAULT '50' COMMENT '排列顺序',
  `is_groom` tinyint(1) NOT NULL DEFAULT '0' COMMENT '是否推荐',
  `is_show` tinyint(1) unsigned NOT NULL DEFAULT '1' COMMENT '是否显示',
  PRIMARY KEY (`str_id`)
) ENGINE=MyISAM AUTO_INCREMENT=9 DEFAULT CHARSET=utf8;
/*!40101 SET character_set_client = @saved_cs_client */;

--
-- Dumping data for table `ecs_street_category`
--

LOCK TABLES `ecs_street_category` WRITE;
/*!40000 ALTER TABLE `ecs_street_category` DISABLE KEYS */;
INSERT INTO `ecs_street_category` VALUES (1,'精选','0',50,0,1),(2,'女人','ft-woman',50,1,1),(3,'男人','ft-man',50,1,1),(4,'家装','ft-electric',50,1,1),(5,'母婴','ft-mami',50,1,1),(6,'美妆','ft-makeup',50,1,1),(7,'美食','ft-sport',50,1,1),(8,'数码','ft-life',50,1,1);
/*!40000 ALTER TABLE `ecs_street_category` ENABLE KEYS */;
UNLOCK TABLES;

--
-- Table structure for table `ecs_supplier`
--

DROP TABLE IF EXISTS `ecs_supplier`;
/*!40101 SET @saved_cs_client     = @@character_set_client */;
/*!40101 SET character_set_client = utf8 */;
CREATE TABLE `ecs_supplier` (
  `supplier_id` mediumint(8) unsigned NOT NULL AUTO_INCREMENT,
  `user_id` mediumint(8) unsigned NOT NULL DEFAULT '0' COMMENT '申请入驻人id',
  `supplier_name` varchar(255) NOT NULL COMMENT '供货商名称',
  `rank_id` tinyint(3) unsigned NOT NULL DEFAULT '0' COMMENT '店铺等级',
  `type_id` tinyint(3) unsigned NOT NULL DEFAULT '0' COMMENT '店铺类型',
  `company_name` varchar(255) NOT NULL COMMENT '公司名称',
  `country` smallint(5) unsigned NOT NULL COMMENT '公司所在地(国家)',
  `province` smallint(5) unsigned NOT NULL COMMENT '公司所在地(省)',
  `city` smallint(5) unsigned NOT NULL COMMENT '公司所在地(市)',
  `district` smallint(5) unsigned NOT NULL COMMENT '公司所在地(县/区)',
  `address` varchar(255) NOT NULL DEFAULT '' COMMENT '公司详细地址',
  `tel` varchar(50) NOT NULL COMMENT '公司电话',
  `email` varchar(100) NOT NULL COMMENT '电子邮件',
  `guimo` varchar(255) NOT NULL COMMENT '公司规模',
  `company_type` varchar(50) NOT NULL COMMENT '公司类型',
  `bank` varchar(255) NOT NULL,
  `zhizhao` varchar(255) NOT NULL COMMENT '营业执照电子版',
  `contact` varchar(255) NOT NULL,
  `id_card` varchar(20) NOT NULL,
  `contact_back` varchar(255) NOT NULL,
  `contact_shop` varchar(255) NOT NULL,
  `contact_yunying` varchar(255) NOT NULL,
  `contact_shouhou` varchar(255) NOT NULL,
  `contact_caiwu` varchar(255) NOT NULL,
  `contact_jishu` varchar(255) NOT NULL,
  `system_fee` decimal(10,2) unsigned NOT NULL DEFAULT '0.00',
  `supplier_bond` decimal(10,2) unsigned NOT NULL DEFAULT '0.00',
  `supplier_rebate` tinyint(3) unsigned NOT NULL DEFAULT '0',
  `supplier_rebate_paytime` tinyint(1) unsigned NOT NULL DEFAULT '0',
  `supplier_remark` varchar(255) NOT NULL DEFAULT '',
  `nav_list` text NOT NULL,
  `status` tinyint(1) NOT NULL DEFAULT '0' COMMENT '状态',
  `add_time` int(10) NOT NULL DEFAULT '0' COMMENT '申请时间',
  `applynum` smallint(1) unsigned NOT NULL DEFAULT '0' COMMENT '申请入驻步骤',
  `contacts_name` varchar(100) NOT NULL DEFAULT '' COMMENT '联系人',
  `contacts_phone` varchar(50) NOT NULL DEFAULT '' COMMENT '联系人电话',
  `business_licence_number` varchar(100) NOT NULL DEFAULT '' COMMENT '营业执照号',
  `business_sphere` text NOT NULL COMMENT '法定经营范围',
  `organization_code` varchar(100) NOT NULL COMMENT '组织机构代码',
  `organization_code_electronic` varchar(255) NOT NULL COMMENT '组织机构代码证电子版',
  `general_taxpayer` varchar(255) NOT NULL COMMENT '一般纳税人证明',
  `bank_account_name` varchar(100) NOT NULL COMMENT '银行开户名',
  `bank_account_number` varchar(100) NOT NULL COMMENT '公司开户行银行账号',
  `bank_name` varchar(100) NOT NULL COMMENT '开户银行支行名称',
  `bank_code` varchar(100) NOT NULL COMMENT '支行联行号',
  `settlement_bank_account_name` varchar(100) NOT NULL COMMENT '银行开户名(结算)',
  `settlement_bank_account_number` varchar(100) NOT NULL COMMENT '公司银行账号(结算)',
  `settlement_bank_name` varchar(100) NOT NULL COMMENT '开户银行支行名称(结算)',
  `settlement_bank_code` varchar(100) NOT NULL COMMENT '支行联行号(结算)',
  `tax_registration_certificate` varchar(100) NOT NULL COMMENT '税务登记证号',
  `taxpayer_id` varchar(100) NOT NULL COMMENT '纳税人识别号',
  `bank_licence_electronic` varchar(255) NOT NULL COMMENT '开户银行许可证电子版',
  `tax_registration_certificate_electronic` varchar(255) NOT NULL COMMENT '税务登记证号电子版',
  `supplier_money` decimal(10,2) NOT NULL DEFAULT '0.00' COMMENT '入驻商的佣金',
  `handheld_idcard` varchar(255) NOT NULL COMMENT '手持身份证照片',
  `idcard_front` varchar(255) NOT NULL COMMENT '身份证证明照片',
  `idcard_reverse` varchar(255) NOT NULL COMMENT '身份证反面照片',
  `id_card_no` varchar(20) NOT NULL COMMENT '身份证号码',
  PRIMARY KEY (`supplier_id`),
  KEY `user_id` (`user_id`)
) ENGINE=MyISAM AUTO_INCREMENT=10 DEFAULT CHARSET=utf8;
/*!40101 SET character_set_client = @saved_cs_client */;

--
-- Dumping data for table `ecs_supplier`
--

LOCK TABLES `ecs_supplier` WRITE;
/*!40000 ALTER TABLE `ecs_supplier` DISABLE KEYS */;
INSERT INTO `ecs_supplier` VALUES (1,1,'天天果园',1,7,'天天果园',1,10,145,1195,'天天果园基地','','anan@68ecshop.com','','','','','','','','','','','','',0.00,5000.00,6,2,'','',1,1437526851,3,'安安','18712345678','','','','','','安安','221231231241241242134','中国工商银行山海关支行','2342342443','','','','','','','','',0.00,'','','',''),(2,2,'小金蛋母婴旗舰店',1,5,'小金蛋母婴旗舰店',1,2,52,500,'平安大街169号','','2345678@qq.com','','','','','','','','','','','','',500.00,200.00,2,2,'给予通过！','',1,1437529326,3,'于小鱼','13912345678','','','','','','中国工商银行','6212209878765432564','森林逸城支行','124748788471','','','','','','','','',0.00,'','','',''),(5,5,'L&amp;L',2,2,'L&amp;L',1,2,52,501,'前门大街16号','','1234567@qq.com','','','','','','','','','','','','',1000.00,1000.00,10,2,'通过','',1,1437532022,3,'李先生','13125374143','','','','','','中国建设银行','600033333333333','中国建设银行前门支行','60000000000000','','','','','','','','',0.00,'5_20150722nthkrz.jpg','5_20150722apxjed.jpg','5_20150722bpcyvu.jpg','130324111111111111'),(6,6,'伊人化妆品专卖店',1,6,'伊人化妆品专卖店',1,10,145,1194,'河北大街192号','','3490134@qq.com','','','','','','','','','','','','',500.00,1000.00,5,4,'','',1,1437535738,3,'林晓晓','13630378692','','','','','','林晓晓','62122640000169210579','建设大街工商支行','780874321','','','','','','','','',0.00,'6_20150722nshfdv.jpg','6_20150722dnlbra.jpg','6_20150722khsxuo.jpg','130322198404191025'),(7,7,'金星家纺',2,4,'上海金星电子商务有限公司',1,25,321,2707,'浦东新区南道','','34134134@qq.com','','','','','','','','','','','','',1200.00,500.00,3,2,'','',1,1437549851,3,'刘金枫','13478655456','','','','','','中国建设银行','6221209878765432564','燕大支行','655448787635','','','','','','','','',0.00,'7_20150722tyxsrj.jpg','7_20150722woksaq.jpg','7_20150722puebnq.jpg','130323199103122098'),(8,8,'Liza',3,7,'Liza',1,6,77,706,'1234567','','222222@qq.com','','','','','','','','','','','','',1000.00,500.00,5,3,'','',1,1437555755,3,'Liza','15124322222','','','','','','中国工商银行','600033335422456','朝阳路支行','600000000003333','','','','','','','','',0.00,'8_20150722ewmcda.jpg','8_20150722bdipni.jpg','8_20150722yaoiwy.jpg','130222222222222222'),(9,9,'',0,0,'',0,0,0,0,'','','','','','','','','','','','','','','',0.00,0.00,0,0,'','',0,0,0,'','','','','','','','','','','','','','','','','','','',0.00,'','','','');
/*!40000 ALTER TABLE `ecs_supplier` ENABLE KEYS */;
UNLOCK TABLES;

--
-- Table structure for table `ecs_supplier_admin_action`
--

DROP TABLE IF EXISTS `ecs_supplier_admin_action`;
/*!40101 SET @saved_cs_client     = @@character_set_client */;
/*!40101 SET character_set_client = utf8 */;
CREATE TABLE `ecs_supplier_admin_action` (
  `action_id` tinyint(3) unsigned NOT NULL AUTO_INCREMENT,
  `parent_id` tinyint(3) unsigned NOT NULL DEFAULT '0',
  `action_code` varchar(20) NOT NULL DEFAULT '',
  `relevance` varchar(20) NOT NULL DEFAULT '',
  PRIMARY KEY (`action_id`),
  KEY `parent_id` (`parent_id`)
) ENGINE=MyISAM AUTO_INCREMENT=204 DEFAULT CHARSET=utf8;
/*!40101 SET character_set_client = @saved_cs_client */;

--
-- Dumping data for table `ecs_supplier_admin_action`
--

LOCK TABLES `ecs_supplier_admin_action` WRITE;
/*!40000 ALTER TABLE `ecs_supplier_admin_action` DISABLE KEYS */;
INSERT INTO `ecs_supplier_admin_action` VALUES (1,0,'goods',''),(2,0,'suppliers_manage',''),(3,0,'order_manage',''),(4,0,'sys_manage',''),(5,0,'priv_manage',''),(21,1,'goods_list',''),(22,1,'category_list',''),(23,1,'comment_manage',''),(24,1,'goods_trash',''),(25,1,'goods_manage',''),(26,1,'remove_back',''),(27,1,'cat_manage',''),(28,1,'cat_drop',''),(41,2,'rebate_manage',''),(61,3,'order_list',''),(62,3,'order_query',''),(63,3,'merge_order',''),(64,3,'edit_order_print',''),(65,3,'delivery_order',''),(66,3,'back_order',''),(67,3,'order_os_edit',''),(68,3,'order_ps_edit',''),(69,3,'order_ss_edit',''),(70,3,'order_edit',''),(81,4,'shop_base',''),(82,4,'shop_menu',''),(83,4,'shop_guanggao',''),(84,4,'shop_article',''),(85,4,'shop_header',''),(86,4,'shop_templates',''),(101,5,'admin_list',''),(102,5,'admin_manage',''),(103,5,'admin_drop',''),(104,5,'allot_priv',''),(6,0,'promotion',''),(121,6,'bonus_manage',''),(122,6,'group_by',''),(123,6,'favourable',''),(71,3,'booking',''),(124,6,'auction',''),(7,0,'pickup_point',''),(201,7,'pickup_point_manage',''),(202,7,'pickup_point_batch',''),(87,4,'ship_manage',''),(203,1,'order_comment_priv','');
/*!40000 ALTER TABLE `ecs_supplier_admin_action` ENABLE KEYS */;
UNLOCK TABLES;

--
-- Table structure for table `ecs_supplier_admin_user`
--

DROP TABLE IF EXISTS `ecs_supplier_admin_user`;
/*!40101 SET @saved_cs_client     = @@character_set_client */;
/*!40101 SET character_set_client = utf8 */;
CREATE TABLE `ecs_supplier_admin_user` (
  `user_id` smallint(5) unsigned NOT NULL AUTO_INCREMENT,
  `uid` int(10) unsigned NOT NULL DEFAULT '0' COMMENT '存放users表中的user_id',
  `user_name` varchar(60) NOT NULL DEFAULT '',
  `email` varchar(60) NOT NULL DEFAULT '',
  `password` varchar(32) NOT NULL DEFAULT '',
  `ec_salt` varchar(10) DEFAULT NULL,
  `add_time` int(11) NOT NULL DEFAULT '0',
  `last_login` int(11) NOT NULL DEFAULT '0',
  `last_ip` varchar(15) NOT NULL DEFAULT '',
  `action_list` text NOT NULL,
  `nav_list` text NOT NULL,
  `lang_type` varchar(50) NOT NULL DEFAULT '',
  `agency_id` smallint(5) unsigned NOT NULL,
  `supplier_id` int(10) unsigned DEFAULT '0',
  `todolist` longtext,
  `role_id` smallint(5) DEFAULT NULL,
  `checked` tinyint(2) NOT NULL DEFAULT '0' COMMENT '-1:审核未通过,0:未审核,1审核通过',
  PRIMARY KEY (`user_id`),
  KEY `user_name` (`user_name`),
  KEY `agency_id` (`agency_id`)
) ENGINE=MyISAM AUTO_INCREMENT=9 DEFAULT CHARSET=utf8;
/*!40101 SET character_set_client = @saved_cs_client */;

--
-- Dumping data for table `ecs_supplier_admin_user`
--

LOCK TABLES `ecs_supplier_admin_user` WRITE;
/*!40000 ALTER TABLE `ecs_supplier_admin_user` DISABLE KEYS */;
INSERT INTO `ecs_supplier_admin_user` VALUES (1,1,'anan','anan@68ecshop.com','2ab685af0d86e202ccb9734d588a5543','2282',1437497970,1444007805,'113.91.10.76','all','','',0,1,'',0,1),(2,2,'68ecshopyy','285188787@qq.com','e10adc3949ba59abbe56e057f20f883e','',1437500040,1437698813,'192.168.1.125','all','','',0,2,'',0,1),(4,5,'leilei','2691111111@qq.com','e10adc3949ba59abbe56e057f20f883e','',1437502269,1437697808,'192.168.1.162','all','','',0,5,'',0,1),(6,6,'yiren','3490134@qq.com','2d14f0a7ff531d44baa35a0f98ea9f39','',1437503705,1437700003,'192.168.1.162','all','','',0,6,'',0,1),(7,7,'liuyu','33342@qq.com','9925a305924fddf8a7fea60b838d844b','6109',1437520761,1437699597,'192.168.1.162','all','','',0,7,'',0,1),(8,8,'liza','222222@qq.com','2d14f0a7ff531d44baa35a0f98ea9f39','',1437525999,1437702335,'192.168.1.162','all','','',0,8,'',0,1);
/*!40000 ALTER TABLE `ecs_supplier_admin_user` ENABLE KEYS */;
UNLOCK TABLES;

--
-- Table structure for table `ecs_supplier_article`
--

DROP TABLE IF EXISTS `ecs_supplier_article`;
/*!40101 SET @saved_cs_client     = @@character_set_client */;
/*!40101 SET character_set_client = utf8 */;
CREATE TABLE `ecs_supplier_article` (
  `article_id` mediumint(8) unsigned NOT NULL AUTO_INCREMENT,
  `cat_id` smallint(5) NOT NULL DEFAULT '0',
  `title` varchar(150) NOT NULL DEFAULT '',
  `content` longtext NOT NULL,
  `author` varchar(30) NOT NULL DEFAULT '',
  `author_email` varchar(60) NOT NULL DEFAULT '',
  `keywords` varchar(255) NOT NULL DEFAULT '',
  `article_type` tinyint(1) unsigned NOT NULL DEFAULT '2',
  `is_open` tinyint(1) unsigned NOT NULL DEFAULT '1',
  `add_time` int(10) unsigned NOT NULL DEFAULT '0',
  `file_url` varchar(255) NOT NULL DEFAULT '',
  `open_type` tinyint(1) unsigned NOT NULL DEFAULT '0',
  `link` varchar(255) NOT NULL DEFAULT '',
  `description` varchar(255) DEFAULT NULL,
  `supplier_id` int(10) unsigned NOT NULL DEFAULT '0',
  PRIMARY KEY (`article_id`),
  KEY `cat_id` (`cat_id`)
) ENGINE=MyISAM AUTO_INCREMENT=8 DEFAULT CHARSET=utf8;
/*!40101 SET character_set_client = @saved_cs_client */;

--
-- Dumping data for table `ecs_supplier_article`
--

LOCK TABLES `ecs_supplier_article` WRITE;
/*!40000 ALTER TABLE `ecs_supplier_article` DISABLE KEYS */;
INSERT INTO `ecs_supplier_article` VALUES (1,2,'微店不等于微商城，微店和微商城有什么区别','<p>微店 ≠ 微商城，微商城 ≠ 微店，<a href=\"http://www.haoid.cn\">goodziyuan</a>技术帮您区分“微店”和“微商城”，一起来了解一下吧！</p><p>&nbsp;</p><p><strong>&nbsp; 使用方式：</strong></p><p>&nbsp;</p><p>&nbsp;&nbsp;&nbsp;&nbsp;&nbsp;&nbsp;&nbsp;&nbsp; 微店，是一个第三方的APP，商家的店是开在这个APP上的，需要有这个APP才能运作，无法绑定微信公众号；</p><p><br/>&nbsp;&nbsp;&nbsp;&nbsp;&nbsp;&nbsp;&nbsp; 微商城，是在微信上的，不需要第三方的APP，需要通过绑定公众账号进行推广，商城就直接开在你的微信公众号上的。</p><p>&nbsp;</p><p><strong>&nbsp; 推广方式：</strong></p><p><br/>&nbsp;&nbsp;&nbsp;&nbsp;&nbsp;&nbsp; 微店，普遍依赖于朋友圈营销，效果因人而异，开发新客户比较困难，客户的黏度也会比较差，而且此营销方式向来被人唾弃；</p><p><br/>&nbsp;&nbsp;&nbsp;&nbsp;&nbsp; 微商城，可以通过公众账号进行传播，前期运营会比较吃力，可是一旦公众号运营起来，客户的黏度会比较好，回头客也比较多，</p><p>&nbsp;</p><p>是将来微营销想要做大做强的必然趋势。</p><p><br/></p>','yy','','微店',0,1,1437518499,'',0,'http://www.haoid.cn','',2),(2,2,'盘点那些夹缝中火爆的APP：简单、快准狠','<p>对APP淘金者而言，这是一个最好的时代，也是最坏的时代。</p><p>&nbsp;</p><p>移动互联网以智能手机为先锋，带着平板电脑、可穿戴设备左右护法，翻腾打滚的普及了5亿多用户。</p><p>&nbsp;</p><p>移动APP随之进入中兴时代，无数APP创业者满怀激情涌了进来，准备大展拳脚。可是，互联网巨头们早已占据了移动互联的各大入口，比如移动社交的\r\n手机qq和微信、手机安全的360、浏览器的UC。巨头肆虐横行，虽然有很多势单力薄的APP开发者落荒而逃，但也有一些剑走偏锋的APP取得巨大的成\r\n功。本文就盘点一下这些APP，希望给APP从业者以方法论和信心。</p><p>&nbsp;</p><p>1、MYOTee脸萌-简单粗暴拼脸软件</p><p>&nbsp;</p><p>第一个应该谈就是当前最热的脸萌，它是端午节期间火起来的一款拼脸软件，一夜之间App Store排名从百名之后一下冲到了榜首，许多微信微博用户的头像都是脸萌。主要功能就是用户自定义的发型、五官、服饰、风格等拼接设计自己的头像，并及时分享到社交网络供好友赏论。</p><p>&nbsp;</p><p>给人的感觉就是，突然之间，人人都在用，其实这款应用2013年8月份就上线了，这段时间到2014年5月，可以说是脸萌的积累期、发酵期。\r\n2014年儿童、端午节就是脸萌的爆发期，比如宏民，我有2000个微信好友，也就是在端午节之前，微信朋友圈从来没有见过有人使用脸萌，端午节和节后就\r\n已经是刷屏了。有数据显示，从5月30日脸萌 iOS和Android 端下载量13万，然后每天下载量增加1倍，目前，脸萌已经拥有2000万用户。</p><p>&nbsp;</p><p>2、魔漫相机-幽默漫画拍摄软件</p><p>&nbsp;</p><p>魔漫相机是一款将真人拍成幽默漫画的相机，用户只需简单的拍照，选取各种风格的背景，就可以将自己的形象做成各式各样搞怪模样，然后可以直接发到社交平台。</p><p>&nbsp;</p><p>魔漫相机这款软件，还有脸萌、百度魔图、美拍等几款软件的发展轨迹、用户群体十分相似，而且都是人物形象编辑软件，以致于很多评论文章都将它们放在一起讨论。宏民总结了各家观点认为，这几款“人脸”软件发展特征：</p><p>&nbsp;</p><p>(1)简简单单的让用户搞怪、开心。</p><p>&nbsp;</p><p>(2)借助微信、微博等社交平台。</p><p>&nbsp;</p><p>(3)昙花一现，培养并满足用户新奇感，随后走向沉淀。</p><p>&nbsp;</p><p>很多人会认为是火一下就死了，宏民不太认同，请记住，这些产品的团队往往只有几个到十几个人，以极小的成本迅速火爆，相比于微信、微博等数百、数千\r\n的运营团队，在品牌、用户数等方面已经是取得巨大成功。走向沉寂后，可以继续开发其他产品，或者维护高潮后留存的用户。其实，一个APP真实用户能过百\r\n万，对于国内大量开发者来说，已经是不小的成功了!</p><p>&nbsp;</p><p>3、微软小冰-接受你的调戏</p><p>&nbsp;</p><p>2014年5月29日微软Bing搜索发布一款智能聊天机器人“微软小冰”，就是一个微信号，用户添加为其为好友之后，便可以进行智能对话。小冰在\r\n微信用户的渗透率不得而知，宏民所在的群里几乎都有了小冰的身影。官方数据显示，到5月31日，小冰加入的微信群攀升至150万，以平均每个群有7个人计\r\n算，小冰的好友数量超过千万。2天覆盖千万用户，这也是一款成功的产品。</p><p>&nbsp;</p><p>在人与智能设备互动的时候，我有一个观点，只要智能设备有3岁孩子的智商，人们就会认为“哇，它好厉害啊!居然能xxxx”，因为一个“东西”居然能做一点点的“人事”，人们当然会感到惊奇。So，天天面对身边那么聪明的人，你难道不应该更惊奇吗?</p><p>&nbsp;</p><p>藉此，我认为，微软小冰的流行同样是人们的新鲜感、好奇心在驱使，一旦人们对其十分熟悉，活跃度有可能会大幅下降!还有一点，小冰在某个群里往往会成为该群最活跃的用户，而微信群的本质是人与人交流，而不是人与机器交流，时间久了，人们自然会排斥这个机器人。</p><p>&nbsp;</p><p>4、无秘-快速模仿、和微信贴身格斗</p><p>&nbsp;</p><p>大概在2014年4月份，无秘(原名 秘密)开始在微信朋友圈传播开来，键人第一次知道它就是通过微信。该软件打着“朋友圈的匿名爆料”的口号，鼓励用户通过微信邀请朋友注册。上线仅一天，“无秘”就登上App Store总榜第13位，社交榜第1位。</p><p>&nbsp;</p><p>无秘的火爆，分析有两个，一是模式新颖，迅速将美国的Secret带到国内。二是和微信贴身格斗，积极拥抱国内第一大移动社交软件微信，不仅口号让\r\n人“朋友圈的匿名爆料”让人联想到微信的朋友圈，而且该软件除了访问用户的电话簿，还要访问微信朋友圈，贴微信的招数可以说牛逼呀!</p><p>&nbsp;</p><p>5、疯狂猜图-简单的小游戏</p><p>&nbsp;</p><p>这款游戏2013年4月12日上线，一个月的时间，下载量达到了5000万，日活跃度最高可达到700万，还得到250万美元来自启明创投融资。去年某段时间，身边的人吃饭、上班都在猜图，微信朋友圈也刷屏猜图。</p><p>&nbsp;</p><p>虽然这款应用沉寂了，但是再不济有不少的忠实用户。</p><p>&nbsp;</p><p>一个人的思维毕竟有限，为了挖掘更多在夹缝中火爆逆增长的手机软件应用，宏民求助了微信朋友圈。</p><p>&nbsp;</p><p>几位微信好友推荐的有：</p><p>&nbsp;</p><p>找你妹、</p><p>&nbsp;</p><p>表情帝、</p><p>&nbsp;</p><p>Candy Crush、</p><p>&nbsp;</p><p>PopStar!消灭星星、</p><p>&nbsp;</p><p>陌陌、</p><p>&nbsp;</p><p>遇见、</p><p>&nbsp;</p><p>等等......</p><p>&nbsp;</p><p>如果你还没有听说过这些软件，建议去主动了解下，发现其成功点，一定能对你带来巨大的帮助。</p><p>&nbsp;</p><p>总结下吧，希望本文可以给那些面对激烈竞争而心生怯意的互联网从业者以信心，明朝时就有人说，“社会真黑暗、竞争真激烈，失去希望了”，到了今天依然有人说这句话，负面情绪只是历史车轮中的边角料而已，重要的是，你是不是一个好的模仿者和创造者。</p><p><br/></p>','yy','','',0,1,1437518607,'',0,'http://www.haoid.cn','',2),(3,7,'当营销无处不在时，社会化媒体也无力挽救','<p><strong>导读：</strong>一个个的热点被制造出来，又迅速消失。当热点越来越多，目不暇接，然后人们就开始对于营销热点越来越麻木。</p><p>　　在过去几年间，我一直在观察营销在各类社会化媒体平台上的演变和发展，并参与其中。从论坛到微博，再到微信，我们已经至少经历了三代的社会化媒体的变迁和更迭。</p><p>　　而最近一段时间，我的观察和反思给我的最真切的感受却是，社会化营销的威力正在下降，甚至面临着失效的危险。</p><p>　　<strong>社会化媒体已全部沦陷</strong></p><p>　　在05、06年的时候，在论坛里写一篇软文做一次植入营销是一件很容易的事情。因为，那时候，论坛里氛围还是比较单纯的，很多企业远还未意识到论坛里的口碑营销的价值。而到了07、08年之后，越来越多的水军侵入到论坛，网站管理员和版主艰苦的跟“水军”做着斗争。</p><p>　　不过在企业做社会化营销的强烈需求的推动下，大量的马甲在论坛里成批的出现，一些自动发帖软件被开发出来。于是，论坛里垃圾的广告贴越来越多，论坛生态被破坏，人们开始逃离，论坛开始走向衰落。</p><p>　　然后，在2009年8月，新浪成为国内第一家开放微博服务的门户网站，由此开启了微博为主导的社会化营销的时代。而微博几乎是重复了论坛的衰落\r\n老路，大量的企业和政府微博入驻，大量的营销账号在利益的驱动下被成批的制造，在淘宝上更是出现了大量的微博增粉和转发评论的商家，成千上万的僵尸账户被\r\n营销软件公司制造出来。</p><p>　 \r\n　就在很多用户发愁一个月长不了10个粉丝的时候，在淘宝上花10块钱就能直接涨1万个僵尸粉。而在新浪微博的大力推功和支持下，更多的企业账号涌入微 \r\n博，并将其作为社会化营销的主流阵地，大量的早安晚安心灵鸡汤和企业的产品消息，通过专门的微博运营人员每天持续的被制造，并定时推送给他们的粉丝们。</p><p>　　微博开始被企业、媒体、政府、营销等账号彻底占领，微博生态被破坏，人们开始陆续逃离。</p><p>　　而在今天，正如日中天的微信似乎似乎也正走在老路上。或许在普通用户的眼里，微信不过是一个社交工具，但在很多企业和营销公司眼里，微信现在俨然就是一个社会化营销的平台。</p><p>　 \r\n　微信公众号、朋友圈、微信头像、签名甚至朋友圈的相册封面等，都已经开始被彻底开发成了一个个可供营销的资源。在很多人关注到微商的泛滥对微信朋友圈生\r\n \r\n态的破坏时，事实上目前对微信朋友圈这个社会化媒体平台的生态破坏最为严重的却是越来越多的企业将微信作为营销的阵地，并将将精力逐步从微博转移到了微信\r\n 上。</p><p>　　而且，相对微博这样的由松散和广泛的好友关系组成的社会化媒体不同的是，微信是一个强社交关系的平台，一旦大量的企业将微信作为重 \r\n要的社会化营销平台，微信朋友圈的生态被破坏的更快。特别是在企业营销诉求的引导下，经常会有大量的好友在瞬间分享同一个信息之时，用户的朋友圈瞬间就会\r\n 造成刷屏。</p><p>　　而就在很多企业还在为刷屏的效果沾沾自喜时，很多用户却并不会因为刷屏而去关注企业真正想去传达的消息，反而会将哪些刷屏好 \r\n友的朋友圈悄悄的屏蔽，或者将本来就不熟的好友默默的删除好友。而当大量的好友之间开始试图解除好友关系，并被越来越多的不熟的好友刷屏骚扰，微信已经开\r\n 始走在论坛、微博们的老路上。</p><p>　　<strong>社会化营销是否正在失效?</strong></p><p>　　在今天，论坛已经渐渐无人问津，微博的衰落已是事实，而微信的疲态已经开始显现，但是新的平台级的社会化媒体平台还没有开始出现，目前的社会化营销时代看起来正在遭遇断层。这有几个明显的特征：</p><p>　　1、没有人再大红大紫</p><p>　 \r\n　在论坛时代的高峰时，制造了一大批的网络红人，他们有的已经消失匿迹，比如犀利哥，有的仍然活跃在这个时代，比如木子美，芙蓉姐姐、凤姐等;而在微博时\r\n \r\n代造就了天才小熊猫、留几手等红人;而在微信时代，截止到现在，并没有诞生真正红遍全网的网络红人或意见领袖，而更多的是以机构运作的商业账号，比如罗辑\r\n 思维。</p><p>　　甚至在2014年以来，包括论坛、微博和微信等所有社会化媒体上都没有现象级的网络红人再出现。当然，也有在小范围内走红的，比 \r\n如前段时间在微博小红一把的雷克。而在微信上，除了很多没有性格的自媒体文摘号或垂直圈子里的知名自媒体人外，并没有真正的红遍全网的红人出现。</p><p>　　2、没有品牌赖以成名</p><p>　　作为社会化营销的案例，小米在微博时代曾被频频提及。小米也通过自己微博矩阵，成功的让每一名员工参与到品牌传播的过程中，而在小米品牌的塑造过程，小米社区和微博曾是两个非常重要的阵地，小米也被塑造成为一个手机发烧友的时尚手机品牌，被广大的热血粉丝所追捧。</p><p>　 \r\n　还有杜蕾斯，这样一个原本国人难以启齿的安全套品牌，通过在微博上有趣的互动运营，吸引了众多的忠实拥趸，并将杜蕾斯打造成为一个时尚的品牌，以至于至\r\n 今还有企业把送杜蕾斯给自己的用户或客户作为一种创意或惊喜。而在微信时代，尽管不少企业通过微信公众号的运营和推广，吸引了众多的品牌粉丝，但目力所\r\n 及，还没有看到有一个品牌能够像小米或杜蕾斯那样在微博风行的时代受益如此之多。</p><p>　　3、没有产品因此畅销</p><p>　　也许提到帮助 \r\n产品进行销售这一点，很多人会否认。因为，在2014年，微商借助微信迅猛发展，很多做微商的朋友动辄晒出几十万甚至上百万的销售收入。然而，很多看似畅\r\n \r\n销的面膜微商真相被一一拆破，聊天记录和转账记录造假，传销的本质暴露，大量的面膜产品被压在下级代理手里，并没有真正到达消费者手中。不可否认的是，在\r\n 微信这个社会化营销平台上，成功的面膜微商案例大多只是包裹着传销性质的销售神话。</p><p>　　而一些做其他如农产品、土特产、手工艺品等产品的微 \r\n商，面临的困境却是在消费完有效的微信好友资源之后，无法进一步扩大自己到社交范围从而打开更大的市场。你或许还可以说，脸萌、足记不就是在微信上走红的\r\n 吗?可是他们走红的生命周期如此短暂，以至于在很多人刚下载下来准备体验的时候，产品流行的风潮已然过去。</p><p>　　<strong>当营销无处不在，就已开始失效</strong></p><p>　 \r\n　显而易见的是，当越来越多的企业投入到社会化营销的大潮中，社会化营销的各项手段就已经开始慢慢失效。一个个的热点被制造出来，又迅速消失。当热点越来\r\n \r\n越多，目不暇接，然后人们就开始对于营销热点越来越麻木，也越来难以被打动直至兴奋尖叫。而如果你一直在关注社会化营销的发展的话，你会发现，已经很久没\r\n 有听到或看到一个真正成功的营销案例了。</p><p>　　这并不是危言耸听。当营销成为生活的常态，当我们的世界随时随地被营销事件所包围，到处都是包装过的故事或报道，你越来越看不清楚这个世界本真的模样，就意味着人们越来越难以被营销故事所打动。</p><p>　　与此同时，一些从事运营、营销、公关和品牌的企业员工们，还在延续着自论坛时代就有的方法论，进行着品牌和产品的传播之路。制造、跟随、炒作热点，期望借助每一个社会公共事件或极端天气甚至人类灾难来进行借势营销。</p><p>　 \r\n　于是，我们看到，雾霾来了，企业的公关和文案忙碌起来，开始借势刷屏;沙尘暴来了。企业的公关和文案又忙碌起来，开始借势刷屏;坠机事件发生，各类新闻\r\n \r\n平台和app准备文案，忙着借势;春节、元宵节、情人节、五一劳动节、端午节、中秋节、母亲节、儿童节等等中外大小节日，无论是传统佳节还是舶来的洋节，\r\n \r\n统统都是营销的节点，刷屏!刷屏!刷屏!没有创意和新意，不管品牌与节日搭还是不搭，全部一哄而上。这些传统的把戏，甚至连普通的用户都熟知一二。而被营\r\n 销刷屏惯了的用户，早已审美疲劳，只是默默的掠过。</p><p>　　有时候，难道我们不应该好好想想吗?盲目借势，频繁刷屏、过度营销在社会化媒体的平台上真的是一个好手段吗?像脑白金那样的简单粗暴的洗脑式传播方法，在微博或微信上可能根本无效，甚至还会引起反作用。</p><p>　　因为，现在的用户比以往有更多的选择，也有更多的自由，当他厌烦了你在他的世界里像蚊子一样“嗡嗡作响”，他可以随时取消关注，屏蔽消息或者解除好友关系，而最可怕的则是他对你的营销信息选择性的忽略，那你将再也别想真正走入到他的内心。</p><p><br/></p>','yy','','',0,1,1437529382,'',0,'http://www.haoid.cn','',7),(4,7,'“互联网+”下的全零售惠战 国美在线引领上半年电商行业最强战','<p>4月19日，国美在线418“购物大趴-放肆一把”打响收尾战，经过大半月的418大促，在为消费者带来最贴心优惠的同时，也让众电商看到商机，天 \r\n猫、京东、苏宁易购等电商纷纷跟进。其中以国美在线声势最为浩大，线上“六大放肆”回馈消费者，线下牵手《速度与激情7》、送货大车开到京东大本营“约 \r\n架”以及将“418放肆一把”的广告打到纽约时代广场等，在营销上赚足眼球，为其成功打造上半年最大购物节奠定基础。根据国美在线官方公布的数据，4月 \r\n16日-19日，国美在线四天内交易额同比增长220%，无线同比增长740%，占比全站突破40%，再次实现电商行业增速奇迹。</p><p>&nbsp;&nbsp;&nbsp; 　<strong>电商促销大战达顶峰五一消费热潮提前燃烧</strong></p><p>　　从4月1日开始，国美在线就率先喊出418“放肆一把”的店庆大促口号。各种大力度优惠促销活动引发一波又一波抢购热潮，随后天猫、京东、1号店、苏宁易购等电商按捺不住纷纷加入418网购大战，将传统的五一消费热潮提前近半个月。</p><p>　　在此轮418电商网购价格战中，大家电、电子产品甚至黄金等成为各大电商的热推产品，而以国美在线声势最为浩大，线上、线下、无线端全零售渠道\r\n \r\n参与价格竞争，线上418元抢家电、家电报销买多少送多少等促销活动，比价京东贵就赔300，价保到五一等真低价服务保障，力保消费者安心放肆购;线下，\r\n \r\n“黄金72小时”家电跌破底价，全国多个地区的国美门店出现了市民排队抢购家电的情景。此外，135个城市上午下单下午送达的“计时达”快捷物流，30天\r\n 无理由退货，180天只换不修以及“家安保”售后延保服务;线上线下齐力，引领众电商将此次418网购大战推向最顶峰。</p><p><strong>　　线上放肆到底拼低价线下多渠道营销造大势</strong></p><p>　　此次418大促，国美在线再度刷新销售记录，骄人战绩的背后，离不开自始至终放肆到底的线上促销优惠。4月1日，国美在线即提前打响418购物\r\n \r\n大趴揭幕战，“万品开门红”主题大促，多种重磅优惠吸引消费者关注;4月4日-15日，国美在线又轮番推出一系列分品类大趴专场。16日-17日，418\r\n \r\n元家电每天6场“放肆抢”;5-8折大牌家电全额报销，买多少返多少现金券“放肆免”;更有低至4777元iPhone6、3599元索尼48英寸电视等\r\n \r\n单品“放肆购”;18日，老牟专场BOSS亲选爆款全天放血价，全场购买自营家电满20000返2000红券;活动期间，微信端发放418元、4180元\r\n \r\n两种现金红包“放肆领”，4180位老会员还享受全国包邮优厚待遇，此外，黄金每克209元、话费超值充41.8元抵50元、0元抽整车等也吸引了众多消\r\n 费者关注。</p><p>　　除线上史无前例的促销活动吸引关注外，国美在线还通过线下多渠道活动为线上促销造势，拉动整体销量。由于与《速度与激情7》的品牌理念非常贴 \r\n合，国美在线成为与《速度与激情7》唯一合作的亚洲电商平台;418大促期间，国美在线还将418红皮货车开到京东办公楼下，“东哥，418一起放肆一 \r\n把”巨幅邀约，凸显线上“真低价”大促全面约战京东，扩大418整体大促影响力。此外，4月14日，国美在线“418放肆一把”成功登上美国纽约时代广 \r\n场，为线上大促宣传造势，至此国美在线418购物大趴掀起最高潮。</p><p><strong>　　国美在线418同比增220%加速进军行业前三</strong></p><p>　　今年418，国美在线与线下门店双线联动，携手格力、海尔、美的、苹果、方太等一线大牌厂商，依靠国美家、微店等创新业务，共同打造了一场全零\r\n \r\n售购物狂欢盛宴。值得注意的是，以往的价格大战是线上通过价格透明对线下实体店造成一定的冲击，而此次国美在线418线上线下互通联动，今后将可能出现线\r\n \r\n上和线下的价格倒挂，对消费者而言更加透明。国美在线副总裁黄向平表示，“下棋讲究棋逢对手，用户只要通过对比，就能很清晰地购买到最具性价比、最满足切\r\n 实需求的商品”。</p><p>　　通过史无前例的促销优惠，国美在线418整体战绩突破新高，4月16日-19日，国美在线四天内交易额同比增长220%，无线同比增长 \r\n740%，占比全站突破40%，大家电销售突破32万台，iPhone6成为销售最快的热销产品，5秒内销售达1000台，黄金三天销售超1亿，新上线的\r\n 国美家和微店也表现抢眼，实现了自身业绩和口碑的又一次突破。</p><p>　　业内人士分析表示，通过此轮价格大战，国美在线418很可能会创造堪比下半年双11的零售规模。418购物大趴之后，国美在线将能呈现更加快速\r\n \r\n的增长态势，预计第二季度的增速或达150%，依托线下门店整体销售实力，国美在线将打响上半年电商行业“互联网+零售”战第一枪，向行业前三迈出坚实步\r\n 伐!</p><p><br/></p>','yy','','',0,1,1437529500,'',0,'http://www.haoid.cn','',7),(5,2,'诺基亚若重回手机市场，价值何在？','<p style=\"border: 0px; font-size: 14px; margin: 0px; outline: 0px; padding: 0px; vertical-align: baseline; list-style-type: none; font-style: normal; font-variant: normal; font-weight: normal; letter-spacing: normal; line-height: 25px; orphans: auto; text-align: start; text-indent: 0px; text-transform: none; white-space: normal; widows: auto; word-spacing: 0px; -webkit-text-stroke-width: 0px; color: rgb(51, 51, 51); font-family: Arial, 宋体; background-color: rgb(255, 255, 255);\">有消息称诺基亚最早明年将重返手机市场，芬兰诺基亚预计将在2016年从微软手中收回诺基亚品牌，据了解诺基亚旗下研究与孵化团队Nokia Technologies正在紧锣密鼓地筹备重返手机市场的计划。</p><p style=\"border: 0px; font-size: 14px; margin: 0px; outline: 0px; padding: 0px; vertical-align: baseline; list-style-type: none; font-style: normal; font-variant: normal; font-weight: normal; letter-spacing: normal; line-height: 25px; orphans: auto; text-align: start; text-indent: 0px; text-transform: none; white-space: normal; widows: auto; word-spacing: 0px; -webkit-text-stroke-width: 0px; color: rgb(51, 51, 51); font-family: Arial, 宋体; background-color: rgb(255, 255, 255);\">　　一年前诺基亚将手机部门出售给微软后，仅剩地图、网络设备和诺基亚技术三项业务，此次诺基亚可能将利用诺基亚技术重返手机市场。在智能手机正打得火热的当下，诺基亚如果选择回归，可能会在竞争激烈的智能手机市场站住一席之地，但是想要真正翻身恐怕很难。</p><p style=\"border: 0px; font-size: 14px; margin: 0px; outline: 0px; padding: 0px; vertical-align: baseline; list-style-type: none; font-style: normal; font-variant: normal; font-weight: normal; letter-spacing: normal; line-height: 25px; orphans: auto; text-align: start; text-indent: 0px; text-transform: none; white-space: normal; widows: auto; word-spacing: 0px; -webkit-text-stroke-width: 0px; color: rgb(51, 51, 51); font-family: Arial, 宋体; background-color: rgb(255, 255, 255);\">　　<strong style=\"border: 0px; font-size: 14px; margin: 0px; outline: 0px; padding: 0px; vertical-align: baseline;\">智能手机市场形势严峻</strong></p><p style=\"border: 0px; font-size: 14px; margin: 0px; outline: 0px; padding: 0px; vertical-align: baseline; list-style-type: none; font-style: normal; font-variant: normal; font-weight: normal; letter-spacing: normal; line-height: 25px; orphans: auto; text-align: start; text-indent: 0px; text-transform: none; white-space: normal; widows: auto; word-spacing: 0px; -webkit-text-stroke-width: 0px; color: rgb(51, 51, 51); font-family: Arial, 宋体; background-color: rgb(255, 255, 255);\">　　首先，硬件方面很难再搞出大名堂。</p><p style=\"border: 0px; font-size: 14px; margin: 0px; outline: 0px; padding: 0px; vertical-align: baseline; list-style-type: none; font-style: normal; font-variant: normal; font-weight: normal; letter-spacing: normal; line-height: 25px; orphans: auto; text-align: start; text-indent: 0px; text-transform: none; white-space: normal; widows: auto; word-spacing: 0px; -webkit-text-stroke-width: 0px; color: rgb(51, 51, 51); font-family: Arial, 宋体; background-color: rgb(255, 255, 255);\">　　目前智能手机市场面临着一个新品密集发布期，各大手机厂商争相在智能硬件市场大搞特搞后，智能机硬件创新渐止步，手机硬件方面似乎可以用饱和来形容了。除了传统老牌手机厂商力推新品外，行业外公司也争相挤进来凑热闹。</p><p style=\"border: 0px; font-size: 14px; margin: 0px; outline: 0px; padding: 0px; vertical-align: baseline; list-style-type: none; font-style: normal; font-variant: normal; font-weight: normal; letter-spacing: normal; line-height: 25px; orphans: auto; text-align: start; text-indent: 0px; text-transform: none; white-space: normal; widows: auto; word-spacing: 0px; -webkit-text-stroke-width: 0px; color: rgb(51, 51, 51); font-family: Arial, 宋体; background-color: rgb(255, 255, 255);\">　　虽然在2012年初，诺基亚发布过4100万像素的Lumia 1020，但那已经是几年前了。智能手机市场发展迅速，如今智能手机的拍照质量正在赶超小DC，索尼、努比亚、华为等智能手机争相向“手机超单反”迈进。在移动芯片市场上，高通和联发科地位牢固、居高不下。三星和海思将因内部需求而在移动芯片市场“幸存”下来，其他厂商则可能陷入困境，其他后来者自然也无法打入，硬件创新已开始止步。电池配置上，闪充技术正在普及，市场很多手机已经具备闪充技术。从诺基亚去年11月发布的Android 平板 N1来看，外观上有iPad mini 的影子，硬件配置上并未更多创新。</p><p style=\"border: 0px; font-size: 14px; margin: 0px; outline: 0px; padding: 0px; vertical-align: baseline; list-style-type: none; font-style: normal; font-variant: normal; font-weight: normal; letter-spacing: normal; line-height: 25px; orphans: auto; text-align: start; text-indent: 0px; text-transform: none; white-space: normal; widows: auto; word-spacing: 0px; -webkit-text-stroke-width: 0px; color: rgb(51, 51, 51); font-family: Arial, 宋体; background-color: rgb(255, 255, 255);\">　　除非诺基亚能从新兴市场寻找机遇，眼下若靠硬件技术为切入点，是很难打进拥挤的智能手机市场。</p><p style=\"border: 0px; font-size: 14px; margin: 0px; outline: 0px; padding: 0px; vertical-align: baseline; list-style-type: none; font-style: normal; font-variant: normal; font-weight: normal; letter-spacing: normal; line-height: 25px; orphans: auto; text-align: start; text-indent: 0px; text-transform: none; white-space: normal; widows: auto; word-spacing: 0px; -webkit-text-stroke-width: 0px; color: rgb(51, 51, 51); font-family: Arial, 宋体; background-color: rgb(255, 255, 255);\">　　其次，价格方面低端机再无市场。</p><p style=\"border: 0px; font-size: 14px; margin: 0px; outline: 0px; padding: 0px; vertical-align: baseline; list-style-type: none; font-style: normal; font-variant: normal; font-weight: normal; letter-spacing: normal; line-height: 25px; orphans: auto; text-align: start; text-indent: 0px; text-transform: none; white-space: normal; widows: auto; word-spacing: 0px; -webkit-text-stroke-width: 0px; color: rgb(51, 51, 51); font-family: Arial, 宋体; background-color: rgb(255, 255, 255);\">　　提起诺基亚，第一印象就是耐用不贵，很平民化，放在过去几年，高端价格市场还未饱和，低端市场还能有赚头。但是如今智能手机越来越便宜，行业重心逐渐向千元或百元市场转移，低端市场竞争激烈仿佛再无机会可用。近几年国产机的兴起和强盛，主要也是靠在低端市场占领份额。近期话题火热的“<a target=\"_blank\" href=\"http://www.iresearch.cn/search/xiaomi/\" style=\"border-width: 0px 0px 1px; border-bottom-style: dotted; border-bottom-color: rgb(128, 0, 128); font-size: 14px; margin: 0px; outline: none; padding: 0px; vertical-align: baseline; color: rgb(51, 51, 51); text-decoration: none;\">小米</a>们”在配置和用户体验上不断创新改进，大多是以高配置、低价格来满足大众需求，当然这是有很大效果的，除了赚足了眼球，让大家对其品牌影响深刻，也给智能手机市场带来了更大的进步。“小米们”已经将价格做到这种地步了，诺基亚再想分一杯羹极其困难。</p><p style=\"border: 0px; font-size: 14px; margin: 0px; outline: 0px; padding: 0px; vertical-align: baseline; list-style-type: none; font-style: normal; font-variant: normal; font-weight: normal; letter-spacing: normal; line-height: 25px; orphans: auto; text-align: start; text-indent: 0px; text-transform: none; white-space: normal; widows: auto; word-spacing: 0px; -webkit-text-stroke-width: 0px; color: rgb(51, 51, 51); font-family: Arial, 宋体; background-color: rgb(255, 255, 255);\">　　况且从诺基亚N1平板的市场反响就能看出其价格优势已不再。当初硬件配置和性能还不错的N1平板价格已经很良心了，但是销售反应平平，愿意去买的大多数人更多是因为诺基亚的品牌影响，而不是产品本身。</p><p style=\"border: 0px; font-size: 14px; margin: 0px; outline: 0px; padding: 0px; vertical-align: baseline; list-style-type: none; font-style: normal; font-variant: normal; font-weight: normal; letter-spacing: normal; line-height: 25px; orphans: auto; text-align: start; text-indent: 0px; text-transform: none; white-space: normal; widows: auto; word-spacing: 0px; -webkit-text-stroke-width: 0px; color: rgb(51, 51, 51); font-family: Arial, 宋体; background-color: rgb(255, 255, 255);\">　　所以，随着市场形势的变化，低端机已经无市场空间，诺基亚的价格优势也已不再。</p><p style=\"border: 0px; font-size: 14px; margin: 0px; outline: 0px; padding: 0px; vertical-align: baseline; list-style-type: none; font-style: normal; font-variant: normal; font-weight: normal; letter-spacing: normal; line-height: 25px; orphans: auto; text-align: start; text-indent: 0px; text-transform: none; white-space: normal; widows: auto; word-spacing: 0px; -webkit-text-stroke-width: 0px; color: rgb(51, 51, 51); font-family: Arial, 宋体; background-color: rgb(255, 255, 255);\">　　第三，仅靠品牌影响力很难做出压倒之势。</p><p style=\"border: 0px; font-size: 14px; margin: 0px; outline: 0px; padding: 0px; vertical-align: baseline; list-style-type: none; font-style: normal; font-variant: normal; font-weight: normal; letter-spacing: normal; line-height: 25px; orphans: auto; text-align: start; text-indent: 0px; text-transform: none; white-space: normal; widows: auto; word-spacing: 0px; -webkit-text-stroke-width: 0px; color: rgb(51, 51, 51); font-family: Arial, 宋体; background-color: rgb(255, 255, 255);\">　　诺基亚如今给人感觉是空洞和萧条，在消费者心中除了品牌，好像没剩什么了。诺基亚品牌在移动手机和移动设备领域具备很高的影响力，也有很大一部分诺粉，对于诺基亚的重返，很多人是表示期待和支持的，但这些老用户中能用实际行动去支持购买的其实不多。</p><p style=\"border: 0px; font-size: 14px; margin: 0px; outline: 0px; padding: 0px; vertical-align: baseline; list-style-type: none; font-style: normal; font-variant: normal; font-weight: normal; letter-spacing: normal; line-height: 25px; orphans: auto; text-align: start; text-indent: 0px; text-transform: none; white-space: normal; widows: auto; word-spacing: 0px; -webkit-text-stroke-width: 0px; color: rgb(51, 51, 51); font-family: Arial, 宋体; background-color: rgb(255, 255, 255);\">　　诺基亚的老用户群年纪已经偏大，且对手机不再有太多的需求和消费冲动。而现在的90后消费群体可能更偏向于苹果、小米、华为等现下正火热的品牌。靠消费其品牌影响力和为数不多的忠实粉丝，诺基亚能生存下来不成问题，但要逆袭很难。</p><p style=\"border: 0px; font-size: 14px; margin: 0px; outline: 0px; padding: 0px; vertical-align: baseline; list-style-type: none; font-style: normal; font-variant: normal; font-weight: normal; letter-spacing: normal; line-height: 25px; orphans: auto; text-align: start; text-indent: 0px; text-transform: none; white-space: normal; widows: auto; word-spacing: 0px; -webkit-text-stroke-width: 0px; color: rgb(51, 51, 51); font-family: Arial, 宋体; background-color: rgb(255, 255, 255);\">　　<strong style=\"border: 0px; font-size: 14px; margin: 0px; outline: 0px; padding: 0px; vertical-align: baseline;\">N1生产模式会被市场接受吗?</strong></p><p style=\"border: 0px; font-size: 14px; margin: 0px; outline: 0px; padding: 0px; vertical-align: baseline; list-style-type: none; font-style: normal; font-variant: normal; font-weight: normal; letter-spacing: normal; line-height: 25px; orphans: auto; text-align: start; text-indent: 0px; text-transform: none; white-space: normal; widows: auto; word-spacing: 0px; -webkit-text-stroke-width: 0px; color: rgb(51, 51, 51); font-family: Arial, 宋体; background-color: rgb(255, 255, 255);\">　　受限于微软，诺基亚目前还无法进行手机业务的开展，但这并不意味着他们放弃相关领域的所有工作，凭借第三方还是可行的。有分析称诺基亚会沿用去年的N1平板模式，即自己设计产品，把技术授权给其他厂商，由后者使用诺基亚的品牌进行生产、销售和经销。</p><p style=\"border: 0px; font-size: 14px; margin: 0px; outline: 0px; padding: 0px; vertical-align: baseline; list-style-type: none; font-style: normal; font-variant: normal; font-weight: normal; letter-spacing: normal; line-height: 25px; orphans: auto; text-align: start; text-indent: 0px; text-transform: none; white-space: normal; widows: auto; word-spacing: 0px; -webkit-text-stroke-width: 0px; color: rgb(51, 51, 51); font-family: Arial, 宋体; background-color: rgb(255, 255, 255);\">　　在技术上，诺基亚技术部门是确有实力的，该部门负责授权诺基亚旗下多达1万项以上的专利，诺基亚技术还在设计新产品，并将其授权给其他企业。</p><p style=\"border: 0px; font-size: 14px; margin: 0px; outline: 0px; padding: 0px; vertical-align: baseline; list-style-type: none; font-style: normal; font-variant: normal; font-weight: normal; letter-spacing: normal; line-height: 25px; orphans: auto; text-align: start; text-indent: 0px; text-transform: none; white-space: normal; widows: auto; word-spacing: 0px; -webkit-text-stroke-width: 0px; color: rgb(51, 51, 51); font-family: Arial, 宋体; background-color: rgb(255, 255, 255);\">　　但是如果选择由第三方来代工，用户会担心产品的安全性，而诺基亚本身也会失去原有的品牌意义，这种模式不一定会被消费者所接受。</p><p style=\"border: 0px; font-size: 14px; margin: 0px; outline: 0px; padding: 0px; vertical-align: baseline; list-style-type: none; font-style: normal; font-variant: normal; font-weight: normal; letter-spacing: normal; line-height: 25px; orphans: auto; text-align: start; text-indent: 0px; text-transform: none; white-space: normal; widows: auto; word-spacing: 0px; -webkit-text-stroke-width: 0px; color: rgb(51, 51, 51); font-family: Arial, 宋体; background-color: rgb(255, 255, 255);\">　　诺基亚的新转型可能不止在手机</p><p style=\"border: 0px; font-size: 14px; margin: 0px; outline: 0px; padding: 0px; vertical-align: baseline; list-style-type: none; font-style: normal; font-variant: normal; font-weight: normal; letter-spacing: normal; line-height: 25px; orphans: auto; text-align: start; text-indent: 0px; text-transform: none; white-space: normal; widows: auto; word-spacing: 0px; -webkit-text-stroke-width: 0px; color: rgb(51, 51, 51); font-family: Arial, 宋体; background-color: rgb(255, 255, 255);\">　　目前手机市场竞争白热化，诺基亚作为一个老品牌应该很清楚当下形势。诺基亚正在寻求新的转变，若重返智能手机市场，可能并不专注于做手机。</p><p style=\"border: 0px; font-size: 14px; margin: 0px; outline: 0px; padding: 0px; vertical-align: baseline; list-style-type: none; font-style: normal; font-variant: normal; font-weight: normal; letter-spacing: normal; line-height: 25px; orphans: auto; text-align: start; text-indent: 0px; text-transform: none; white-space: normal; widows: auto; word-spacing: 0px; -webkit-text-stroke-width: 0px; color: rgb(51, 51, 51); font-family: Arial, 宋体; background-color: rgb(255, 255, 255);\">　　首先，其技术部门的品牌授权模式已经逐渐成熟，从该部门负责授权诺基亚旗下多达1万项以上专利的数据来看，诺基亚更大一部分的收入来源在品牌授权费上。</p><p style=\"border: 0px; font-size: 14px; margin: 0px; outline: 0px; padding: 0px; vertical-align: baseline; list-style-type: none; font-style: normal; font-variant: normal; font-weight: normal; letter-spacing: normal; line-height: 25px; orphans: auto; text-align: start; text-indent: 0px; text-transform: none; white-space: normal; widows: auto; word-spacing: 0px; -webkit-text-stroke-width: 0px; color: rgb(51, 51, 51); font-family: Arial, 宋体; background-color: rgb(255, 255, 255);\">　　其次，硬件市场前途不大，诺基亚可能转向瞄准软件服务市场，拓展和推广它的地图业务等。目前诺基亚还发展了很多大的科技项目，如一个与虚拟现实技术相关的项目，蓄势待发进军互联网市场。</p><p style=\"border: 0px; font-size: 14px; margin: 0px; outline: 0px; padding: 0px; vertical-align: baseline; list-style-type: none; font-style: normal; font-variant: normal; font-weight: normal; letter-spacing: normal; line-height: 25px; orphans: auto; text-align: start; text-indent: 0px; text-transform: none; white-space: normal; widows: auto; word-spacing: 0px; -webkit-text-stroke-width: 0px; color: rgb(51, 51, 51); font-family: Arial, 宋体; background-color: rgb(255, 255, 255);\">　　另外，诺基亚前不久收购阿郎，在通信行业与华为、爱立信形成了业内三足鼎立的态势后，补齐了其运营商业务。未来，阿朗贝尔实验室、诺基亚FutureWorks和诺基亚技术公司三大研发主体将作为独立主体运营。</p><p style=\"border: 0px none; font-size: 14px; margin: 0px; outline: 0px none; padding: 0px; vertical-align: baseline; list-style-type: none; font-style: normal; font-variant: normal; font-weight: normal; letter-spacing: normal; line-height: 25px; text-align: start; text-indent: 0px; text-transform: none; white-space: normal; word-spacing: 0px; color: rgb(51, 51, 51); font-family: Arial,宋体; background-color: rgb(255, 255, 255);\">　　现在互联网手机的营销手段效果不会再大，随着近期几波手机新品热潮的冲击，消费者已经开始疲劳了，没有技术上的积累，诺基亚很难再挤入市场。不过诺基亚未来的发展不局限于手机，在其他领域和方面可能会带来大的改变，就让我们拭目以待吧!</p>','','','',0,1,1437695173,'',0,'http://','',2),(6,5,'当营销无处不在时，社会化媒体也无力挽救','<p style=\"border: 0px; font-size: 14px; margin: 0px; outline: 0px; padding: 0px; vertical-align: baseline; list-style-type: none; color: rgb(102, 102, 102); font-family: 微软雅黑; font-style: normal; font-variant: normal; font-weight: normal; letter-spacing: normal; line-height: 25px; orphans: auto; text-align: start; text-indent: 0px; text-transform: none; white-space: normal; widows: 1; word-spacing: 0px; -webkit-text-stroke-width: 0px; background-color: rgb(255, 255, 255);\"><strong style=\"border: 0px; font-size: 14px; margin: 0px; outline: 0px; padding: 0px; vertical-align: baseline;\">导读：</strong>一个个的热点被制造出来，又迅速消失。当热点越来越多，目不暇接，然后人们就开始对于营销热点越来越麻木。</p><p style=\"border: 0px; font-size: 14px; margin: 0px; outline: 0px; padding: 0px; vertical-align: baseline; list-style-type: none;\">　　在过去几年间，我一直在观察营销在各类社会化媒体平台上的演变和发展，并参与其中。从论坛到微博，再到微信，我们已经至少经历了三代的社会化媒体的变迁和更迭。</p><p style=\"border: 0px; font-size: 14px; margin: 0px; outline: 0px; padding: 0px; vertical-align: baseline; list-style-type: none;\">　　而最近一段时间，我的观察和反思给我的最真切的感受却是，社会化营销的威力正在下降，甚至面临着失效的危险。</p><p style=\"border: 0px; font-size: 14px; margin: 0px; outline: 0px; padding: 0px; vertical-align: baseline; list-style-type: none;\">　　<strong style=\"border: 0px; font-size: 14px; margin: 0px; outline: 0px; padding: 0px; vertical-align: baseline;\">社会化媒体已全部沦陷</strong></p><p style=\"border: 0px; font-size: 14px; margin: 0px; outline: 0px; padding: 0px; vertical-align: baseline; list-style-type: none;\">　　在05、06年的时候，在论坛里写一篇软文做一次植入营销是一件很容易的事情。因为，那时候，论坛里氛围还是比较单纯的，很多企业远还未意识到论坛里的口碑营销的价值。而到了07、08年之后，越来越多的水军侵入到论坛，网站管理员和版主艰苦的跟“水军”做着斗争。</p><p style=\"border: 0px; font-size: 14px; margin: 0px; outline: 0px; padding: 0px; vertical-align: baseline; list-style-type: none;\">　　不过在企业做社会化营销的强烈需求的推动下，大量的马甲在论坛里成批的出现，一些自动发帖软件被开发出来。于是，论坛里垃圾的广告贴越来越多，论坛生态被破坏，人们开始逃离，论坛开始走向衰落。</p><p style=\"border: 0px; font-size: 14px; margin: 0px; outline: 0px; padding: 0px; vertical-align: baseline; list-style-type: none;\">　　然后，在2009年8月，新浪成为国内第一家开放微博服务的门户网站，由此开启了微博为主导的社会化营销的时代。而微博几乎是重复了论坛的衰落老路，大量的企业和政府微博入驻，大量的营销账号在利益的驱动下被成批的制造，在淘宝上更是出现了大量的微博增粉和转发评论的商家，成千上万的僵尸账户被营销软件公司制造出来。</p><p style=\"border: 0px; font-size: 14px; margin: 0px; outline: 0px; padding: 0px; vertical-align: baseline; list-style-type: none;\">　 　就在很多用户发愁一个月长不了10个粉丝的时候，在淘宝上花10块钱就能直接涨1万个僵尸粉。而在新浪微博的大力推功和支持下，更多的企业账号涌入微 博，并将其作为社会化营销的主流阵地，大量的早安晚安心灵鸡汤和企业的产品消息，通过专门的微博运营人员每天持续的被制造，并定时推送给他们的粉丝们。</p><p style=\"border: 0px; font-size: 14px; margin: 0px; outline: 0px; padding: 0px; vertical-align: baseline; list-style-type: none;\">　　微博开始被企业、媒体、政府、营销等账号彻底占领，微博生态被破坏，人们开始陆续逃离。</p><p style=\"border: 0px; font-size: 14px; margin: 0px; outline: 0px; padding: 0px; vertical-align: baseline; list-style-type: none;\">　　而在今天，正如日中天的微信似乎似乎也正走在老路上。或许在普通用户的眼里，微信不过是一个社交工具，但在很多企业和营销公司眼里，微信现在俨然就是一个社会化营销的平台。</p><p style=\"border: 0px; font-size: 14px; margin: 0px; outline: 0px; padding: 0px; vertical-align: baseline; list-style-type: none;\">　 　微信公众号、朋友圈、微信头像、签名甚至朋友圈的相册封面等，都已经开始被彻底开发成了一个个可供营销的资源。在很多人关注到微商的泛滥对微信朋友圈生 态的破坏时，事实上目前对微信朋友圈这个社会化媒体平台的生态破坏最为严重的却是越来越多的企业将微信作为营销的阵地，并将将精力逐步从微博转移到了微信 上。</p><p style=\"border: 0px; font-size: 14px; margin: 0px; outline: 0px; padding: 0px; vertical-align: baseline; list-style-type: none;\">　　而且，相对微博这样的由松散和广泛的好友关系组成的社会化媒体不同的是，微信是一个强社交关系的平台，一旦大量的企业将微信作为重 要的社会化营销平台，微信朋友圈的生态被破坏的更快。特别是在企业营销诉求的引导下，经常会有大量的好友在瞬间分享同一个信息之时，用户的朋友圈瞬间就会 造成刷屏。</p><p style=\"border: 0px; font-size: 14px; margin: 0px; outline: 0px; padding: 0px; vertical-align: baseline; list-style-type: none;\">　　而就在很多企业还在为刷屏的效果沾沾自喜时，很多用户却并不会因为刷屏而去关注企业真正想去传达的消息，反而会将哪些刷屏好 友的朋友圈悄悄的屏蔽，或者将本来就不熟的好友默默的删除好友。而当大量的好友之间开始试图解除好友关系，并被越来越多的不熟的好友刷屏骚扰，微信已经开 始走在论坛、微博们的老路上。</p><p style=\"border: 0px; font-size: 14px; margin: 0px; outline: 0px; padding: 0px; vertical-align: baseline; list-style-type: none;\">　　<strong style=\"border: 0px; font-size: 14px; margin: 0px; outline: 0px; padding: 0px; vertical-align: baseline;\">社会化营销是否正在失效?</strong></p><p style=\"border: 0px; font-size: 14px; margin: 0px; outline: 0px; padding: 0px; vertical-align: baseline; list-style-type: none;\">　　在今天，论坛已经渐渐无人问津，微博的衰落已是事实，而微信的疲态已经开始显现，但是新的平台级的社会化媒体平台还没有开始出现，目前的社会化营销时代看起来正在遭遇断层。这有几个明显的特征：</p><p style=\"border: 0px; font-size: 14px; margin: 0px; outline: 0px; padding: 0px; vertical-align: baseline; list-style-type: none;\">　　1、没有人再大红大紫</p><p style=\"border: 0px; font-size: 14px; margin: 0px; outline: 0px; padding: 0px; vertical-align: baseline; list-style-type: none;\">　 　在论坛时代的高峰时，制造了一大批的网络红人，他们有的已经消失匿迹，比如犀利哥，有的仍然活跃在这个时代，比如木子美，芙蓉姐姐、凤姐等;而在微博时 代造就了天才小熊猫、留几手等红人;而在微信时代，截止到现在，并没有诞生真正红遍全网的网络红人或意见领袖，而更多的是以机构运作的商业账号，比如罗辑 思维。</p><p style=\"border: 0px; font-size: 14px; margin: 0px; outline: 0px; padding: 0px; vertical-align: baseline; list-style-type: none;\">　　甚至在2014年以来，包括论坛、微博和微信等所有社会化媒体上都没有现象级的网络红人再出现。当然，也有在小范围内走红的，比 如前段时间在微博小红一把的雷克。而在微信上，除了很多没有性格的自媒体文摘号或垂直圈子里的知名自媒体人外，并没有真正的红遍全网的红人出现。</p><p style=\"border: 0px; font-size: 14px; margin: 0px; outline: 0px; padding: 0px; vertical-align: baseline; list-style-type: none;\">　　2、没有品牌赖以成名</p><p style=\"border: 0px; font-size: 14px; margin: 0px; outline: 0px; padding: 0px; vertical-align: baseline; list-style-type: none;\">　　作为社会化营销的案例，小米在微博时代曾被频频提及。小米也通过自己微博矩阵，成功的让每一名员工参与到品牌传播的过程中，而在小米品牌的塑造过程，小米社区和微博曾是两个非常重要的阵地，小米也被塑造成为一个手机发烧友的时尚手机品牌，被广大的热血粉丝所追捧。</p><p style=\"border: 0px; font-size: 14px; margin: 0px; outline: 0px; padding: 0px; vertical-align: baseline; list-style-type: none;\">　 　还有杜蕾斯，这样一个原本国人难以启齿的安全套品牌，通过在微博上有趣的互动运营，吸引了众多的忠实拥趸，并将杜蕾斯打造成为一个时尚的品牌，以至于至 今还有企业把送杜蕾斯给自己的用户或客户作为一种创意或惊喜。而在微信时代，尽管不少企业通过微信公众号的运营和推广，吸引了众多的品牌粉丝，但目力所 及，还没有看到有一个品牌能够像小米或杜蕾斯那样在微博风行的时代受益如此之多。</p><p style=\"border: 0px; font-size: 14px; margin: 0px; outline: 0px; padding: 0px; vertical-align: baseline; list-style-type: none;\">　　3、没有产品因此畅销</p><p style=\"border: 0px; font-size: 14px; margin: 0px; outline: 0px; padding: 0px; vertical-align: baseline; list-style-type: none;\">　　也许提到帮助 产品进行销售这一点，很多人会否认。因为，在2014年，微商借助微信迅猛发展，很多做微商的朋友动辄晒出几十万甚至上百万的销售收入。然而，很多看似畅 销的面膜微商真相被一一拆破，聊天记录和转账记录造假，传销的本质暴露，大量的面膜产品被压在下级代理手里，并没有真正到达消费者手中。不可否认的是，在 微信这个社会化营销平台上，成功的面膜微商案例大多只是包裹着传销性质的销售神话。</p><p style=\"border: 0px; font-size: 14px; margin: 0px; outline: 0px; padding: 0px; vertical-align: baseline; list-style-type: none;\">　　而一些做其他如农产品、土特产、手工艺品等产品的微 商，面临的困境却是在消费完有效的微信好友资源之后，无法进一步扩大自己到社交范围从而打开更大的市场。你或许还可以说，脸萌、足记不就是在微信上走红的 吗?可是他们走红的生命周期如此短暂，以至于在很多人刚下载下来准备体验的时候，产品流行的风潮已然过去。</p><p style=\"border: 0px; font-size: 14px; margin: 0px; outline: 0px; padding: 0px; vertical-align: baseline; list-style-type: none;\">　　<strong style=\"border: 0px; font-size: 14px; margin: 0px; outline: 0px; padding: 0px; vertical-align: baseline;\">当营销无处不在，就已开始失效</strong></p><p style=\"border: 0px; font-size: 14px; margin: 0px; outline: 0px; padding: 0px; vertical-align: baseline; list-style-type: none;\">　 　显而易见的是，当越来越多的企业投入到社会化营销的大潮中，社会化营销的各项手段就已经开始慢慢失效。一个个的热点被制造出来，又迅速消失。当热点越来 越多，目不暇接，然后人们就开始对于营销热点越来越麻木，也越来难以被打动直至兴奋尖叫。而如果你一直在关注社会化营销的发展的话，你会发现，已经很久没 有听到或看到一个真正成功的营销案例了。</p><p style=\"border: 0px; font-size: 14px; margin: 0px; outline: 0px; padding: 0px; vertical-align: baseline; list-style-type: none;\">　　这并不是危言耸听。当营销成为生活的常态，当我们的世界随时随地被营销事件所包围，到处都是包装过的故事或报道，你越来越看不清楚这个世界本真的模样，就意味着人们越来越难以被营销故事所打动。</p><p style=\"border: 0px; font-size: 14px; margin: 0px; outline: 0px; padding: 0px; vertical-align: baseline; list-style-type: none;\">　　与此同时，一些从事运营、营销、公关和品牌的企业员工们，还在延续着自论坛时代就有的方法论，进行着品牌和产品的传播之路。制造、跟随、炒作热点，期望借助每一个社会公共事件或极端天气甚至人类灾难来进行借势营销。</p><p style=\"border: 0px; font-size: 14px; margin: 0px; outline: 0px; padding: 0px; vertical-align: baseline; list-style-type: none;\">　 　于是，我们看到，雾霾来了，企业的公关和文案忙碌起来，开始借势刷屏;沙尘暴来了。企业的公关和文案又忙碌起来，开始借势刷屏;坠机事件发生，各类新闻 平台和app准备文案，忙着借势;春节、元宵节、情人节、五一劳动节、端午节、中秋节、母亲节、儿童节等等中外大小节日，无论是传统佳节还是舶来的洋节， 统统都是营销的节点，刷屏!刷屏!刷屏!没有创意和新意，不管品牌与节日搭还是不搭，全部一哄而上。这些传统的把戏，甚至连普通的用户都熟知一二。而被营 销刷屏惯了的用户，早已审美疲劳，只是默默的掠过。</p><p style=\"border: 0px; font-size: 14px; margin: 0px; outline: 0px; padding: 0px; vertical-align: baseline; list-style-type: none;\">　　有时候，难道我们不应该好好想想吗?盲目借势，频繁刷屏、过度营销在社会化媒体的平台上真的是一个好手段吗?像脑白金那样的简单粗暴的洗脑式传播方法，在微博或微信上可能根本无效，甚至还会引起反作用。</p><p style=\"border: 0px none; font-size: 14px; margin: 0px; outline: 0px none; padding: 0px; vertical-align: baseline; list-style-type: none;\">　　因为，现在的用户比以往有更多的选择，也有更多的自由，当他厌烦了你在他的世界里像蚊子一样“嗡嗡作响”，他可以随时取消关注，屏蔽消息或者解除好友关系，而最可怕的则是他对你的营销信息选择性的忽略，那你将再也别想真正走入到他的内心。</p>','','','',0,1,1437699008,'',0,'http://','',5),(7,5,'疯狂面膜背后：微商“野蛮生长”谁来管？','<p><strong style=\"border: 0px; font-size: 14px; margin: 0px; outline: 0px; padding: 0px; vertical-align: baseline;\">导读：</strong>“朋友圈已被面膜占领。”不少网民最近感慨。一位从事面膜生意两年的微商表示，网民的感觉不假，“微商这么火，面膜功不可没，去年的微商就是面膜撑起来的。</p><p style=\"border: 0px; font-size: 14px; margin: 0px; outline: 0px; padding: 0px; vertical-align: baseline; list-style-type: none; color: rgb(102, 102, 102); font-family: 微软雅黑; font-style: normal; font-variant: normal; font-weight: normal; letter-spacing: normal; line-height: 25px; orphans: auto; text-align: start; text-indent: 0px; text-transform: none; white-space: normal; widows: 1; word-spacing: 0px; -webkit-text-stroke-width: 0px; background-color: rgb(255, 255, 255);\">　　无处不在、质量粗劣、暴利惊人……微信圈中面膜的汹涌席卷势头让人们大吃一惊。</p><p style=\"border: 0px; font-size: 14px; margin: 0px; outline: 0px; padding: 0px; vertical-align: baseline; list-style-type: none; color: rgb(102, 102, 102); font-family: 微软雅黑; font-style: normal; font-variant: normal; font-weight: normal; letter-spacing: normal; line-height: 25px; orphans: auto; text-align: start; text-indent: 0px; text-transform: none; white-space: normal; widows: 1; word-spacing: 0px; -webkit-text-stroke-width: 0px; background-color: rgb(255, 255, 255);\">　　人们已经注意到，“疯狂的面膜”正是当下国内“微商”发展状态的一个缩影。如何实现“微商”规范有序而非野蛮生长，避免朋友圈成为三无产品、传销的“法外之地”，已成为摆在社会和有关部门面前的重要考题。</p><p style=\"border: 0px; font-size: 14px; margin: 0px; outline: 0px; padding: 0px; vertical-align: baseline; list-style-type: none; color: rgb(102, 102, 102); font-family: 微软雅黑; font-style: normal; font-variant: normal; font-weight: normal; letter-spacing: normal; line-height: 25px; orphans: auto; text-align: start; text-indent: 0px; text-transform: none; white-space: normal; widows: 1; word-spacing: 0px; -webkit-text-stroke-width: 0px; background-color: rgb(255, 255, 255);\">　　<strong style=\"border: 0px; font-size: 14px; margin: 0px; outline: 0px; padding: 0px; vertical-align: baseline;\">乱：“设计一个包装就能出一个品牌”“吃定消费者不可能去检测”</strong></p><p style=\"border: 0px; font-size: 14px; margin: 0px; outline: 0px; padding: 0px; vertical-align: baseline; list-style-type: none; color: rgb(102, 102, 102); font-family: 微软雅黑; font-style: normal; font-variant: normal; font-weight: normal; letter-spacing: normal; line-height: 25px; orphans: auto; text-align: start; text-indent: 0px; text-transform: none; white-space: normal; widows: 1; word-spacing: 0px; -webkit-text-stroke-width: 0px; background-color: rgb(255, 255, 255);\">　　“朋友圈已被面膜占领。”不少网民最近感慨。一位从事面膜生意两年的微商表示，网民的感觉不假，“微商这么火，面膜功不可没，去年的微商就是面膜撑起来的。”同时，一些娱乐界名人纷纷成立面膜公司并亲自代言，更让这个市场炙手可热。</p><p style=\"border: 0px; font-size: 14px; margin: 0px; outline: 0px; padding: 0px; vertical-align: baseline; list-style-type: none; color: rgb(102, 102, 102); font-family: 微软雅黑; font-style: normal; font-variant: normal; font-weight: normal; letter-spacing: normal; line-height: 25px; orphans: auto; text-align: start; text-indent: 0px; text-transform: none; white-space: normal; widows: 1; word-spacing: 0px; -webkit-text-stroke-width: 0px; background-color: rgb(255, 255, 255);\">　　奥美集团数据显示，国内大大小小的面膜品牌两年间增长了4倍。目前，市场上至少有300多个面膜品牌。</p><p style=\"border: 0px; font-size: 14px; margin: 0px; outline: 0px; padding: 0px; vertical-align: baseline; list-style-type: none; color: rgb(102, 102, 102); font-family: 微软雅黑; font-style: normal; font-variant: normal; font-weight: normal; letter-spacing: normal; line-height: 25px; orphans: auto; text-align: start; text-indent: 0px; text-transform: none; white-space: normal; widows: 1; word-spacing: 0px; -webkit-text-stroke-width: 0px; background-color: rgb(255, 255, 255);\">　　杭州芙丽诗贝面膜品牌创始人华树青表示，之所以面膜市场野蛮生长，是因为这个行业属于暴利但门槛很低，比较容易吸引消费者。</p><p style=\"border: 0px; font-size: 14px; margin: 0px; outline: 0px; padding: 0px; vertical-align: baseline; list-style-type: none; color: rgb(102, 102, 102); font-family: 微软雅黑; font-style: normal; font-variant: normal; font-weight: normal; letter-spacing: normal; line-height: 25px; orphans: auto; text-align: start; text-indent: 0px; text-transform: none; white-space: normal; widows: 1; word-spacing: 0px; -webkit-text-stroke-width: 0px; background-color: rgb(255, 255, 255);\">　　“朋友圈里卖的面膜很少是知名品牌的，都是杂牌。现在做一个杂牌面膜太容易了，取一个听上去拗口的洋名，叫人设计一个高大上的包装，再找面膜工厂贴牌生产就成了。”华树青说，去年连开鞋厂、袜子厂的都进这个行业来圈钱。</p><p style=\"border: 0px; font-size: 14px; margin: 0px; outline: 0px; padding: 0px; vertical-align: baseline; list-style-type: none; color: rgb(102, 102, 102); font-family: 微软雅黑; font-style: normal; font-variant: normal; font-weight: normal; letter-spacing: normal; line-height: 25px; orphans: auto; text-align: start; text-indent: 0px; text-transform: none; white-space: normal; widows: 1; word-spacing: 0px; -webkit-text-stroke-width: 0px; background-color: rgb(255, 255, 255);\">　　华树青说，由于面膜这个东西科技含量并不高，所谓3D面膜、燕窝面膜、多肽面膜多数打着高科技的旗号，实际只有概念，里面的成分换汤不换药，欺负的就是消费者的外行。“比如燕窝面膜，里面根本没燕窝，吃定的就是消费者不可能去检测。”</p><p style=\"border: 0px; font-size: 14px; margin: 0px; outline: 0px; padding: 0px; vertical-align: baseline; list-style-type: none; color: rgb(102, 102, 102); font-family: 微软雅黑; font-style: normal; font-variant: normal; font-weight: normal; letter-spacing: normal; line-height: 25px; orphans: auto; text-align: start; text-indent: 0px; text-transform: none; white-space: normal; widows: 1; word-spacing: 0px; -webkit-text-stroke-width: 0px; background-color: rgb(255, 255, 255);\">　　业内人士表示，这两年大量外行的人进入面膜这个行业，就是奔着面膜的暴利去的。“朋友圈的面膜大多要三四百元一盒，一片至少要50元，但实际成本估计5元一片都不到。”</p><p style=\"border: 0px; font-size: 14px; margin: 0px; outline: 0px; padding: 0px; vertical-align: baseline; list-style-type: none; color: rgb(102, 102, 102); font-family: 微软雅黑; font-style: normal; font-variant: normal; font-weight: normal; letter-spacing: normal; line-height: 25px; orphans: auto; text-align: start; text-indent: 0px; text-transform: none; white-space: normal; widows: 1; word-spacing: 0px; -webkit-text-stroke-width: 0px; background-color: rgb(255, 255, 255);\">　　华树青说，更严重的是微信圈里的面膜不少是三无产品，“面膜类的产品都需要到食药监部门去备案，但微商面膜很多没有备案，违规销售”。更让正规面膜商头疼的是，不少杂牌面膜商为了追求效果，会让生产商违规添加激素、重金属等违法物质，“整个市场都被搅乱了”</p><p style=\"border: 0px; font-size: 14px; margin: 0px; outline: 0px; padding: 0px; vertical-align: baseline; list-style-type: none; color: rgb(102, 102, 102); font-family: 微软雅黑; font-style: normal; font-variant: normal; font-weight: normal; letter-spacing: normal; line-height: 25px; orphans: auto; text-align: start; text-indent: 0px; text-transform: none; white-space: normal; widows: 1; word-spacing: 0px; -webkit-text-stroke-width: 0px; background-color: rgb(255, 255, 255);\">　　<strong style=\"border: 0px; font-size: 14px; margin: 0px; outline: 0px; padding: 0px; vertical-align: baseline;\">忧：传销阴影如影随形</strong></p><p style=\"border: 0px; font-size: 14px; margin: 0px; outline: 0px; padding: 0px; vertical-align: baseline; list-style-type: none; color: rgb(102, 102, 102); font-family: 微软雅黑; font-style: normal; font-variant: normal; font-weight: normal; letter-spacing: normal; line-height: 25px; orphans: auto; text-align: start; text-indent: 0px; text-transform: none; white-space: normal; widows: 1; word-spacing: 0px; -webkit-text-stroke-width: 0px; background-color: rgb(255, 255, 255);\">　　“微商”，仿佛已等同于“财富传奇”，果真如此么？业内人士曝料称，很多人每天晒上千甚至上万的交易额，其实很多是虚假的，有的已近似于传销。</p><p style=\"border: 0px; font-size: 14px; margin: 0px; outline: 0px; padding: 0px; vertical-align: baseline; list-style-type: none; color: rgb(102, 102, 102); font-family: 微软雅黑; font-style: normal; font-variant: normal; font-weight: normal; letter-spacing: normal; line-height: 25px; orphans: auto; text-align: start; text-indent: 0px; text-transform: none; white-space: normal; widows: 1; word-spacing: 0px; -webkit-text-stroke-width: 0px; background-color: rgb(255, 255, 255);\">　　一位名叫范云(化名)的“90后”微商讲述了她惨痛的经历。范云说，看到朋友圈里一个不熟的朋友天天发卖面膜赚大钱的照片，就很心动，成为对方的代理。</p><p style=\"border: 0px; font-size: 14px; margin: 0px; outline: 0px; padding: 0px; vertical-align: baseline; list-style-type: none; color: rgb(102, 102, 102); font-family: 微软雅黑; font-style: normal; font-variant: normal; font-weight: normal; letter-spacing: normal; line-height: 25px; orphans: auto; text-align: start; text-indent: 0px; text-transform: none; white-space: normal; widows: 1; word-spacing: 0px; -webkit-text-stroke-width: 0px; background-color: rgb(255, 255, 255);\">　 　做代理，就要进货，范云花了一万元买了100盒面膜，按照上家的说法，面膜的售价在298元，范云有近两倍的利润空间。不过收到货后，范云才发现面膜包 装有些粗糙，生产厂家也不明确，此时上家表示，微商的面膜不讲究包装更多讲究效果。上家还告诉她，要致富就多招代理。将信将疑的范云就这样开始在朋友圈卖 面膜，“上家发什么图，我就粘贴过来”，并且以150元一盒的价格招起自己的代理来。</p><p style=\"border: 0px; font-size: 14px; margin: 0px; outline: 0px; padding: 0px; vertical-align: baseline; list-style-type: none; color: rgb(102, 102, 102); font-family: 微软雅黑; font-style: normal; font-variant: normal; font-weight: normal; letter-spacing: normal; line-height: 25px; orphans: auto; text-align: start; text-indent: 0px; text-transform: none; white-space: normal; widows: 1; word-spacing: 0px; -webkit-text-stroke-width: 0px; background-color: rgb(255, 255, 255);\">　　“一个做化妆品生意的微商朋友看到我的朋友圈后， 表示要做代理，并且一次性下了10万元的货。我让上家发了货，但朋友收到后表示，这面膜是三无产品，根本卖不出去。而我再找上家时，上家把我拉黑了，现在 找不到她。”范云说，为了减少损失，现在她和朋友在想办法处理这批面膜，不排除再卖给不懂行的代理。</p><p style=\"border: 0px; font-size: 14px; margin: 0px; outline: 0px; padding: 0px; vertical-align: baseline; list-style-type: none; color: rgb(102, 102, 102); font-family: 微软雅黑; font-style: normal; font-variant: normal; font-weight: normal; letter-spacing: normal; line-height: 25px; orphans: auto; text-align: start; text-indent: 0px; text-transform: none; white-space: normal; widows: 1; word-spacing: 0px; -webkit-text-stroke-width: 0px; background-color: rgb(255, 255, 255);\">　　业内人士表示，一些面膜商特意选择朋友圈做唯一的销售渠道，为的就是招代理。“总代招一级代理，一级招二级，二级招三级……这样一级一级招，所以有段子说，面膜不是朋友买去的，都是代理拿走的。性质与传销相似。”</p><p style=\"border: 0px; font-size: 14px; margin: 0px; outline: 0px; padding: 0px; vertical-align: baseline; list-style-type: none; color: rgb(102, 102, 102); font-family: 微软雅黑; font-style: normal; font-variant: normal; font-weight: normal; letter-spacing: normal; line-height: 25px; orphans: auto; text-align: start; text-indent: 0px; text-transform: none; white-space: normal; widows: 1; word-spacing: 0px; -webkit-text-stroke-width: 0px; background-color: rgb(255, 255, 255);\">　　一位微商告诉记者，为了招代理，现在最不堪的手段就是捏造交易记录、好评，让朋友圈的人误认为生意火爆、躺着赚钱。“微信对话生成器、支付宝转账截图器这样的软件满天飞，即使你一天没做成一单，通过软件就可以编造出一天成交一万元的假象。”</p><p style=\"border: 0px; font-size: 14px; margin: 0px; outline: 0px; padding: 0px; vertical-align: baseline; list-style-type: none; color: rgb(102, 102, 102); font-family: 微软雅黑; font-style: normal; font-variant: normal; font-weight: normal; letter-spacing: normal; line-height: 25px; orphans: auto; text-align: start; text-indent: 0px; text-transform: none; white-space: normal; widows: 1; word-spacing: 0px; -webkit-text-stroke-width: 0px; background-color: rgb(255, 255, 255);\">　　<strong style=\"border: 0px; font-size: 14px; margin: 0px; outline: 0px; padding: 0px; vertical-align: baseline;\">问：微商野蛮没法可管？</strong></p><p style=\"border: 0px; font-size: 14px; margin: 0px; outline: 0px; padding: 0px; vertical-align: baseline; list-style-type: none; color: rgb(102, 102, 102); font-family: 微软雅黑; font-style: normal; font-variant: normal; font-weight: normal; letter-spacing: normal; line-height: 25px; orphans: auto; text-align: start; text-indent: 0px; text-transform: none; white-space: normal; widows: 1; word-spacing: 0px; -webkit-text-stroke-width: 0px; background-color: rgb(255, 255, 255);\">　　面膜曾是微商界的一个传奇，制造了一个个虚假的财富神话，而随着它的面具被撕下，越来越多的百姓对微商失去了信任。</p><p style=\"border: 0px; font-size: 14px; margin: 0px; outline: 0px; padding: 0px; vertical-align: baseline; list-style-type: none; color: rgb(102, 102, 102); font-family: 微软雅黑; font-style: normal; font-variant: normal; font-weight: normal; letter-spacing: normal; line-height: 25px; orphans: auto; text-align: start; text-indent: 0px; text-transform: none; white-space: normal; widows: 1; word-spacing: 0px; -webkit-text-stroke-width: 0px; background-color: rgb(255, 255, 255);\">　　一位吃过亏的消费者说，现在的微商不少是“杀熟”，而碍于朋友面子，加上投诉无门，很少会去追究。</p><p style=\"border: 0px; font-size: 14px; margin: 0px; outline: 0px; padding: 0px; vertical-align: baseline; list-style-type: none; color: rgb(102, 102, 102); font-family: 微软雅黑; font-style: normal; font-variant: normal; font-weight: normal; letter-spacing: normal; line-height: 25px; orphans: auto; text-align: start; text-indent: 0px; text-transform: none; white-space: normal; widows: 1; word-spacing: 0px; -webkit-text-stroke-width: 0px; background-color: rgb(255, 255, 255);\">　　一些公众和观察人士甚至喊出了“微商必死”的口号，认为当下微商存在信用体系低、产品信任度缺乏、售后服务不完善、支付方式不安全等诸多问题，熟人信用一旦被透支，整个商业模式就会崩溃。</p><p style=\"border: 0px; font-size: 14px; margin: 0px; outline: 0px; padding: 0px; vertical-align: baseline; list-style-type: none; color: rgb(102, 102, 102); font-family: 微软雅黑; font-style: normal; font-variant: normal; font-weight: normal; letter-spacing: normal; line-height: 25px; orphans: auto; text-align: start; text-indent: 0px; text-transform: none; white-space: normal; widows: 1; word-spacing: 0px; -webkit-text-stroke-width: 0px; background-color: rgb(255, 255, 255);\">　　在今年全国两会上，全国政协委员李崴提交了一份“关于大力推进微商行业规范发展的建议”的提案。他提出微商必须要实名注册；同时相关部门需严格监管微商销售产品的来源和合格认证、厂家生产资质等。</p><p style=\"border: 0px; font-size: 14px; margin: 0px; outline: 0px; padding: 0px; vertical-align: baseline; list-style-type: none; color: rgb(102, 102, 102); font-family: 微软雅黑; font-style: normal; font-variant: normal; font-weight: normal; letter-spacing: normal; line-height: 25px; orphans: auto; text-align: start; text-indent: 0px; text-transform: none; white-space: normal; widows: 1; word-spacing: 0px; -webkit-text-stroke-width: 0px; background-color: rgb(255, 255, 255);\">　　中国电子商务研究中心分析师姚建芳建议，微信平台方应加强对微商的把控，如实施严格的审核机制，对于出售商品的微信号进行登记备案等流程，并从购买、物流、评价、维权等方面设立交易机制，增加消费透明度。</p><p style=\"border: 0px none; font-size: 14px; margin: 0px; outline: 0px none; padding: 0px; vertical-align: baseline; list-style-type: none; color: rgb(102, 102, 102); font-family: 微软雅黑; font-style: normal; font-variant: normal; font-weight: normal; letter-spacing: normal; line-height: 25px; text-align: start; text-indent: 0px; text-transform: none; white-space: normal; widows: 1; word-spacing: 0px; background-color: rgb(255, 255, 255);\">　　“国家对这个新兴经济模式不能坐视不管，需要适当的时候进行立法，监管部门也要主动介入。”姚建芳说，微商现在就如一开始的淘宝，处于野蛮生长阶段，信任危机成为发展的重要障碍，如果没有有效的管理和引导，微商或将被淘汰。</p>','','','',0,1,1437699047,'',0,'http://','',5);
/*!40000 ALTER TABLE `ecs_supplier_article` ENABLE KEYS */;
UNLOCK TABLES;

--
-- Table structure for table `ecs_supplier_article_cat`
--

DROP TABLE IF EXISTS `ecs_supplier_article_cat`;
/*!40101 SET @saved_cs_client     = @@character_set_client */;
/*!40101 SET character_set_client = utf8 */;
CREATE TABLE `ecs_supplier_article_cat` (
  `cat_id` int(10) NOT NULL DEFAULT '0' COMMENT '入驻商的店铺id',
  `cat_name` varchar(255) NOT NULL DEFAULT '',
  `cat_type` tinyint(1) unsigned NOT NULL DEFAULT '1',
  `keywords` varchar(255) NOT NULL DEFAULT '',
  `cat_desc` varchar(255) NOT NULL DEFAULT '',
  `sort_order` tinyint(3) unsigned NOT NULL DEFAULT '50',
  `show_in_nav` tinyint(1) unsigned NOT NULL DEFAULT '0',
  `parent_id` smallint(5) unsigned NOT NULL DEFAULT '0',
  PRIMARY KEY (`cat_id`),
  KEY `cat_type` (`cat_type`),
  KEY `sort_order` (`sort_order`),
  KEY `parent_id` (`parent_id`)
) ENGINE=MyISAM DEFAULT CHARSET=utf8;
/*!40101 SET character_set_client = @saved_cs_client */;

--
-- Dumping data for table `ecs_supplier_article_cat`
--

LOCK TABLES `ecs_supplier_article_cat` WRITE;
/*!40000 ALTER TABLE `ecs_supplier_article_cat` DISABLE KEYS */;
INSERT INTO `ecs_supplier_article_cat` VALUES (6,'yiren',2,'','入驻商的店铺文章分类',50,0,0),(2,'68ecshopyy',2,'','入驻商的店铺文章分类',50,0,0),(7,'liuyu',2,'','入驻商的店铺文章分类',50,0,0),(5,'leilei',2,'','入驻商的店铺文章分类',50,0,0);
/*!40000 ALTER TABLE `ecs_supplier_article_cat` ENABLE KEYS */;
UNLOCK TABLES;

--
-- Table structure for table `ecs_supplier_cat_recommend`
--

DROP TABLE IF EXISTS `ecs_supplier_cat_recommend`;
/*!40101 SET @saved_cs_client     = @@character_set_client */;
/*!40101 SET character_set_client = utf8 */;
CREATE TABLE `ecs_supplier_cat_recommend` (
  `cat_id` smallint(5) NOT NULL,
  `recommend_type` tinyint(1) NOT NULL,
  `supplier_id` int(10) unsigned NOT NULL DEFAULT '0',
  PRIMARY KEY (`cat_id`,`recommend_type`)
) ENGINE=MyISAM DEFAULT CHARSET=utf8;
/*!40101 SET character_set_client = @saved_cs_client */;

--
-- Dumping data for table `ecs_supplier_cat_recommend`
--

LOCK TABLES `ecs_supplier_cat_recommend` WRITE;
/*!40000 ALTER TABLE `ecs_supplier_cat_recommend` DISABLE KEYS */;
INSERT INTO `ecs_supplier_cat_recommend` VALUES (8,1,1),(10,1,2),(10,2,2),(10,3,2),(11,1,2),(11,2,2),(11,3,2),(12,1,2),(12,2,2),(12,3,2),(13,1,2),(13,2,2),(13,3,2),(14,1,2),(14,2,2),(14,3,2),(15,1,2),(15,2,2),(15,3,2),(16,1,2),(16,2,2),(16,3,2),(17,1,2),(17,2,2),(17,3,2),(7,2,1),(18,1,5),(26,1,5),(26,2,5),(26,3,5),(35,1,5),(35,3,5),(82,1,2),(82,2,2),(82,3,2),(91,1,7),(91,2,7),(91,3,7),(92,1,7),(92,2,7),(92,3,7),(93,1,7),(93,2,7),(93,3,7),(94,1,7),(94,2,7),(94,3,7),(95,1,7),(95,2,7),(95,3,7),(96,1,7),(96,2,7),(96,3,7),(97,1,7),(97,2,7),(97,3,7),(98,1,7),(98,2,7),(98,3,7),(100,1,7),(100,2,7),(100,3,7),(129,2,8),(123,2,8),(126,1,8),(130,2,8),(134,3,8),(77,2,6),(65,1,6),(81,3,6),(138,3,8),(4,3,1),(5,3,1);
/*!40000 ALTER TABLE `ecs_supplier_cat_recommend` ENABLE KEYS */;
UNLOCK TABLES;

--
-- Table structure for table `ecs_supplier_category`
--

DROP TABLE IF EXISTS `ecs_supplier_category`;
/*!40101 SET @saved_cs_client     = @@character_set_client */;
/*!40101 SET character_set_client = utf8 */;
CREATE TABLE `ecs_supplier_category` (
  `cat_id` smallint(5) unsigned NOT NULL AUTO_INCREMENT,
  `cat_name` varchar(90) NOT NULL DEFAULT '',
  `keywords` varchar(255) NOT NULL DEFAULT '',
  `cat_desc` varchar(255) NOT NULL DEFAULT '',
  `parent_id` smallint(5) unsigned NOT NULL DEFAULT '0',
  `sort_order` tinyint(1) unsigned NOT NULL DEFAULT '50',
  `template_file` varchar(50) NOT NULL DEFAULT '',
  `measure_unit` varchar(15) NOT NULL DEFAULT '',
  `show_in_nav` tinyint(1) NOT NULL DEFAULT '0',
  `style` varchar(150) NOT NULL,
  `is_show` tinyint(1) unsigned NOT NULL DEFAULT '1',
  `grade` tinyint(4) NOT NULL DEFAULT '0',
  `filter_attr` varchar(255) NOT NULL DEFAULT '0',
  `supplier_id` int(10) unsigned NOT NULL DEFAULT '0',
  `is_show_cat_pic` tinyint(1) unsigned NOT NULL DEFAULT '0',
  `cat_pic` varchar(255) NOT NULL DEFAULT '',
  `cat_pic_url` varchar(100) NOT NULL DEFAULT '',
  `cat_goods_limit` smallint(3) unsigned NOT NULL DEFAULT '4',
  PRIMARY KEY (`cat_id`),
  KEY `parent_id` (`parent_id`,`supplier_id`),
  KEY `supplier_id` (`supplier_id`)
) ENGINE=MyISAM AUTO_INCREMENT=139 DEFAULT CHARSET=utf8;
/*!40101 SET character_set_client = @saved_cs_client */;

--
-- Dumping data for table `ecs_supplier_category`
--

LOCK TABLES `ecs_supplier_category` WRITE;
/*!40000 ALTER TABLE `ecs_supplier_category` DISABLE KEYS */;
INSERT INTO `ecs_supplier_category` VALUES (1,'进口鲜果','','',0,50,'','',1,'',1,0,'',1,0,'','',8),(2,'国产时令','','',0,50,'','',1,'',1,0,'',1,0,'','',8),(3,'海鲜肉类','','',0,50,'','',1,'',1,0,'',1,0,'','',8),(4,'奇异果','','',1,50,'','',0,'',1,0,'',1,1,'','',4),(5,'车厘子','','',1,50,'','',0,'',1,0,'',1,1,'','',4),(6,'苹果','','',2,50,'','',0,'',1,0,'',1,0,'','',8),(7,'火龙果','','',2,50,'','',0,'',1,0,'',1,0,'','',8),(8,'尝鲜包装','','',3,50,'','',0,'',1,0,'',1,0,'','',8),(9,'家庭套餐','','',3,50,'','',0,'',1,0,'',1,0,'','',8),(10,'童装童鞋','','',0,50,'','',1,'',1,4,'27,22,15',2,1,'../data/supplier/category/2c1437531055.jpg','',6),(17,'车床玩具','','',0,50,'','',1,'',1,0,'33,29',2,0,'','',8),(12,'孕婴用品','','',0,50,'','',1,'',1,0,'',2,0,'','',8),(13,'宝宝营养','','',0,50,'','',1,'',1,0,'',2,0,'','',8),(14,'童装','','',10,50,'','',0,'',1,0,'',2,0,'','',8),(15,'亲子装','','',10,50,'','',0,'',1,0,'',2,0,'','',8),(16,'学步鞋','','',10,50,'','',0,'',1,0,'',2,0,'','',8),(18,'裙装','','',0,50,'','',0,'',1,0,'',5,0,'','',8),(19,'上装','','',0,50,'','',1,'',1,0,'',5,0,'','',8),(20,'下装','','',0,50,'','',1,'',1,0,'',5,0,'','',8),(21,'鞋子','','',0,50,'','',1,'',1,0,'',5,0,'','',8),(22,'配件','','',0,50,'','',1,'',1,0,'',5,0,'','',8),(23,'小饰品','','',0,50,'','',0,'',1,0,'',5,0,'','',8),(24,'半身裙','','',18,50,'','',0,'',1,0,'',5,0,'','',8),(25,'及膝裙','','',18,50,'','',0,'',1,0,'',5,0,'','',8),(26,'连衣裙','','',18,50,'','',1,'',1,0,'',5,1,'../data/supplier/category/5c1437545705.jpg','',8),(27,'公主裙','','',18,50,'','',1,'',1,0,'',5,0,'','',8),(28,'休闲裤','','',20,50,'','',0,'',1,0,'',5,0,'','',8),(29,'牛仔裤','','',20,50,'','',0,'',1,0,'',5,0,'','',8),(30,'短裤','','',20,50,'','',0,'',1,0,'',5,0,'','',8),(31,'七分裤','','',20,50,'','',0,'',1,0,'',5,0,'','',8),(32,'衬衫','','',19,50,'','',0,'',1,0,'',5,0,'','',8),(33,'T恤','','',19,50,'','',0,'',1,0,'',5,0,'','',8),(34,'针织衫','','',19,50,'','',0,'',1,0,'',5,0,'','',8),(35,'小西装','','',19,50,'','',1,'',1,0,'',5,1,'','',8),(36,'帽子','','',22,50,'','',0,'',1,0,'',5,0,'','',8),(37,'腰带','','',22,50,'','',0,'',1,0,'',5,0,'','',8),(38,'手套','','',22,50,'','',0,'',1,0,'',5,0,'','',8),(39,'耳钉','','',23,50,'','',0,'',1,0,'',5,0,'','',8),(40,'发卡','','',23,50,'','',0,'',1,0,'',5,0,'','',8),(41,'项链','','',23,50,'','',0,'',1,0,'',5,0,'','',8),(42,'戒指','','',22,50,'','',0,'',1,0,'',5,0,'','',8),(43,'高跟鞋','','',21,50,'','',0,'',1,0,'',5,0,'','',8),(44,'平底鞋','','',21,50,'','',0,'',1,0,'',5,0,'','',8),(45,'坡跟鞋','','',21,50,'','',0,'',1,0,'',5,0,'','',8),(46,'鱼嘴鞋','','',21,50,'','',0,'',1,0,'',5,0,'','',8),(125,'白酒','','',122,50,'','',0,'',1,0,'',8,0,'','',8),(48,'面部护肤','','',0,50,'','',1,'',1,0,'',6,0,'','',8),(49,'身体护肤','','',0,50,'','',1,'',1,0,'',6,0,'','',8),(121,'眼霜','','',48,50,'','',0,'',1,0,'',6,0,'','',8),(51,'香水彩妆','','',0,50,'','',0,'',1,0,'',6,0,'','',8),(52,'洗发护发','','',0,50,'','',0,'',1,0,'',6,0,'','',8),(53,'洁面乳','','',48,50,'','',0,'',1,0,'',6,0,'','',8),(54,'护发','','',52,50,'','',0,'',1,0,'',6,0,'','',8),(55,'底妆','','',51,50,'','',0,'',1,0,'',6,0,'','',8),(56,'唇部','','',51,50,'','',0,'',1,0,'',6,0,'','',8),(57,'眼部','','',51,50,'','',0,'',1,0,'',6,0,'','',8),(58,'面霜','','',48,50,'','',0,'',1,0,'',6,0,'','',8),(59,'乳液','','',48,50,'','',0,'',1,0,'',6,0,'','',8),(60,'爽肤水','','',48,50,'','',0,'',1,0,'',6,0,'','',8),(61,'喷雾','','',48,50,'','',0,'',1,0,'',6,0,'','',8),(62,'精华','','',48,50,'','',0,'',1,0,'',6,0,'','',8),(63,'防晒/隔离','','',48,50,'','',0,'',1,0,'',6,0,'','',8),(64,'凝露啫喱','','',48,50,'','',0,'',1,0,'',6,0,'','',8),(65,'护肤套装','','',48,50,'','',1,'',1,0,'',6,1,'','',8),(66,'卸妆','','',48,50,'','',0,'',1,0,'',6,0,'','',8),(67,'沐浴','','',49,50,'','',0,'',1,0,'',6,0,'','',8),(68,'面膜','','',48,50,'','',0,'',1,0,'',6,0,'','',8),(69,'颈部','','',49,50,'','',0,'',1,0,'',6,0,'','',8),(70,'纤体塑身','','',49,50,'','',0,'',1,0,'',6,0,'','',8),(71,'补水收缩','','',49,50,'','',0,'',1,0,'',6,0,'','',8),(123,'饮料','','',0,50,'','',0,'',1,0,'',8,0,'','',8),(122,'酒水','','',0,50,'','',0,'',1,0,'',8,0,'','',8),(124,'茗茶','','',0,50,'','',0,'',1,0,'',8,0,'','',8),(76,'套装','','',51,50,'','',0,'',1,0,'',6,0,'','',8),(77,'香水','','',51,50,'','',0,'',1,0,'',6,1,'','',8),(78,'腮红','','',51,50,'','',0,'',1,0,'',6,0,'','',8),(79,'染发','','',52,50,'','',0,'',1,0,'',6,0,'','',8),(80,'造型','','',52,50,'','',0,'',1,0,'',6,0,'','',8),(81,'洗发','','',52,50,'','',1,'',1,0,'',6,1,'','',8),(82,'孕妈装','','',12,50,'','',0,'',1,0,'',2,0,'','',6),(83,'奶瓶水杯','','',12,50,'','',0,'',1,0,'',2,0,'','',6),(84,'宝宝洗护','','',12,50,'','',0,'',1,0,'',2,0,'','',6),(85,'婴儿玩具','','',17,50,'','',0,'',1,0,'',2,0,'','',6),(86,'早教益智','','',17,50,'','',0,'',1,0,'',2,0,'','',6),(87,'爬行健身','','',17,50,'','',0,'',1,0,'',2,0,'','',6),(88,'婴儿奶粉','','',13,50,'','',0,'',1,0,'',2,0,'','',6),(89,'宝宝辅食','','',13,50,'','',0,'',1,0,'',2,0,'','',6),(90,'宝宝零食','','',13,50,'','',0,'',1,0,'',2,0,'','',6),(91,'卧室家具','','',0,50,'','',1,'',1,3,'',7,1,'','',5),(92,'客厅家具','','',0,50,'','',1,'',1,0,'',7,0,'','',6),(93,'精品厨具','','',0,50,'','',1,'',1,0,'',7,0,'','',6),(94,'床品套件','','',0,50,'','',1,'',1,0,'',7,0,'','',6),(95,'窗帘布艺','','',0,50,'','',1,'',1,0,'',7,0,'','',6),(96,'日用清洁','','',0,50,'','',1,'',1,0,'',7,0,'','',6),(97,'床头柜','','',91,50,'','',0,'',1,0,'',7,0,'','',8),(98,'衣柜','','',91,50,'','',0,'',1,0,'',7,0,'','',8),(99,'梳妆台','','',91,50,'','',0,'',1,0,'',7,0,'','',8),(100,'实木床','','',91,50,'','',0,'',1,0,'',7,0,'','',8),(101,'沙发床','','',92,50,'','',0,'',1,0,'',7,0,'','',8),(102,'边桌/茶几','','',92,50,'','',0,'',1,0,'',7,0,'','',8),(103,'鞋柜','','',92,50,'','',0,'',1,0,'',7,0,'','',8),(104,'功能沙发','','',92,50,'','',0,'',1,0,'',7,0,'','',8),(105,'烹饪锅具','','',93,50,'','',0,'',1,0,'',7,0,'','',8),(106,'厨房配件','','',93,50,'','',0,'',1,0,'',7,0,'','',8),(107,'餐具','','',93,50,'','',0,'',1,0,'',7,0,'','',8),(108,'茶具/咖啡杯','','',93,50,'','',0,'',1,0,'',7,0,'','',8),(109,'床品套件','','',94,50,'','',0,'',1,0,'',7,0,'','',8),(110,'床单床垫','','',94,50,'','',0,'',1,0,'',7,0,'','',8),(111,'纯棉四件套','','',94,50,'','',0,'',1,0,'',7,0,'','',8),(112,'记忆枕','','',94,50,'','',0,'',1,0,'',7,0,'','',8),(113,'欧式系类','','',95,50,'','',0,'',1,0,'',7,0,'','',8),(114,'田园系列','','',95,50,'','',0,'',1,0,'',7,0,'','',8),(115,'韩式系列','','',95,50,'','',0,'',1,0,'',7,0,'','',8),(116,'简约现代','','',95,50,'','',0,'',1,0,'',7,0,'','',8),(117,'浴室用品','','',96,50,'','',0,'',1,0,'',7,0,'','',8),(118,'净化除味','','',96,50,'','',0,'',1,0,'',7,0,'','',8),(119,'厨房清洁','','',96,50,'','',0,'',1,0,'',7,0,'','',8),(120,'驱虫用品','','',96,50,'','',0,'',1,0,'',7,0,'','',8),(126,'啤酒','','',122,50,'','',0,'',1,0,'',8,0,'','',8),(127,'葡萄酒','','',122,50,'','',0,'',1,0,'',8,0,'','',8),(128,'黄酒/米酒','','',122,50,'','',0,'',1,0,'',8,0,'','',8),(129,'果蔬汁','','',123,50,'','',0,'',1,0,'',8,1,'','',8),(130,'碳酸饮品','','',123,50,'','',0,'',1,0,'',8,0,'','',8),(131,'纯牛奶','','',123,50,'','',0,'',1,0,'',8,0,'','',8),(132,'酸奶','','',123,50,'','',0,'',1,0,'',8,0,'','',8),(133,'铁观音','','',124,50,'','',0,'',1,0,'',8,0,'','',8),(134,'普洱','','',124,50,'','',0,'',1,0,'',8,0,'','',8),(135,'龙井','','',124,50,'','',0,'',1,0,'',8,0,'','',8),(136,'绿茶','','',124,50,'','',0,'',1,0,'',8,0,'','',8),(137,'红茶','','',124,50,'','',0,'',1,0,'',8,0,'','',8),(138,'咖啡','','',123,50,'','',0,'',1,0,'',8,0,'','',8);
/*!40000 ALTER TABLE `ecs_supplier_category` ENABLE KEYS */;
UNLOCK TABLES;

--
-- Table structure for table `ecs_supplier_goods_cat`
--

DROP TABLE IF EXISTS `ecs_supplier_goods_cat`;
/*!40101 SET @saved_cs_client     = @@character_set_client */;
/*!40101 SET character_set_client = utf8 */;
CREATE TABLE `ecs_supplier_goods_cat` (
  `goods_id` mediumint(8) unsigned NOT NULL DEFAULT '0',
  `cat_id` smallint(5) unsigned NOT NULL DEFAULT '0',
  `supplier_id` int(11) unsigned NOT NULL,
  PRIMARY KEY (`goods_id`,`cat_id`)
) ENGINE=MyISAM DEFAULT CHARSET=utf8;
/*!40101 SET character_set_client = @saved_cs_client */;

--
-- Dumping data for table `ecs_supplier_goods_cat`
--

LOCK TABLES `ecs_supplier_goods_cat` WRITE;
/*!40000 ALTER TABLE `ecs_supplier_goods_cat` DISABLE KEYS */;
INSERT INTO `ecs_supplier_goods_cat` VALUES (1,4,1),(2,4,1),(3,5,1),(4,5,1),(5,8,1),(6,8,1),(7,6,1),(8,10,2),(9,10,2),(10,7,1),(11,7,1),(12,10,2),(13,7,1),(14,7,1),(15,10,2),(16,4,1),(17,10,2),(18,10,2),(19,12,2),(20,4,1),(21,12,2),(22,5,1),(23,5,1),(24,8,1),(25,8,1),(33,26,5),(34,26,5),(35,10,2),(36,26,5),(37,10,2),(38,26,5),(39,10,2),(40,35,5),(41,10,2),(42,35,5),(43,12,2),(44,10,2),(45,35,5),(46,35,5),(47,10,2),(48,10,2),(49,10,2),(49,82,2),(64,63,6),(73,121,6),(77,65,6),(84,60,6),(87,60,6),(98,121,6),(104,53,6),(108,65,6),(111,58,6),(119,91,7),(120,91,7),(129,91,7),(130,91,7),(131,91,7),(132,65,6),(133,68,6),(134,77,6),(135,77,6),(136,56,6),(137,97,7),(138,60,6),(138,62,6),(139,97,7),(140,97,7),(141,121,6),(141,53,6),(141,58,6),(141,60,6),(141,65,6),(142,68,6),(144,77,6),(145,81,6),(146,54,6),(149,76,6),(151,130,8),(152,56,6),(152,57,6),(152,76,6),(152,78,6),(153,81,6),(156,126,8),(157,129,8),(158,81,6),(159,129,8),(160,129,8),(161,54,6),(161,81,6),(163,54,6),(163,81,6),(164,54,6),(164,81,6),(165,129,8),(166,81,6),(167,129,8),(169,77,6),(170,126,8),(171,126,8),(172,126,8),(173,77,6),(174,126,8),(176,126,8),(177,126,8),(178,126,8),(180,126,8),(181,129,8),(182,132,8),(184,132,8),(186,134,8),(187,134,8),(189,134,8),(190,134,8),(193,138,8),(194,138,8),(195,138,8),(196,138,8);
/*!40000 ALTER TABLE `ecs_supplier_goods_cat` ENABLE KEYS */;
UNLOCK TABLES;

--
-- Table structure for table `ecs_supplier_guanzhu`
--

DROP TABLE IF EXISTS `ecs_supplier_guanzhu`;
/*!40101 SET @saved_cs_client     = @@character_set_client */;
/*!40101 SET character_set_client = utf8 */;
CREATE TABLE `ecs_supplier_guanzhu` (
  `id` int(10) unsigned NOT NULL AUTO_INCREMENT,
  `userid` int(10) unsigned NOT NULL DEFAULT '0',
  `supplierid` int(10) unsigned NOT NULL DEFAULT '0',
  `addtime` int(11) unsigned NOT NULL DEFAULT '0',
  PRIMARY KEY (`id`),
  UNIQUE KEY `userid` (`userid`,`supplierid`)
) ENGINE=MyISAM AUTO_INCREMENT=3 DEFAULT CHARSET=utf8;
/*!40101 SET character_set_client = @saved_cs_client */;

--
-- Dumping data for table `ecs_supplier_guanzhu`
--

LOCK TABLES `ecs_supplier_guanzhu` WRITE;
/*!40000 ALTER TABLE `ecs_supplier_guanzhu` DISABLE KEYS */;
INSERT INTO `ecs_supplier_guanzhu` VALUES (1,6,6,1437536537),(2,9,1,1443955864);
/*!40000 ALTER TABLE `ecs_supplier_guanzhu` ENABLE KEYS */;
UNLOCK TABLES;

--
-- Table structure for table `ecs_supplier_money_log`
--

DROP TABLE IF EXISTS `ecs_supplier_money_log`;
/*!40101 SET @saved_cs_client     = @@character_set_client */;
/*!40101 SET character_set_client = utf8 */;
CREATE TABLE `ecs_supplier_money_log` (
  `logid` int(11) NOT NULL AUTO_INCREMENT,
  `rebateid` int(11) unsigned NOT NULL DEFAULT '0' COMMENT '佣金id',
  `addtime` int(11) unsigned NOT NULL COMMENT '添加时间',
  `status` tinyint(1) NOT NULL DEFAULT '1' COMMENT '1:订单分佣,2:撤销分佣,3:佣金提现',
  `reason` varchar(60) NOT NULL COMMENT '日志变动原因',
  `supplier_money` decimal(10,2) NOT NULL COMMENT '资金时刻记录',
  `doman` varchar(30) NOT NULL COMMENT '操作人',
  `supplier_id` int(11) unsigned NOT NULL DEFAULT '0' COMMENT '入驻商id',
  PRIMARY KEY (`logid`)
) ENGINE=MyISAM DEFAULT CHARSET=utf8;
/*!40101 SET character_set_client = @saved_cs_client */;

--
-- Dumping data for table `ecs_supplier_money_log`
--

LOCK TABLES `ecs_supplier_money_log` WRITE;
/*!40000 ALTER TABLE `ecs_supplier_money_log` DISABLE KEYS */;
/*!40000 ALTER TABLE `ecs_supplier_money_log` ENABLE KEYS */;
UNLOCK TABLES;

--
-- Table structure for table `ecs_supplier_nav`
--

DROP TABLE IF EXISTS `ecs_supplier_nav`;
/*!40101 SET @saved_cs_client     = @@character_set_client */;
/*!40101 SET character_set_client = utf8 */;
CREATE TABLE `ecs_supplier_nav` (
  `id` mediumint(8) NOT NULL AUTO_INCREMENT,
  `ctype` varchar(10) DEFAULT NULL,
  `cid` smallint(5) unsigned DEFAULT NULL,
  `name` varchar(255) NOT NULL,
  `ifshow` tinyint(1) NOT NULL,
  `vieworder` tinyint(1) NOT NULL,
  `opennew` tinyint(1) NOT NULL,
  `url` varchar(255) NOT NULL,
  `type` varchar(10) NOT NULL,
  `supplier_id` int(10) unsigned NOT NULL DEFAULT '0',
  PRIMARY KEY (`id`),
  KEY `type` (`type`),
  KEY `ifshow` (`ifshow`)
) ENGINE=MyISAM AUTO_INCREMENT=31 DEFAULT CHARSET=utf8;
/*!40101 SET character_set_client = @saved_cs_client */;

--
-- Dumping data for table `ecs_supplier_nav`
--

LOCK TABLES `ecs_supplier_nav` WRITE;
/*!40000 ALTER TABLE `ecs_supplier_nav` DISABLE KEYS */;
INSERT INTO `ecs_supplier_nav` VALUES (1,'c',0,'真皮公主鞋',1,2,0,'supplier.php?go=category&amp;suppId=2&amp;id=10','middle',2),(2,'c',0,'车床玩具',1,4,0,'supplier.php?go=category&amp;suppId=2&amp;id=11','middle',2),(3,'c',0,'孕婴用品',1,6,0,'supplier.php?go=category&amp;suppId=2&amp;id=12','middle',2),(4,'c',0,'宝宝营养',1,8,0,'supplier.php?go=category&amp;suppId=2&amp;id=13','middle',2),(5,'c',0,'车床玩具',1,10,0,'supplier.php?go=category&amp;suppId=2&amp;id=17','middle',2),(8,'c',2,'国产时令',1,2,0,'supplier.php?go=category&amp;suppId=1&amp;id=2','middle',1),(9,'c',1,'进口鲜果',1,4,0,'supplier.php?go=category&amp;suppId=1&amp;id=1','middle',1),(10,'c',3,'海鲜肉类',1,6,0,'supplier.php?go=category&amp;suppId=1&amp;id=3','middle',1),(11,'c',22,'配件',1,2,0,'supplier.php?go=category&amp;suppId=5&amp;id=22','middle',5),(12,'c',19,'上装',1,4,0,'supplier.php?go=category&amp;suppId=5&amp;id=19','middle',5),(13,'c',20,'下装',1,6,0,'supplier.php?go=category&amp;suppId=5&amp;id=20','middle',5),(14,'c',21,'鞋子',1,8,0,'supplier.php?go=category&amp;suppId=5&amp;id=21','middle',5),(15,'c',18,'裙装',0,10,0,'supplier.php?go=category&amp;suppId=5&amp;id=18','middle',5),(16,'c',26,'连衣裙',1,12,0,'supplier.php?go=category&amp;suppId=5&amp;id=26','middle',5),(17,'c',27,'公主裙',1,14,0,'supplier.php?go=category&amp;suppId=5&amp;id=27','middle',5),(18,'c',47,'面部清洁',1,2,0,'supplier.php?go=category&amp;suppId=6&amp;id=47','middle',6),(19,'c',48,'面部护肤',1,4,0,'supplier.php?go=category&amp;suppId=6&amp;id=48','middle',6),(20,'c',50,'眼部护理',1,6,0,'supplier.php?go=category&amp;suppId=6&amp;id=50','middle',6),(21,'c',49,'身体护肤',1,8,0,'supplier.php?go=category&amp;suppId=6&amp;id=49','middle',6),(22,'c',35,'小西装',1,16,0,'supplier.php?go=category&amp;suppId=5&amp;id=35','middle',5),(23,'c',0,'卧室家具',1,2,0,'supplier.php?go=category&amp;suppId=7&amp;id=91','middle',7),(24,'c',0,'客厅家具',1,4,0,'supplier.php?go=category&amp;suppId=7&amp;id=92','middle',7),(25,'c',0,'精品厨具',1,6,0,'supplier.php?go=category&amp;suppId=7&amp;id=93','middle',7),(26,'c',0,'床品套件',1,8,0,'supplier.php?go=category&amp;suppId=7&amp;id=94','middle',7),(27,'c',0,'窗帘布艺',1,10,0,'supplier.php?go=category&amp;suppId=7&amp;id=95','middle',7),(28,'c',0,'日用清洁',1,12,0,'supplier.php?go=category&amp;suppId=7&amp;id=96','middle',7),(29,'c',65,'护肤套装',1,10,0,'supplier.php?go=category&amp;suppId=6&amp;id=65','middle',6),(30,'c',81,'洗发',1,12,0,'supplier.php?go=category&amp;suppId=6&amp;id=81','middle',6);
/*!40000 ALTER TABLE `ecs_supplier_nav` ENABLE KEYS */;
UNLOCK TABLES;

--
-- Table structure for table `ecs_supplier_rank`
--

DROP TABLE IF EXISTS `ecs_supplier_rank`;
/*!40101 SET @saved_cs_client     = @@character_set_client */;
/*!40101 SET character_set_client = utf8 */;
CREATE TABLE `ecs_supplier_rank` (
  `rank_id` tinyint(3) unsigned NOT NULL AUTO_INCREMENT,
  `rank_name` varchar(30) NOT NULL DEFAULT '',
  `sort_order` tinyint(3) unsigned NOT NULL DEFAULT '50',
  PRIMARY KEY (`rank_id`)
) ENGINE=MyISAM AUTO_INCREMENT=4 DEFAULT CHARSET=utf8;
/*!40101 SET character_set_client = @saved_cs_client */;

--
-- Dumping data for table `ecs_supplier_rank`
--

LOCK TABLES `ecs_supplier_rank` WRITE;
/*!40000 ALTER TABLE `ecs_supplier_rank` DISABLE KEYS */;
INSERT INTO `ecs_supplier_rank` VALUES (1,'初级店铺',50),(2,'中级店铺',40),(3,'高级店铺',30);
/*!40000 ALTER TABLE `ecs_supplier_rank` ENABLE KEYS */;
UNLOCK TABLES;

--
-- Table structure for table `ecs_supplier_rebate`
--

DROP TABLE IF EXISTS `ecs_supplier_rebate`;
/*!40101 SET @saved_cs_client     = @@character_set_client */;
/*!40101 SET character_set_client = utf8 */;
CREATE TABLE `ecs_supplier_rebate` (
  `rebate_id` int(10) unsigned NOT NULL AUTO_INCREMENT,
  `rebate_paytime_start` int(10) unsigned NOT NULL,
  `rebate_paytime_end` int(10) unsigned NOT NULL,
  `supplier_id` int(10) unsigned NOT NULL,
  `is_pay_ok` tinyint(1) unsigned NOT NULL DEFAULT '0',
  `pay_type` varchar(100) NOT NULL DEFAULT '',
  `pay_time` int(10) unsigned NOT NULL,
  `remark` varchar(255) NOT NULL DEFAULT '',
  `admin_user` varchar(100) NOT NULL,
  `rebate_all` decimal(10,2) NOT NULL DEFAULT '0.00' COMMENT '调整的货款',
  `rebate_money` decimal(10,2) NOT NULL DEFAULT '0.00' COMMENT '调整的佣金',
  `payable_price` decimal(10,2) DEFAULT '0.00' COMMENT '应付货款',
  `rebate_img` varchar(255) NOT NULL DEFAULT '' COMMENT '汇款凭证图片路径',
  `status` tinyint(2) DEFAULT '0' COMMENT '状态(0:冻结,1:可结算佣金,2:等待入驻商确认,3:等待付款,4:结算完成)',
  PRIMARY KEY (`rebate_id`),
  KEY `cat_type` (`rebate_paytime_end`),
  KEY `supplier_id` (`supplier_id`)
) ENGINE=MyISAM AUTO_INCREMENT=5 DEFAULT CHARSET=utf8;
/*!40101 SET character_set_client = @saved_cs_client */;

--
-- Dumping data for table `ecs_supplier_rebate`
--

LOCK TABLES `ecs_supplier_rebate` WRITE;
/*!40000 ALTER TABLE `ecs_supplier_rebate` DISABLE KEYS */;
INSERT INTO `ecs_supplier_rebate` VALUES (1,1437724800,1438329599,1,0,'',0,'','',0.00,0.00,0.00,'',0),(2,1437724800,1438329599,2,0,'',0,'','',0.00,0.00,0.00,'',0),(3,1443513600,1443599999,8,0,'',0,'','',0.00,0.00,0.00,'',0),(4,1443600000,1451548799,8,0,'',0,'','',0.00,0.00,0.00,'',0);
/*!40000 ALTER TABLE `ecs_supplier_rebate` ENABLE KEYS */;
UNLOCK TABLES;

--
-- Table structure for table `ecs_supplier_rebate_log`
--

DROP TABLE IF EXISTS `ecs_supplier_rebate_log`;
/*!40101 SET @saved_cs_client     = @@character_set_client */;
/*!40101 SET character_set_client = utf8 */;
CREATE TABLE `ecs_supplier_rebate_log` (
  `logid` int(10) NOT NULL AUTO_INCREMENT,
  `rebateid` int(10) NOT NULL DEFAULT '0' COMMENT '佣金id',
  `username` char(30) NOT NULL DEFAULT '' COMMENT '操作人',
  `type` tinyint(1) NOT NULL DEFAULT '0' COMMENT '事件类型',
  `typedec` varchar(30) NOT NULL DEFAULT '' COMMENT '事件说明',
  `contents` varchar(100) NOT NULL DEFAULT '' COMMENT '操作内容',
  `addtime` int(10) NOT NULL DEFAULT '0' COMMENT '添加时间',
  PRIMARY KEY (`logid`)
) ENGINE=MyISAM DEFAULT CHARSET=utf8;
/*!40101 SET character_set_client = @saved_cs_client */;

--
-- Dumping data for table `ecs_supplier_rebate_log`
--

LOCK TABLES `ecs_supplier_rebate_log` WRITE;
/*!40000 ALTER TABLE `ecs_supplier_rebate_log` DISABLE KEYS */;
/*!40000 ALTER TABLE `ecs_supplier_rebate_log` ENABLE KEYS */;
UNLOCK TABLES;

--
-- Table structure for table `ecs_supplier_shop_config`
--

DROP TABLE IF EXISTS `ecs_supplier_shop_config`;
/*!40101 SET @saved_cs_client     = @@character_set_client */;
/*!40101 SET character_set_client = utf8 */;
CREATE TABLE `ecs_supplier_shop_config` (
  `id` int(10) unsigned NOT NULL DEFAULT '0',
  `parent_id` smallint(5) unsigned NOT NULL DEFAULT '0',
  `code` varchar(30) NOT NULL DEFAULT '',
  `type` varchar(10) NOT NULL DEFAULT '',
  `store_range` varchar(255) NOT NULL DEFAULT '',
  `store_dir` varchar(255) NOT NULL DEFAULT '',
  `value` text NOT NULL,
  `sort_order` tinyint(3) unsigned NOT NULL DEFAULT '1',
  `supplier_id` int(10) unsigned NOT NULL DEFAULT '0',
  PRIMARY KEY (`id`,`supplier_id`),
  KEY `parent_id` (`parent_id`)
) ENGINE=MyISAM DEFAULT CHARSET=utf8;
/*!40101 SET character_set_client = @saved_cs_client */;

--
-- Dumping data for table `ecs_supplier_shop_config`
--

LOCK TABLES `ecs_supplier_shop_config` WRITE;
/*!40000 ALTER TABLE `ecs_supplier_shop_config` DISABLE KEYS */;
INSERT INTO `ecs_supplier_shop_config` VALUES (1,0,'shop_info','group','','','',1,1),(2,0,'hidden','hidden','','','',1,1),(8,0,'sms','group','','','',1,1),(101,1,'shop_name','text','','','天天果园旗舰店',1,1),(102,1,'shop_title','text','','','天天果园旗舰店',1,1),(103,1,'shop_desc','hidden','','','商家店铺描述',1,1),(104,1,'shop_keywords','text','','','水果,生鲜,天天果园,果园,天天',1,1),(105,1,'shop_country','manual','','','1',1,1),(106,1,'shop_province','manual','','','10',1,1),(107,1,'shop_city','manual','','','145',1,1),(108,1,'shop_address','text','','','天天果园基地',1,1),(109,1,'qq','text','','','800007396',1,1),(110,1,'ww','text','','','',1,1),(111,1,'skype','hidden','','','',1,1),(112,1,'ym','hidden','','','',1,1),(113,1,'msn','hidden','','','',1,1),(114,1,'service_email','text','','','anan@qq.com',1,1),(115,1,'service_phone','text','','','03350785268',1,1),(116,1,'shop_closed','select','0,1','','0',1,1),(117,1,'close_comment','hidden','','','',1,1),(118,1,'shop_logo','file','','../themes/{$template}/images/','/data/supplier/logo/logo_supplier1.jpg',1,1),(119,1,'licensed','hidden','0,1','','1',1,1),(120,1,'user_notice','hidden','','','用户中心公告！',1,1),(121,1,'shop_notice','textarea','','','商家店铺介绍:欢迎光临手机网,我们的宗旨：诚信经营、服务客户！\r\n<MARQUEE onmouseover=this.stop() onmouseout=this.start() \r\nscrollAmount=3><U><FONT color=red>\r\n<P>咨询电话010-10124444  010-21252454 8465544</P></FONT></U></MARQUEE>',1,1),(122,1,'shop_reg_closed','hidden','1,0','','0',1,1),(123,1,'shop_index_num','textarea','','','4\r\n3\r\n8',1,1),(124,1,'shop_search_price','textarea','','','0-50元\r\n51-100元\r\n101-1000元',1,1),(125,1,'close_comment','textarea','','','该店铺正在装修',1,1),(201,2,'shop_header_color','hidden','','','#66A232',1,1),(202,2,'shop_header_text','hidden','','','<p style=\"text-align: center;\"><img src=\"http://www.xjd.test/includes/ueditor/php/../../../bdimages/upload1/20150722/1437528317548483.gif\" title=\"banner.gif\"/></p>',1,1),(203,2,'template','hidden','','','dianpu3',1,1),(204,2,'stylename','hidden','','','',1,1),(205,2,'flash_theme','hidden','','','anan1',1,1),(801,8,'sms_shop_mobile','text','','','',1,1),(802,8,'sms_order_placed','select','1,0','','0',0,1),(803,8,'sms_order_payed','select','1,0','','0',1,1),(804,8,'sms_order_shipped','select','1,0','','0',1,1),(1,0,'shop_info','group','','','',1,2),(2,0,'hidden','hidden','','','',1,2),(8,0,'sms','group','','','',1,2),(101,1,'shop_name','text','','','小金蛋母婴旗舰店',1,2),(102,1,'shop_title','text','','','小金蛋母婴旗舰店',1,2),(103,1,'shop_desc','hidden','','','商家店铺描述',1,2),(104,1,'shop_keywords','text','','','小金蛋',1,2),(105,1,'shop_country','manual','','','1',1,2),(106,1,'shop_province','manual','','','2',1,2),(107,1,'shop_city','manual','','','52',1,2),(108,1,'shop_address','text','','','平安大街169号',1,2),(109,1,'qq','text','','','800007396',1,2),(110,1,'ww','text','','','ecshop模板中心',1,2),(111,1,'skype','hidden','','','',1,2),(112,1,'ym','hidden','','','',1,2),(113,1,'msn','hidden','','','',1,2),(114,1,'service_email','text','','','68ecshop@qq.com',1,2),(115,1,'service_phone','text','','','400-078-5268',1,2),(116,1,'shop_closed','select','0,1','','0',1,2),(117,1,'close_comment','hidden','','','',1,2),(118,1,'shop_logo','file','','../themes/{$template}/images/','/data/supplier/logo/logo_supplier2.jpg',1,2),(119,1,'licensed','hidden','0,1','','1',1,2),(120,1,'user_notice','hidden','','','用户中心公告！',1,2),(121,1,'shop_notice','textarea','','','商家店铺介绍:欢迎光临手机网,我们的宗旨：诚信经营、服务客户！\r\n<MARQUEE onmouseover=this.stop() onmouseout=this.start() \r\nscrollAmount=3><U><FONT color=red>\r\n<P>咨询电话：010-10124444  010-21252454 8465544</P></FONT></U></MARQUEE>',1,2),(122,1,'shop_reg_closed','hidden','1,0','','0',1,2),(123,1,'shop_index_num','textarea','','','6\r\n6\r\n6',1,2),(124,1,'shop_search_price','textarea','','','0-1000元\r\n1000-2000元\r\n2000-4000元',1,2),(125,1,'close_comment','textarea','','','该店铺正在装修',1,2),(201,2,'shop_header_color','hidden','','','#E4368F',1,2),(202,2,'shop_header_text','hidden','','','<p><img src=\"http://www.xjd.test/includes/ueditor/php/../../../bdimages/upload1/20150722/1437546125294767.jpg\" title=\"xiaojindan.jpg\"/></p>',1,2),(203,2,'template','hidden','','','dianpu5',1,2),(204,2,'stylename','hidden','','','',1,2),(205,2,'flash_theme','hidden','','','68ecshopyy2',1,2),(801,8,'sms_shop_mobile','text','','','',1,2),(802,8,'sms_order_placed','select','1,0','','1',0,2),(803,8,'sms_order_payed','select','1,0','','1',1,2),(804,8,'sms_order_shipped','select','1,0','','1',1,2),(1,0,'shop_info','group','','','',1,5),(2,0,'hidden','hidden','','','',1,5),(8,0,'sms','group','','','',1,5),(101,1,'shop_name','text','','','L&L',1,5),(102,1,'shop_title','text','','','L&L',1,5),(103,1,'shop_desc','hidden','','','商家店铺描述',1,5),(104,1,'shop_keywords','text','','','女装',1,5),(105,1,'shop_country','manual','','','1',1,5),(106,1,'shop_province','manual','','','2',1,5),(107,1,'shop_city','manual','','','52',1,5),(108,1,'shop_address','text','','','西城区',1,5),(109,1,'qq','text','','','2697133333',1,5),(110,1,'ww','text','','','ecshop模板中心',1,5),(111,1,'skype','hidden','','','',1,5),(112,1,'ym','hidden','','','',1,5),(113,1,'msn','hidden','','','',1,5),(114,1,'service_email','text','','','',1,5),(115,1,'service_phone','text','','','400-078-5268',1,5),(116,1,'shop_closed','select','0,1','','0',1,5),(117,1,'close_comment','hidden','','','',1,5),(118,1,'shop_logo','file','','../themes/{$template}/images/','/data/supplier/logo/logo_supplier5.jpg',1,5),(119,1,'licensed','hidden','0,1','','1',1,5),(120,1,'user_notice','hidden','','','用户中心公告！',1,5),(121,1,'shop_notice','textarea','','','商家店铺介绍:欢迎光临手机网,我们的宗旨：诚信经营、服务客户！\r\n<MARQUEE onmouseover=this.stop() onmouseout=this.start() \r\nscrollAmount=3><U><FONT color=red>\r\n<P>咨询电话010-10124444  010-21252454 8465544</P></FONT></U></MARQUEE>',1,5),(122,1,'shop_reg_closed','hidden','1,0','','0',1,5),(123,1,'shop_index_num','textarea','','','5\r\n4\r\n4',1,5),(124,1,'shop_search_price','textarea','','','0-1000元\r\n1000-2000元\r\n2000-4000元',1,5),(125,1,'close_comment','textarea','','','该店铺正在装修',1,5),(201,2,'shop_header_color','hidden','','','#FF7197',1,5),(202,2,'shop_header_text','hidden','','','<p style=\"text-align: center;\"><img src=\"http://www.xjd.test/includes/ueditor/php/../../../bdimages/upload1/20150722/1437533899487593.gif\" title=\"TB2qKLRdFXXXXaRXXXXXXXXXXXX_!!94395476.gif\"/></p>',1,5),(203,2,'template','hidden','','','dianpu1',1,5),(204,2,'stylename','hidden','','','',1,5),(205,2,'flash_theme','hidden','','','leilei5',1,5),(801,8,'sms_shop_mobile','text','','','',1,5),(802,8,'sms_order_placed','select','1,0','','0',0,5),(803,8,'sms_order_payed','select','1,0','','0',1,5),(804,8,'sms_order_shipped','select','1,0','','0',1,5),(1,0,'shop_info','group','','','',1,6),(2,0,'hidden','hidden','','','',1,6),(8,0,'sms','group','','','',1,6),(101,1,'shop_name','text','','','伊人化妆品专卖店',1,6),(102,1,'shop_title','text','','','伊人化妆品专卖店',1,6),(103,1,'shop_desc','hidden','','','商家店铺描述',1,6),(104,1,'shop_keywords','text','','','伊人化妆品 护肤 防晒',1,6),(105,1,'shop_country','manual','','','1',1,6),(106,1,'shop_province','manual','','','10',1,6),(107,1,'shop_city','manual','','','145',1,6),(108,1,'shop_address','text','','','河北大街192号',1,6),(109,1,'qq','text','','','27821006',1,6),(110,1,'ww','text','','','640989032',1,6),(111,1,'skype','hidden','','','',1,6),(112,1,'ym','hidden','','','',1,6),(113,1,'msn','hidden','','','',1,6),(114,1,'service_email','text','','','',1,6),(115,1,'service_phone','text','','','',1,6),(116,1,'shop_closed','select','0,1','','0',1,6),(117,1,'close_comment','hidden','','','',1,6),(118,1,'shop_logo','file','','../themes/{$template}/images/','/data/supplier/logo/logo_supplier6.jpg',1,6),(119,1,'licensed','hidden','0,1','','1',1,6),(120,1,'user_notice','hidden','','','用户中心公告！',1,6),(121,1,'shop_notice','textarea','','','商家店铺介绍:欢迎光临手机网,我们的宗旨：诚信经营、服务客户！\r\n<MARQUEE onmouseover=this.stop() onmouseout=this.start() \r\nscrollAmount=3><U><FONT color=red>\r\n<P>咨询电话010-10124444  010-21252454 8465544</P></FONT></U></MARQUEE>',1,6),(122,1,'shop_reg_closed','hidden','1,0','','0',1,6),(123,1,'shop_index_num','textarea','','','8\r\n6\r\n4',1,6),(124,1,'shop_search_price','textarea','','','0-1000元\r\n1000-2000元\r\n2000-4000元',1,6),(125,1,'close_comment','textarea','','','该店铺正在装修',1,6),(201,2,'shop_header_color','hidden','','','#E4368F',1,6),(202,2,'shop_header_text','hidden','','','<p>\r\n    <img src=\"http://www.xjd.test/includes/ueditor/php/../../../bdimages/upload1/20150722/1437544163106357.jpg\" title=\"1.jpg\"/>\r\n</p>',1,6),(203,2,'template','hidden','','','dianpu4',1,6),(204,2,'stylename','hidden','','','',1,6),(205,2,'flash_theme','hidden','','','yiren6',1,6),(801,8,'sms_shop_mobile','text','','','',1,6),(802,8,'sms_order_placed','select','1,0','','0',0,6),(803,8,'sms_order_payed','select','1,0','','0',1,6),(804,8,'sms_order_shipped','select','1,0','','0',1,6),(1,0,'shop_info','group','','','',1,7),(2,0,'hidden','hidden','','','',1,7),(8,0,'sms','group','','','',1,7),(101,1,'shop_name','text','','','金星家纺',1,7),(102,1,'shop_title','text','','','金星家纺旗舰店',1,7),(103,1,'shop_desc','hidden','','','商家店铺描述',1,7),(104,1,'shop_keywords','text','','','金星家纺',1,7),(105,1,'shop_country','manual','','','1',1,7),(106,1,'shop_province','manual','','','25',1,7),(107,1,'shop_city','manual','','','321',1,7),(108,1,'shop_address','text','','','浦东新区',1,7),(109,1,'qq','text','','','800007396',1,7),(110,1,'ww','text','','','ecshop模板中心',1,7),(111,1,'skype','hidden','','','',1,7),(112,1,'ym','hidden','','','',1,7),(113,1,'msn','hidden','','','',1,7),(114,1,'service_email','text','','','68ecshop@qq.com',1,7),(115,1,'service_phone','text','','','400-078-5268',1,7),(116,1,'shop_closed','select','0,1','','0',1,7),(117,1,'close_comment','hidden','','','',1,7),(118,1,'shop_logo','file','','../themes/{$template}/images/','/data/supplier/logo/logo_supplier7.jpg',1,7),(119,1,'licensed','hidden','0,1','','1',1,7),(120,1,'user_notice','hidden','','','用户中心公告！',1,7),(121,1,'shop_notice','textarea','','','商家店铺介绍:欢迎光临手机网,我们的宗旨：诚信经营、服务客户！\r\n<MARQUEE onmouseover=this.stop() onmouseout=this.start() \r\nscrollAmount=3><U><FONT color=red>\r\n<P>咨询电话010-10124444  010-21252454 8465544</P></FONT></U></MARQUEE>',1,7),(122,1,'shop_reg_closed','hidden','1,0','','0',1,7),(123,1,'shop_index_num','textarea','','','5\r\n5\r\n5',1,7),(124,1,'shop_search_price','textarea','','','0-1000元\r\n1000-2000元\r\n2000-4000元',1,7),(125,1,'close_comment','textarea','','','该店铺正在装修',1,7),(201,2,'shop_header_color','hidden','','','#9956AC',1,7),(202,2,'shop_header_text','hidden','','','<p><img src=\"http://www.xjd.test/includes/ueditor/php/../../../bdimages/upload1/20150722/1437550216834386.jpg\" title=\"jinxing.jpg\"/></p>',1,7),(203,2,'template','hidden','','','dianpu2',1,7),(204,2,'stylename','hidden','','','',1,7),(205,2,'flash_theme','hidden','','','liuyu7',1,7),(801,8,'sms_shop_mobile','text','','','',1,7),(802,8,'sms_order_placed','select','1,0','','1',0,7),(803,8,'sms_order_payed','select','1,0','','1',1,7),(804,8,'sms_order_shipped','select','1,0','','1',1,7),(1,0,'shop_info','group','','','',1,8),(2,0,'hidden','hidden','','','',1,8),(8,0,'sms','group','','','',1,8),(101,1,'shop_name','text','','','Liza',1,8),(102,1,'shop_title','text','','','Liza',1,8),(103,1,'shop_desc','hidden','','','商家店铺描述',1,8),(104,1,'shop_keywords','text','','','酒水,饮料',1,8),(105,1,'shop_country','manual','','','1',1,8),(106,1,'shop_province','manual','','','6',1,8),(107,1,'shop_city','manual','','','77',1,8),(108,1,'shop_address','text','','','111111',1,8),(109,1,'qq','text','','','2658392049',1,8),(110,1,'ww','text','','','',1,8),(111,1,'skype','hidden','','','',1,8),(112,1,'ym','hidden','','','',1,8),(113,1,'msn','hidden','','','',1,8),(114,1,'service_email','text','','','',1,8),(115,1,'service_phone','text','','','',1,8),(116,1,'shop_closed','select','0,1','','0',1,8),(117,1,'close_comment','hidden','','','',1,8),(118,1,'shop_logo','file','','../themes/{$template}/images/','/data/supplier/logo/logo_supplier8.jpg',1,8),(119,1,'licensed','hidden','0,1','','1',1,8),(120,1,'user_notice','hidden','','','用户中心公告！',1,8),(121,1,'shop_notice','textarea','','','',1,8),(122,1,'shop_reg_closed','hidden','1,0','','0',1,8),(123,1,'shop_index_num','textarea','','','3\r\n3\r\n3',1,8),(124,1,'shop_search_price','textarea','','','0-1000元\r\n1000-2000元\r\n2000-4000元',1,8),(125,1,'close_comment','textarea','','','该店铺正在装修',1,8),(201,2,'shop_header_color','hidden','','','#0066C0',1,8),(202,2,'shop_header_text','hidden','','','<p style=\"text-align: center;\"><img src=\"http://www.xjd.test/includes/ueditor/php/../../../bdimages/upload1/20150722/1437558355130906.jpg\" title=\"CgQIzVWSJkiARmbyAAKJG1Rks_447900.jpg\"/></p>',1,8),(203,2,'template','hidden','','','dianpu6',1,8),(204,2,'stylename','hidden','','','',1,8),(205,2,'flash_theme','hidden','','','liza8',1,8),(801,8,'sms_shop_mobile','text','','','',1,8),(802,8,'sms_order_placed','select','1,0','','0',0,8),(803,8,'sms_order_payed','select','1,0','','0',1,8),(804,8,'sms_order_shipped','select','1,0','','0',1,8),(123,1,'shop_index_num','textarea','','','8\r\n6\r\n4',1,4),(122,1,'shop_reg_closed','hidden','1,0','','0',1,4),(121,1,'shop_notice','textarea','','','商家店铺介绍:欢迎光临手机网,我们的宗旨：诚信经营、服务客户！\r\n<MARQUEE onmouseover=this.stop() onmouseout=this.start() \r\nscrollAmount=3><U><FONT color=red>\r\n<P>咨询电话010-10124444  010-21252454 8465544</P></FONT></U></MARQUEE>',1,4),(120,1,'user_notice','hidden','','','用户中心公告！',1,4),(119,1,'licensed','hidden','0,1','','1',1,4),(118,1,'shop_logo','file','','../themes/{$template}/images/','',1,4),(117,1,'close_comment','hidden','','','',1,4),(116,1,'shop_closed','select','0,1','','0',1,4),(115,1,'service_phone','text','','','',1,4),(108,1,'shop_address','text','','','',1,4),(109,1,'qq','text','','','',1,4),(110,1,'ww','text','','','',1,4),(111,1,'skype','hidden','','','',1,4),(112,1,'ym','hidden','','','',1,4),(113,1,'msn','hidden','','','',1,4),(114,1,'service_email','text','','','',1,4),(107,1,'shop_city','manual','','','0',1,4),(106,1,'shop_province','manual','','','0',1,4),(105,1,'shop_country','manual','','','1',1,4),(104,1,'shop_keywords','text','','','商家店铺关键字',1,4),(103,1,'shop_desc','hidden','','','商家店铺描述',1,4),(102,1,'shop_title','text','','','商家店铺标题',1,4),(101,1,'shop_name','text','','','商家店铺名称',1,4),(8,0,'sms','group','','','',1,4),(2,0,'hidden','hidden','','','',1,4),(1,0,'shop_info','group','','','',1,4),(124,1,'shop_search_price','textarea','','','0-1000元\r\n1000-2000元\r\n2000-4000元',1,4),(125,1,'close_comment','textarea','','','该店铺正在装修',1,4),(201,2,'shop_header_color','hidden','','','#E4368F',1,4),(202,2,'shop_header_text','hidden','','','请上传logo和banner',1,4),(203,2,'template','hidden','','','dianpu',1,4),(204,2,'stylename','hidden','','','',1,4),(205,2,'flash_theme','hidden','','','admin84',1,4),(801,8,'sms_shop_mobile','text','','','',1,4),(802,8,'sms_order_placed','select','1,0','','0',0,4),(803,8,'sms_order_payed','select','1,0','','0',1,4),(804,8,'sms_order_shipped','select','1,0','','0',1,4);
/*!40000 ALTER TABLE `ecs_supplier_shop_config` ENABLE KEYS */;
UNLOCK TABLES;

--
-- Table structure for table `ecs_supplier_street`
--

DROP TABLE IF EXISTS `ecs_supplier_street`;
/*!40101 SET @saved_cs_client     = @@character_set_client */;
/*!40101 SET character_set_client = utf8 */;
CREATE TABLE `ecs_supplier_street` (
  `supplier_id` mediumint(8) unsigned NOT NULL COMMENT '店铺id',
  `supplier_type` tinyint(1) unsigned NOT NULL DEFAULT '0' COMMENT '店铺类型',
  `supplier_name` varchar(255) NOT NULL COMMENT '店铺名称',
  `supplier_title` varchar(255) NOT NULL COMMENT '店铺标题',
  `supplier_desc` text NOT NULL COMMENT '店铺描述',
  `supplier_tags` varchar(255) NOT NULL COMMENT '店铺标签',
  `logo` varchar(255) NOT NULL COMMENT '店铺图标',
  `is_groom` tinyint(3) unsigned NOT NULL DEFAULT '0' COMMENT '是否推荐',
  `is_show` tinyint(3) unsigned NOT NULL DEFAULT '0' COMMENT '是否显示',
  `sort_order` tinyint(1) unsigned NOT NULL DEFAULT '50' COMMENT '排列顺序',
  `supplier_notice` text NOT NULL COMMENT '审核通知',
  `status` tinyint(1) NOT NULL DEFAULT '0' COMMENT '审核状态',
  `add_time` int(10) NOT NULL DEFAULT '0' COMMENT '申请添加时间',
  UNIQUE KEY `supplier_id` (`supplier_id`)
) ENGINE=MyISAM DEFAULT CHARSET=utf8;
/*!40101 SET character_set_client = @saved_cs_client */;

--
-- Dumping data for table `ecs_supplier_street`
--

LOCK TABLES `ecs_supplier_street` WRITE;
/*!40000 ALTER TABLE `ecs_supplier_street` DISABLE KEYS */;
INSERT INTO `ecs_supplier_street` VALUES (1,7,'天天果园','天天果园','每天都给您一点新鲜','生态','/data/street_logo/supplier1/original1_220x220.jpg',1,1,50,'已经通过审核！',1,1437698700),(7,4,'金星家纺','平分秋色','色彩与艺术','高端','/data/street_logo/supplier7/original7_220x220.jpg',1,1,50,'已经通过审核！',1,1437698892),(5,2,'L&amp;L','色彩与艺术','色彩与艺术','时尚','/data/street_logo/supplier5/original5_220x220.jpg',1,1,10,'已经通过审核！',1,1437698932),(6,6,'伊人化妆','伊人化妆','色彩与艺术','色彩','/data/street_logo/supplier6/original6_220x220.jpg',1,1,50,'已经通过审核！',1,1437699102),(2,5,'小金蛋','遇见春天的你','遇见春天的你','甜美','/data/street_logo/supplier2/original2_220x220.jpg',1,1,50,'已经通过审核！',1,1437699506);
/*!40000 ALTER TABLE `ecs_supplier_street` ENABLE KEYS */;
UNLOCK TABLES;

--
-- Table structure for table `ecs_supplier_tag`
--

DROP TABLE IF EXISTS `ecs_supplier_tag`;
/*!40101 SET @saved_cs_client     = @@character_set_client */;
/*!40101 SET character_set_client = utf8 */;
CREATE TABLE `ecs_supplier_tag` (
  `tag_id` int(11) unsigned NOT NULL AUTO_INCREMENT,
  `tag_name` varchar(30) NOT NULL DEFAULT '',
  `is_groom` tinyint(2) unsigned NOT NULL DEFAULT '0' COMMENT '是否首页热门店铺推荐',
  `sort_order` tinyint(3) unsigned NOT NULL DEFAULT '50',
  PRIMARY KEY (`tag_id`)
) ENGINE=MyISAM DEFAULT CHARSET=utf8;
/*!40101 SET character_set_client = @saved_cs_client */;

--
-- Dumping data for table `ecs_supplier_tag`
--

LOCK TABLES `ecs_supplier_tag` WRITE;
/*!40000 ALTER TABLE `ecs_supplier_tag` DISABLE KEYS */;
/*!40000 ALTER TABLE `ecs_supplier_tag` ENABLE KEYS */;
UNLOCK TABLES;

--
-- Table structure for table `ecs_supplier_tag_map`
--

DROP TABLE IF EXISTS `ecs_supplier_tag_map`;
/*!40101 SET @saved_cs_client     = @@character_set_client */;
/*!40101 SET character_set_client = utf8 */;
CREATE TABLE `ecs_supplier_tag_map` (
  `tag_id` int(11) unsigned NOT NULL,
  `supplier_id` int(10) unsigned NOT NULL DEFAULT '0',
  PRIMARY KEY (`tag_id`,`supplier_id`)
) ENGINE=MyISAM DEFAULT CHARSET=utf8;
/*!40101 SET character_set_client = @saved_cs_client */;

--
-- Dumping data for table `ecs_supplier_tag_map`
--

LOCK TABLES `ecs_supplier_tag_map` WRITE;
/*!40000 ALTER TABLE `ecs_supplier_tag_map` DISABLE KEYS */;
/*!40000 ALTER TABLE `ecs_supplier_tag_map` ENABLE KEYS */;
UNLOCK TABLES;

--
-- Table structure for table `ecs_suppliers`
--

DROP TABLE IF EXISTS `ecs_suppliers`;
/*!40101 SET @saved_cs_client     = @@character_set_client */;
/*!40101 SET character_set_client = utf8 */;
CREATE TABLE `ecs_suppliers` (
  `suppliers_id` smallint(5) unsigned NOT NULL AUTO_INCREMENT,
  `suppliers_name` varchar(255) DEFAULT NULL,
  `suppliers_desc` mediumtext,
  `is_check` tinyint(1) unsigned NOT NULL DEFAULT '1',
  PRIMARY KEY (`suppliers_id`)
) ENGINE=MyISAM DEFAULT CHARSET=utf8;
/*!40101 SET character_set_client = @saved_cs_client */;

--
-- Dumping data for table `ecs_suppliers`
--

LOCK TABLES `ecs_suppliers` WRITE;
/*!40000 ALTER TABLE `ecs_suppliers` DISABLE KEYS */;
/*!40000 ALTER TABLE `ecs_suppliers` ENABLE KEYS */;
UNLOCK TABLES;

--
-- Table structure for table `ecs_tag`
--

DROP TABLE IF EXISTS `ecs_tag`;
/*!40101 SET @saved_cs_client     = @@character_set_client */;
/*!40101 SET character_set_client = utf8 */;
CREATE TABLE `ecs_tag` (
  `tag_id` mediumint(8) NOT NULL AUTO_INCREMENT,
  `user_id` mediumint(8) unsigned NOT NULL DEFAULT '0',
  `goods_id` mediumint(8) unsigned NOT NULL DEFAULT '0',
  `tag_words` varchar(255) NOT NULL DEFAULT '',
  PRIMARY KEY (`tag_id`),
  KEY `user_id` (`user_id`),
  KEY `goods_id` (`goods_id`)
) ENGINE=MyISAM DEFAULT CHARSET=utf8;
/*!40101 SET character_set_client = @saved_cs_client */;

--
-- Dumping data for table `ecs_tag`
--

LOCK TABLES `ecs_tag` WRITE;
/*!40000 ALTER TABLE `ecs_tag` DISABLE KEYS */;
/*!40000 ALTER TABLE `ecs_tag` ENABLE KEYS */;
UNLOCK TABLES;

--
-- Table structure for table `ecs_takegoods`
--

DROP TABLE IF EXISTS `ecs_takegoods`;
/*!40101 SET @saved_cs_client     = @@character_set_client */;
/*!40101 SET character_set_client = utf8 */;
CREATE TABLE `ecs_takegoods` (
  `tg_id` int(10) unsigned NOT NULL AUTO_INCREMENT,
  `type_id` tinyint(3) unsigned NOT NULL DEFAULT '0',
  `tg_sn` varchar(20) NOT NULL,
  `tg_pwd` varchar(20) NOT NULL,
  `tg_order_id` int(10) unsigned NOT NULL DEFAULT '0',
  `used_time` varchar(255) NOT NULL DEFAULT '0',
  `add_time` int(10) unsigned NOT NULL DEFAULT '0',
  PRIMARY KEY (`tg_id`),
  KEY `vc_sn` (`tg_sn`)
) ENGINE=MyISAM DEFAULT CHARSET=utf8;
/*!40101 SET character_set_client = @saved_cs_client */;

--
-- Dumping data for table `ecs_takegoods`
--

LOCK TABLES `ecs_takegoods` WRITE;
/*!40000 ALTER TABLE `ecs_takegoods` DISABLE KEYS */;
/*!40000 ALTER TABLE `ecs_takegoods` ENABLE KEYS */;
UNLOCK TABLES;

--
-- Table structure for table `ecs_takegoods_goods`
--

DROP TABLE IF EXISTS `ecs_takegoods_goods`;
/*!40101 SET @saved_cs_client     = @@character_set_client */;
/*!40101 SET character_set_client = utf8 */;
CREATE TABLE `ecs_takegoods_goods` (
  `tg_id` int(10) unsigned NOT NULL AUTO_INCREMENT,
  `goods_ids` varchar(255) NOT NULL DEFAULT '',
  PRIMARY KEY (`tg_id`)
) ENGINE=MyISAM DEFAULT CHARSET=utf8;
/*!40101 SET character_set_client = @saved_cs_client */;

--
-- Dumping data for table `ecs_takegoods_goods`
--

LOCK TABLES `ecs_takegoods_goods` WRITE;
/*!40000 ALTER TABLE `ecs_takegoods_goods` DISABLE KEYS */;
/*!40000 ALTER TABLE `ecs_takegoods_goods` ENABLE KEYS */;
UNLOCK TABLES;

--
-- Table structure for table `ecs_takegoods_order`
--

DROP TABLE IF EXISTS `ecs_takegoods_order`;
/*!40101 SET @saved_cs_client     = @@character_set_client */;
/*!40101 SET character_set_client = utf8 */;
CREATE TABLE `ecs_takegoods_order` (
  `rec_id` int(10) unsigned NOT NULL AUTO_INCREMENT,
  `tg_id` int(10) unsigned NOT NULL DEFAULT '0',
  `tg_sn` varchar(20) NOT NULL,
  `user_id` int(10) unsigned NOT NULL,
  `goods_id` int(10) unsigned NOT NULL,
  `goods_name` varchar(255) NOT NULL,
  `country` int(10) unsigned NOT NULL DEFAULT '0',
  `province` int(10) unsigned NOT NULL DEFAULT '0',
  `city` int(10) unsigned NOT NULL DEFAULT '0',
  `district` int(10) unsigned NOT NULL DEFAULT '0',
  `address` varchar(255) NOT NULL,
  `consignee` varchar(255) NOT NULL,
  `mobile` varchar(100) NOT NULL,
  `email` varchar(150) NOT NULL,
  `shipping_id` varchar(50) NOT NULL,
  `shipping_sender` varchar(50) NOT NULL,
  `shipping_time` int(10) unsigned NOT NULL DEFAULT '0',
  `paisong_name` varchar(100) NOT NULL,
  `paisong_tel` varchar(50) NOT NULL,
  `order_status` tinyint(1) unsigned NOT NULL DEFAULT '0',
  `order_remark` varchar(255) NOT NULL,
  `add_time` int(10) unsigned NOT NULL DEFAULT '0',
  PRIMARY KEY (`rec_id`),
  KEY `vc_sn` (`tg_sn`)
) ENGINE=MyISAM DEFAULT CHARSET=utf8;
/*!40101 SET character_set_client = @saved_cs_client */;

--
-- Dumping data for table `ecs_takegoods_order`
--

LOCK TABLES `ecs_takegoods_order` WRITE;
/*!40000 ALTER TABLE `ecs_takegoods_order` DISABLE KEYS */;
/*!40000 ALTER TABLE `ecs_takegoods_order` ENABLE KEYS */;
UNLOCK TABLES;

--
-- Table structure for table `ecs_takegoods_type`
--

DROP TABLE IF EXISTS `ecs_takegoods_type`;
/*!40101 SET @saved_cs_client     = @@character_set_client */;
/*!40101 SET character_set_client = utf8 */;
CREATE TABLE `ecs_takegoods_type` (
  `type_id` smallint(5) unsigned NOT NULL AUTO_INCREMENT,
  `type_name` varchar(60) NOT NULL DEFAULT '',
  `type_money` int(10) unsigned NOT NULL DEFAULT '0',
  `type_money_count` int(10) unsigned NOT NULL DEFAULT '0',
  `use_start_date` int(10) NOT NULL DEFAULT '0',
  `use_end_date` int(10) NOT NULL DEFAULT '0',
  `send_count` int(10) unsigned NOT NULL DEFAULT '0',
  PRIMARY KEY (`type_id`)
) ENGINE=MyISAM DEFAULT CHARSET=utf8;
/*!40101 SET character_set_client = @saved_cs_client */;

--
-- Dumping data for table `ecs_takegoods_type`
--

LOCK TABLES `ecs_takegoods_type` WRITE;
/*!40000 ALTER TABLE `ecs_takegoods_type` DISABLE KEYS */;
/*!40000 ALTER TABLE `ecs_takegoods_type` ENABLE KEYS */;
UNLOCK TABLES;

--
-- Table structure for table `ecs_takegoods_type_goods`
--

DROP TABLE IF EXISTS `ecs_takegoods_type_goods`;
/*!40101 SET @saved_cs_client     = @@character_set_client */;
/*!40101 SET character_set_client = utf8 */;
CREATE TABLE `ecs_takegoods_type_goods` (
  `tg_type_id` mediumint(8) unsigned NOT NULL AUTO_INCREMENT,
  `goods_ids` varchar(255) NOT NULL DEFAULT '',
  PRIMARY KEY (`tg_type_id`)
) ENGINE=MyISAM DEFAULT CHARSET=utf8;
/*!40101 SET character_set_client = @saved_cs_client */;

--
-- Dumping data for table `ecs_takegoods_type_goods`
--

LOCK TABLES `ecs_takegoods_type_goods` WRITE;
/*!40000 ALTER TABLE `ecs_takegoods_type_goods` DISABLE KEYS */;
/*!40000 ALTER TABLE `ecs_takegoods_type_goods` ENABLE KEYS */;
UNLOCK TABLES;

--
-- Table structure for table `ecs_template`
--

DROP TABLE IF EXISTS `ecs_template`;
/*!40101 SET @saved_cs_client     = @@character_set_client */;
/*!40101 SET character_set_client = utf8 */;
CREATE TABLE `ecs_template` (
  `filename` varchar(30) NOT NULL DEFAULT '',
  `region` varchar(40) NOT NULL DEFAULT '',
  `library` varchar(40) NOT NULL DEFAULT '',
  `sort_order` tinyint(1) unsigned NOT NULL DEFAULT '0',
  `id` smallint(5) unsigned NOT NULL DEFAULT '0',
  `number` tinyint(1) unsigned NOT NULL DEFAULT '5',
  `type` tinyint(1) unsigned NOT NULL DEFAULT '0',
  `theme` varchar(60) NOT NULL DEFAULT '',
  `remarks` varchar(30) NOT NULL DEFAULT '',
  KEY `filename` (`filename`,`region`),
  KEY `theme` (`theme`),
  KEY `remarks` (`remarks`)
) ENGINE=MyISAM DEFAULT CHARSET=utf8;
/*!40101 SET character_set_client = @saved_cs_client */;

--
-- Dumping data for table `ecs_template`
--

LOCK TABLES `ecs_template` WRITE;
/*!40000 ALTER TABLE `ecs_template` DISABLE KEYS */;
INSERT INTO `ecs_template` VALUES ('index','首页店铺展示左侧广告','/library/ad_position.lbi',0,6,0,4,'68ecshopcom_360buy',''),('index','首页主广告右侧公告','/library/cat_articles.lbi',0,19,5,3,'68ecshopcom_360buy',''),('index','商品分类楼层8','/library/cat_goods.lbi',0,8,8,1,'68ecshopcom_360buy',''),('category','','/library/recommend_best.lbi',0,0,3,0,'68ecshopcom_360buy',''),('category','','/library/recommend_hot.lbi',0,0,3,0,'68ecshopcom_360buy',''),('category','','/library/recommend_promotion.lbi',0,0,8,0,'68ecshopcom_360buy',''),('category','','/library/brands.lbi',0,0,3,0,'68ecshopcom_360buy',''),('index','首页店铺展示右侧广告','/library/ad_position.lbi',0,7,1,4,'68ecshopcom_360buy',''),('index','商品分类楼层7','/library/cat_goods.lbi',0,7,8,1,'68ecshopcom_360buy',''),('index','商品分类楼层6','/library/cat_goods.lbi',0,6,8,1,'68ecshopcom_360buy',''),('index','商品分类楼层5','/library/cat_goods.lbi',0,5,8,1,'68ecshopcom_360buy',''),('index','商品分类楼层4','/library/cat_goods.lbi',0,4,8,1,'68ecshopcom_360buy',''),('index','商品分类楼层3','/library/cat_goods.lbi',0,3,8,1,'68ecshopcom_360buy',''),('exchange_list','积分商城通栏广告','/library/ad_position.lbi',0,49,1,4,'68ecshopcom_360buy',''),('exchange_list','积分商城banner广告1','/library/ad_position.lbi',0,44,1,4,'68ecshopcom_360buy',''),('exchange_list','积分商城banner广告2','/library/ad_position.lbi',0,45,1,4,'68ecshopcom_360buy',''),('exchange_list','积分商城banner广告3','/library/ad_position.lbi',0,46,1,4,'68ecshopcom_360buy',''),('exchange_list','积分商城banner广告4','/library/ad_position.lbi',0,47,1,4,'68ecshopcom_360buy',''),('index','商品分类楼层2','/library/cat_goods.lbi',0,2,8,1,'68ecshopcom_360buy',''),('index','商品分类楼层1','/library/cat_goods.lbi',0,1,8,1,'68ecshopcom_360buy',''),('index','','/library/brands.lbi',0,0,5,0,'68ecshopcom_360buy',''),('index','','/library/auction.lbi',0,0,5,0,'68ecshopcom_360buy',''),('index','','/library/group_buy.lbi',0,0,6,0,'68ecshopcom_360buy',''),('index','','/library/recommend_promotion.lbi',0,0,13,0,'68ecshopcom_360buy',''),('index','','/library/recommend_hot.lbi',0,0,5,0,'68ecshopcom_360buy',''),('index','','/library/recommend_best.lbi',0,0,5,0,'68ecshopcom_360buy',''),('index','','/library/recommend_new.lbi',0,0,5,0,'68ecshopcom_360buy',''),('exchange_list','','/library/exchange_hot.lbi',0,0,5,0,'68ecshopcom_360buy',''),('auction_list','拍卖列表banner广告1','/library/ad_position.lbi',0,51,1,4,'68ecshopcom_360buy',''),('auction_list','拍卖列表banner广告2','/library/ad_position.lbi',0,52,1,4,'68ecshopcom_360buy',''),('auction_list','拍卖列表banner广告3','/library/ad_position.lbi',0,53,1,4,'68ecshopcom_360buy',''),('auction_list','拍卖列表banner广告4','/library/ad_position.lbi',0,54,1,4,'68ecshopcom_360buy',''),('index','珠宝玉器','/library/cat_goods.lbi',0,4,4,1,'paimai',''),('index','全屏幻灯片','/library/ad_position.lbi',0,1,3,4,'paimai',''),('index','紫砂陶器','/library/cat_goods.lbi',0,3,4,1,'paimai',''),('index','文玩收藏','/library/cat_goods.lbi',0,2,4,1,'paimai',''),('index','书法字画','/library/cat_goods.lbi',0,1,4,1,'paimai',''),('index','','/library/brands.lbi',0,0,3,0,'paimai',''),('index','今日拍品','/library/auction.lbi',0,0,3,0,'paimai',''),('index','','/library/group_buy.lbi',0,0,3,0,'paimai',''),('index','','/library/recommend_promotion.lbi',0,0,4,0,'paimai',''),('index','','/library/recommend_hot.lbi',0,0,3,0,'paimai',''),('index','精品展示','/library/recommend_best.lbi',0,0,3,0,'paimai',''),('index','','/library/recommend_new.lbi',0,0,3,0,'paimai',''),('index','商品分类树','/library/category_tree.lbi',0,0,0,0,'paimai','');
/*!40000 ALTER TABLE `ecs_template` ENABLE KEYS */;
UNLOCK TABLES;

--
-- Table structure for table `ecs_topic`
--

DROP TABLE IF EXISTS `ecs_topic`;
/*!40101 SET @saved_cs_client     = @@character_set_client */;
/*!40101 SET character_set_client = utf8 */;
CREATE TABLE `ecs_topic` (
  `topic_id` int(10) unsigned NOT NULL AUTO_INCREMENT,
  `title` varchar(255) NOT NULL DEFAULT '''''',
  `intro` text NOT NULL,
  `start_time` int(11) NOT NULL DEFAULT '0',
  `end_time` int(10) NOT NULL DEFAULT '0',
  `data` text NOT NULL,
  `template` varchar(255) NOT NULL DEFAULT '''''',
  `css` text NOT NULL,
  `topic_img` varchar(255) DEFAULT NULL,
  `title_pic` varchar(255) DEFAULT NULL,
  `base_style` char(6) DEFAULT NULL,
  `htmls` mediumtext,
  `keywords` varchar(255) DEFAULT NULL,
  `description` varchar(255) DEFAULT NULL,
  KEY `topic_id` (`topic_id`)
) ENGINE=MyISAM AUTO_INCREMENT=6 DEFAULT CHARSET=utf8;
/*!40101 SET character_set_client = @saved_cs_client */;

--
-- Dumping data for table `ecs_topic`
--

LOCK TABLES `ecs_topic` WRITE;
/*!40000 ALTER TABLE `ecs_topic` DISABLE KEYS */;
INSERT INTO `ecs_topic` VALUES (1,'艺术品','',1436947200,1563782400,'O:8:\"stdClass\":2:{s:15:\"婴幼儿奶粉\";a:8:{i:0;s:72:\"诺优能(Nutrilon) 幼儿配方奶粉 3段(12-24个月幼儿适用)|148\";i:1;s:54:\"惠氏(Wyeth)S-26金装幼儿乐幼儿配方奶粉|150\";i:2;s:83:\"美素力（frisolac）金装婴儿配方奶粉 1段（0-6个月婴儿适用）|154\";i:3;s:88:\"雅培(Abbott) 亲体 金装喜康力幼儿配方奶粉 3段（1-3岁幼儿适用）|208\";i:4;s:66:\"惠氏(Wyeth)S-26金装爱儿乐婴儿配方奶粉 1段 900克|210\";i:5;s:60:\"雀巢(Nestle)超级能恩幼儿配方奶粉 3段 800克|209\";i:6;s:69:\"伊利 金领冠珍护幼儿配方奶粉 3段(1-3岁幼儿适用)|211\";i:7;s:60:\"飞鹤(FIRMUS)超级飞帆臻爱倍护幼儿配方奶粉|212\";}s:15:\"婴幼儿用品\";a:4:{i:0;s:53:\"哈罗闪sanosan婴儿洗发露沐浴乳二合一|216\";i:1;s:68:\"盈泰 充气游泳池家庭成人大型超大号儿童游泳池|217\";i:2;s:71:\"欧培(OPEN)儿童洗澡桶 加厚环保塑料宝宝沐浴桶大号|218\";i:3;s:71:\"润本 儿童宝宝无味电热蚊香液 婴儿无刺激(无味型)|219\";}}','','','data/afficheimg/20150723obwvpb.jpg','','012877','','艺术品','艺术品'),(2,'食品生鲜专场','',1437465600,1595404800,'O:8:\"stdClass\":2:{s:12:\"进口食品\";a:6:{i:0;s:73:\"南非进口西柚8个约300-330g/个红心柚子新鲜红宝石柚子|53\";i:1;s:84:\"德国 进口牛奶 欧德堡（Oldenburger）超高温处理全脂纯牛奶1L*12|60\";i:2;s:79:\"澳大利亚 进口牛奶 德运（Devondale） 全脂牛奶 1L*10 整箱装|62\";i:3;s:83:\"新西兰 原装进口 纯牛奶 纽麦福（ Meadow fresh ）全脂1L*12盒/箱|68\";i:4;s:64:\"波兰 进口牛奶 日昇（MLEKOVITA）全脂牛奶1L*12盒|72\";i:5;s:102:\"Ferrero/费列罗 意大利进口威化榛果巧克力30粒礼盒装 生日礼物送女友情人节|27\";}s:12:\"糖果专区\";a:6:{i:0;s:81:\"意大利费列罗巧克力食品进口零食礼盒576粒整箱装结婚喜糖|29\";i:1;s:58:\"日本进口 KRACIE（KRACIE）牌玫瑰香味糖果32g|30\";i:2;s:88:\"台湾进口 百年老店糖之坊夏威夷果牛轧糖奶糖（蔓越莓味）120克|31\";i:3;s:102:\"Lindt瑞士莲黑巧克力特醇排装德国进口 70%可可黑巧克力10块组合 特惠分享装|32\";i:4;s:62:\"嘉云糖 300g玻璃罐装 水果硬糖 喜糖 德国进口|55\";i:5;s:63:\"韩国进口X-5花生夹心巧克力棒盒装（24根）864g|26\";}}','topic1.dwt','','data/afficheimg/20150723ugrpxx.jpg','data/afficheimg/20150723fcjzpt.jpg','eaed6c','','',''),(3,'手机数码专场','',1437465600,1469174400,'O:8:\"stdClass\":2:{s:12:\"手机专区\";a:6:{i:0;s:40:\"HTC One M9w 联通4G手机 乌金灰|162\";i:1;s:71:\"朵唯 懂小姐美颜自拍女性机 (C9) 薄荷绿 移动4G手机|168\";i:2;s:77:\"摩托罗拉 moto x pro(XT1115) 64GB 雅典黑 移动联通电信4G手机|175\";i:3;s:79:\"三星 Galaxy S6 edge（G9250）32G版 铂光金 移动联通电信4G手机|207\";i:4;s:79:\"三星 Galaxy S6 edge（G9250）32G版 铂光金 移动联通电信4G手机|155\";i:5;s:76:\"苹果（Apple）iPhone 6 (A1586) 16GB 金色 移动联通电信4G手机|100\";}s:12:\"手机配件\";a:6:{i:0;s:126:\"幻响（i-mu）百变羊 创意指环扣 手机支架 双指环 360度旋转 防止手机滑落 金属材质 强力粘胶|183\";i:1;s:80:\"赛鲸 常青藤懒人手机支架 床上床头支架 万向调节 太空蓝|185\";i:2;s:90:\"洛斐（Lofree）创意无线蓝牙音箱音响 电脑音箱 EDGE锋芒3C建筑美学|206\";i:3;s:85:\"索爱（soaiy）S-20 便携式蓝牙数码插卡智能音箱 青春版 珍珠白|205\";i:4;s:101:\"爱度ay819无线蓝牙音箱便携迷你小音响插卡u盘低音炮电脑笔记本音箱 白色|199\";i:5;s:104:\"爱度AY800蓝牙音箱手机电脑迷你音响无线便携插卡低音炮 带蓝牙自拍 土豪金|200\";}}','topic2.dwt','','data/afficheimg/20150723ciboqt.jpg','','','','',''),(4,'家用电器专场','',1437465600,1563782400,'O:8:\"stdClass\":2:{s:12:\"清洁家电\";a:4:{i:0;s:76:\"Haier/海尔 XQG70-B12866电商/7公斤 全自动 变频滚筒 洗衣机|125\";i:1;s:83:\"Midea/美的 MB60-VT1010H 全自动波轮洗衣机6公斤不锈钢 正品包邮|126\";i:2;s:84:\"海尔ZB401G 家用小型床铺除螨仪 床上除螨机吸尘器 紫外线杀菌|91\";i:3;s:81:\"家用高端直饮净水器WP4160厨房自来水前置过滤器智能净水机|93\";}s:12:\"厨房电器\";a:8:{i:0;s:86:\"美的电磁炉Midea/美的 WK2102电磁炉特价家用触摸屏火锅电池炉灶|101\";i:1;s:82:\"养生壶玻璃加厚分体保温电煎药壶全自动花茶壶隔水炖正品|110\";i:2;s:69:\"JYL-D022料理机家用多功能榨汁辅食搅拌机电动绞肉|106\";i:3;s:65:\"Galanz/格兰仕 G90F25CN3L-C2(G2) 微波炉 光波炉 正品|103\";i:4;s:86:\"电饼铛 美的 JCN30A蛋糕机 正品悬浮双面加热 家用煎烤机烙饼锅|112\";i:5;s:58:\"米酒机酸奶机全自动家用不锈钢正品包邮|114\";i:6;s:56:\"酸奶机家用全自动8个陶瓷分杯正品特价|115\";i:7;s:86:\"Midea/美的 MK-HJ1501电热水壶不锈钢烧水壶保温自动断电进口温控|127\";}}','topic3.dwt','','data/afficheimg/20150723astlky.jpg','','b9ecfd','','',''),(5,'家居家纺专场','',1437379200,1469174400,'O:8:\"stdClass\":2:{s:12:\"精品餐具\";a:8:{i:0;s:70:\"亿嘉IJARL 时尚陶瓷28头韩式骨瓷餐具套装 东洋之心|226\";i:1;s:85:\"雅诚德Arst餐具套装56头套装中式碗碟套装陶瓷碗碟套装釉上彩|227\";i:2;s:73:\"剑林 景德镇陶瓷56头韩式餐具套装 红袖添香 FZG453HX56|228\";i:3;s:86:\"Jaka蝴蝶夫人浮雕陶瓷分层水果盘 点心盘子 双层三层 多款可选|229\";i:4;s:74:\"304不锈钢宝宝分格餐盘 儿童餐具分隔格碗餐盘婴儿盘|230\";i:5;s:72:\"可爱卡通餐盘水果盘点心盘 盘子儿童托盘餐具6件套|231\";i:6;s:78:\"奇居良品 欧式家居装饰摆件 可莉尔裂纹贴花陶瓷水果盘|232\";i:7;s:45:\"樱之歌 52头 紫玉情缘 餐具套装|225\";}s:12:\"实用家具\";a:4:{i:0;s:53:\"乐和居 双人床 床 榻榻米床 头层真皮|223\";i:1;s:61:\"美姿蓝 家具 床 皮床 皮艺床 双人床 真皮床|222\";i:2;s:92:\"中派 进口芬兰松木家具实木儿童高低床子母床上下铺带梯柜双层床|224\";i:3;s:45:\"樱之歌 52头 紫玉情缘 餐具套装|225\";}}','topic4.dwt','','data/afficheimg/20150723yenzlm.jpg','','DAE3E0','','','');
/*!40000 ALTER TABLE `ecs_topic` ENABLE KEYS */;
UNLOCK TABLES;

--
-- Table structure for table `ecs_user_account`
--

DROP TABLE IF EXISTS `ecs_user_account`;
/*!40101 SET @saved_cs_client     = @@character_set_client */;
/*!40101 SET character_set_client = utf8 */;
CREATE TABLE `ecs_user_account` (
  `id` mediumint(8) unsigned NOT NULL AUTO_INCREMENT,
  `user_id` mediumint(8) unsigned NOT NULL DEFAULT '0',
  `admin_user` varchar(255) NOT NULL,
  `amount` decimal(10,2) NOT NULL,
  `add_time` int(10) NOT NULL DEFAULT '0',
  `paid_time` int(10) NOT NULL DEFAULT '0',
  `admin_note` varchar(255) NOT NULL,
  `user_note` varchar(255) NOT NULL,
  `process_type` tinyint(1) NOT NULL DEFAULT '0',
  `payment` varchar(90) NOT NULL,
  `is_paid` tinyint(1) NOT NULL DEFAULT '0',
  PRIMARY KEY (`id`),
  KEY `user_id` (`user_id`),
  KEY `is_paid` (`is_paid`)
) ENGINE=MyISAM AUTO_INCREMENT=3 DEFAULT CHARSET=utf8;
/*!40101 SET character_set_client = @saved_cs_client */;

--
-- Dumping data for table `ecs_user_account`
--

LOCK TABLES `ecs_user_account` WRITE;
/*!40000 ALTER TABLE `ecs_user_account` DISABLE KEYS */;
INSERT INTO `ecs_user_account` VALUES (2,1,'admin',-200.00,1437432722,1437432722,'','支付宝账号：123456789\r\n姓名：788',1,'',0);
/*!40000 ALTER TABLE `ecs_user_account` ENABLE KEYS */;
UNLOCK TABLES;

--
-- Table structure for table `ecs_user_address`
--

DROP TABLE IF EXISTS `ecs_user_address`;
/*!40101 SET @saved_cs_client     = @@character_set_client */;
/*!40101 SET character_set_client = utf8 */;
CREATE TABLE `ecs_user_address` (
  `address_id` mediumint(8) unsigned NOT NULL AUTO_INCREMENT,
  `address_name` varchar(50) NOT NULL DEFAULT '',
  `user_id` mediumint(8) unsigned NOT NULL DEFAULT '0',
  `consignee` varchar(60) NOT NULL DEFAULT '',
  `email` varchar(60) NOT NULL DEFAULT '',
  `country` smallint(5) NOT NULL DEFAULT '0',
  `province` smallint(5) NOT NULL DEFAULT '0',
  `city` smallint(5) NOT NULL DEFAULT '0',
  `district` smallint(5) NOT NULL DEFAULT '0',
  `address` varchar(120) NOT NULL DEFAULT '',
  `zipcode` varchar(60) NOT NULL DEFAULT '',
  `tel` varchar(60) NOT NULL DEFAULT '',
  `mobile` varchar(60) NOT NULL DEFAULT '',
  `sign_building` varchar(120) NOT NULL DEFAULT '',
  `best_time` varchar(120) NOT NULL DEFAULT '',
  PRIMARY KEY (`address_id`),
  KEY `user_id` (`user_id`)
) ENGINE=MyISAM AUTO_INCREMENT=18 DEFAULT CHARSET=utf8;
/*!40101 SET character_set_client = @saved_cs_client */;

--
-- Dumping data for table `ecs_user_address`
--

LOCK TABLES `ecs_user_address` WRITE;
/*!40000 ALTER TABLE `ecs_user_address` DISABLE KEYS */;
INSERT INTO `ecs_user_address` VALUES (1,'',5,'111','111@qq.com',1,2,52,500,'111','11111','--','15032361111','',''),(2,'',2,'羊羊羊','22@qq.com',1,10,145,1194,'河北大街西段666号','066000','--','13933528316','',''),(16,'',1,'anan','23456@qq.ukj',1,10,145,1194,'森林逸城B区','','--','18712345678','',''),(15,'',2,'喵喵','33@qq.com',1,2,52,500,'河北大街','','--','13912345678','',''),(17,'',9,'张波','test@126.com',1,6,76,696,'吃啥','','','13111111111','','');
/*!40000 ALTER TABLE `ecs_user_address` ENABLE KEYS */;
UNLOCK TABLES;

--
-- Table structure for table `ecs_user_bonus`
--

DROP TABLE IF EXISTS `ecs_user_bonus`;
/*!40101 SET @saved_cs_client     = @@character_set_client */;
/*!40101 SET character_set_client = utf8 */;
CREATE TABLE `ecs_user_bonus` (
  `bonus_id` mediumint(8) unsigned NOT NULL AUTO_INCREMENT,
  `bonus_type_id` tinyint(3) unsigned NOT NULL DEFAULT '0',
  `bonus_sn` bigint(20) unsigned NOT NULL DEFAULT '0',
  `user_id` mediumint(8) unsigned NOT NULL DEFAULT '0',
  `used_time` int(10) unsigned NOT NULL DEFAULT '0',
  `order_id` mediumint(8) unsigned NOT NULL DEFAULT '0',
  `emailed` tinyint(3) unsigned NOT NULL DEFAULT '0',
  `supplier_id` mediumint(8) unsigned NOT NULL DEFAULT '0' COMMENT '店铺id',
  PRIMARY KEY (`bonus_id`),
  KEY `user_id` (`user_id`)
) ENGINE=MyISAM AUTO_INCREMENT=7 DEFAULT CHARSET=utf8;
/*!40101 SET character_set_client = @saved_cs_client */;

--
-- Dumping data for table `ecs_user_bonus`
--

LOCK TABLES `ecs_user_bonus` WRITE;
/*!40000 ALTER TABLE `ecs_user_bonus` DISABLE KEYS */;
INSERT INTO `ecs_user_bonus` VALUES (1,2,0,1,1443863644,8,1,0),(2,2,0,2,1437780225,142,1,0),(3,2,0,6,0,0,1,0),(5,2,0,1,0,0,1,0),(6,2,0,2,0,0,1,0);
/*!40000 ALTER TABLE `ecs_user_bonus` ENABLE KEYS */;
UNLOCK TABLES;

--
-- Table structure for table `ecs_user_feed`
--

DROP TABLE IF EXISTS `ecs_user_feed`;
/*!40101 SET @saved_cs_client     = @@character_set_client */;
/*!40101 SET character_set_client = utf8 */;
CREATE TABLE `ecs_user_feed` (
  `feed_id` mediumint(8) unsigned NOT NULL AUTO_INCREMENT,
  `user_id` mediumint(8) unsigned NOT NULL DEFAULT '0',
  `value_id` mediumint(8) unsigned NOT NULL DEFAULT '0',
  `goods_id` mediumint(8) unsigned NOT NULL DEFAULT '0',
  `feed_type` tinyint(1) unsigned NOT NULL DEFAULT '0',
  `is_feed` tinyint(1) unsigned NOT NULL DEFAULT '0',
  PRIMARY KEY (`feed_id`)
) ENGINE=MyISAM DEFAULT CHARSET=utf8;
/*!40101 SET character_set_client = @saved_cs_client */;

--
-- Dumping data for table `ecs_user_feed`
--

LOCK TABLES `ecs_user_feed` WRITE;
/*!40000 ALTER TABLE `ecs_user_feed` DISABLE KEYS */;
/*!40000 ALTER TABLE `ecs_user_feed` ENABLE KEYS */;
UNLOCK TABLES;

--
-- Table structure for table `ecs_user_rank`
--

DROP TABLE IF EXISTS `ecs_user_rank`;
/*!40101 SET @saved_cs_client     = @@character_set_client */;
/*!40101 SET character_set_client = utf8 */;
CREATE TABLE `ecs_user_rank` (
  `rank_id` tinyint(3) unsigned NOT NULL AUTO_INCREMENT,
  `rank_name` varchar(30) NOT NULL DEFAULT '',
  `min_points` int(10) unsigned NOT NULL DEFAULT '0',
  `max_points` int(10) unsigned NOT NULL DEFAULT '0',
  `discount` tinyint(3) unsigned NOT NULL DEFAULT '0',
  `show_price` tinyint(1) unsigned NOT NULL DEFAULT '1',
  `special_rank` tinyint(1) unsigned NOT NULL DEFAULT '0',
  `is_recomm` tinyint(1) NOT NULL DEFAULT '0',
  PRIMARY KEY (`rank_id`)
) ENGINE=MyISAM AUTO_INCREMENT=5 DEFAULT CHARSET=utf8;
/*!40101 SET character_set_client = @saved_cs_client */;

--
-- Dumping data for table `ecs_user_rank`
--

LOCK TABLES `ecs_user_rank` WRITE;
/*!40000 ALTER TABLE `ecs_user_rank` DISABLE KEYS */;
INSERT INTO `ecs_user_rank` VALUES (1,'普通会员',0,999,100,0,0,0),(2,'铜牌会员',1000,5999,95,1,0,0),(3,'金牌会员',6000,9999,90,1,0,0),(4,'钻石会员',10000,2147483647,85,1,0,0);
/*!40000 ALTER TABLE `ecs_user_rank` ENABLE KEYS */;
UNLOCK TABLES;

--
-- Table structure for table `ecs_users`
--

DROP TABLE IF EXISTS `ecs_users`;
/*!40101 SET @saved_cs_client     = @@character_set_client */;
/*!40101 SET character_set_client = utf8 */;
CREATE TABLE `ecs_users` (
  `user_id` mediumint(8) unsigned NOT NULL AUTO_INCREMENT,
  `aite_id` text NOT NULL,
  `email` varchar(60) NOT NULL DEFAULT '',
  `user_name` varchar(60) NOT NULL DEFAULT '',
  `password` varchar(32) NOT NULL DEFAULT '',
  `is_surplus_open` tinyint(1) NOT NULL DEFAULT '0' COMMENT '是否开启余额支付密码功能',
  `surplus_password` varchar(32) NOT NULL COMMENT '余额支付密码',
  `question` varchar(255) NOT NULL DEFAULT '',
  `answer` varchar(255) NOT NULL DEFAULT '',
  `sex` tinyint(1) unsigned NOT NULL DEFAULT '0',
  `birthday` date NOT NULL DEFAULT '0000-00-00',
  `user_money` decimal(10,2) NOT NULL DEFAULT '0.00',
  `frozen_money` decimal(10,2) NOT NULL DEFAULT '0.00',
  `pay_points` int(10) unsigned NOT NULL DEFAULT '0',
  `rank_points` int(10) unsigned NOT NULL DEFAULT '0',
  `address_id` mediumint(8) unsigned NOT NULL DEFAULT '0',
  `reg_time` int(10) unsigned NOT NULL DEFAULT '0',
  `last_login` int(11) unsigned NOT NULL DEFAULT '0',
  `last_time` datetime NOT NULL DEFAULT '0000-00-00 00:00:00',
  `last_ip` varchar(15) NOT NULL DEFAULT '',
  `visit_count` smallint(5) unsigned NOT NULL DEFAULT '0',
  `user_rank` tinyint(3) unsigned NOT NULL DEFAULT '0',
  `is_special` tinyint(3) unsigned NOT NULL DEFAULT '0',
  `ec_salt` varchar(10) DEFAULT NULL,
  `salt` varchar(10) NOT NULL DEFAULT '0',
  `parent_id` mediumint(9) NOT NULL DEFAULT '0',
  `flag` tinyint(3) unsigned NOT NULL DEFAULT '0',
  `alias` varchar(60) NOT NULL,
  `msn` varchar(60) NOT NULL,
  `qq` varchar(20) NOT NULL,
  `office_phone` varchar(20) NOT NULL,
  `home_phone` varchar(20) NOT NULL,
  `mobile_phone` varchar(20) NOT NULL,
  `is_validated` tinyint(3) unsigned NOT NULL DEFAULT '0',
  `validated` int(11) NOT NULL,
  `credit_line` decimal(10,2) unsigned NOT NULL,
  `passwd_question` varchar(50) DEFAULT NULL,
  `passwd_answer` varchar(255) DEFAULT NULL,
  `real_name` varchar(255) NOT NULL,
  `card` varchar(255) NOT NULL,
  `face_card` varchar(255) NOT NULL,
  `back_card` varchar(255) NOT NULL,
  `country` int(11) NOT NULL,
  `province` int(11) NOT NULL,
  `city` int(11) NOT NULL,
  `district` int(11) NOT NULL,
  `address` varchar(255) NOT NULL,
  `status` int(11) NOT NULL,
  `mediaUID` varchar(50) NOT NULL,
  `mediaID` int(4) NOT NULL,
  `froms` char(10) NOT NULL DEFAULT 'pc' COMMENT 'pc:电脑,mobile:手机,app:应用',
  `headimg` varchar(255) NOT NULL,
  PRIMARY KEY (`user_id`),
  UNIQUE KEY `user_name` (`user_name`),
  KEY `email` (`email`),
  KEY `parent_id` (`parent_id`),
  KEY `flag` (`flag`),
  KEY `mediaUID` (`mediaUID`,`mediaID`)
) ENGINE=MyISAM AUTO_INCREMENT=12 DEFAULT CHARSET=utf8;
/*!40101 SET character_set_client = @saved_cs_client */;

--
-- Dumping data for table `ecs_users`
--

LOCK TABLES `ecs_users` WRITE;
/*!40000 ALTER TABLE `ecs_users` DISABLE KEYS */;
INSERT INTO `ecs_users` VALUES (1,'','anan@68ecshop.com','anan','b46cee21ee951a0d8dce695f4d992ca5',0,'','','',0,'1955-01-01',99990.00,110.00,0,0,16,1437431243,1440115584,'0000-00-00 00:00:00','192.168.1.152',3203,0,0,'7384','0',0,0,'','','','','','',0,0,0.00,'','','','','','',0,0,0,0,'',0,'',0,'pc',''),(2,'','285188787@qq.com','68ecshopyy','a8f7dfa3deb1c6e36b21c4fd5194db7c',0,'','','',0,'0000-00-00',0.00,0.00,100,100,15,1437497947,1440115110,'0000-00-00 00:00:00','192.168.1.109',14,0,0,'4460','0',0,0,'','','','','','',0,0,0.00,'','','','','','',0,0,0,0,'',0,'',0,'pc','data/headimg/201507/1437497989600204049.jpg'),(3,'','admin9@qq.com','admin9','e320442690c461403b9cd6f70956b356',0,'','','',0,'0000-00-00',0.00,0.00,100,100,0,1437500502,1437500519,'0000-00-00 00:00:00','192.168.1.196',2,0,0,'6626','0',0,0,'','','','','','',0,0,0.00,'','','','','','',0,0,0,0,'',0,'',0,'pc',''),(4,'','admin8@qq.com','admin8','8762eb814817cc8dcbb3fb5c5fcd52e0',0,'','','',0,'0000-00-00',0.00,0.00,100,100,0,1437501016,1437501016,'0000-00-00 00:00:00','192.168.1.196',1,0,0,'','0',0,0,'','','','','','',0,0,0.00,'','','','','','',0,0,0,0,'',0,'',0,'pc',''),(5,'','2691111111@qq.com','leilei','a8df58997a7e86215b6297c7f7d59845',0,'','','',0,'1955-01-01',0.00,0.00,100,100,1,1437502269,1443833781,'0000-00-00 00:00:00','223.73.193.115',9,0,0,'7068','0',0,0,'','','','','','',0,0,0.00,'','','','','','',0,0,0,0,'',1,'',0,'pc',''),(6,'','3490134@qq.com','yiren','acb200a7e232f96d3f0f3499f4263407',0,'','','',0,'0000-00-00',0.00,0.00,100,100,0,1437503705,1437593672,'0000-00-00 00:00:00','192.168.1.146',3,0,0,'6033','0',0,0,'','','','','','',0,0,0.00,'','','','','','',0,0,0,0,'',0,'',0,'pc',''),(7,'','33342@qq.com','liuyu','9925a305924fddf8a7fea60b838d844b',0,'','','',0,'0000-00-00',0.00,0.00,100,100,0,1437518661,1437520761,'0000-00-00 00:00:00','192.168.1.125',2,0,0,'6109','0',0,0,'','','','','','',0,0,0.00,'','','','','','',0,0,0,0,'',0,'',0,'pc',''),(8,'','222222@qq.com','liza','2d14f0a7ff531d44baa35a0f98ea9f39',0,'','','',0,'0000-00-00',0.00,0.00,100,100,0,1437525999,1437525999,'0000-00-00 00:00:00','192.168.1.162',1,0,0,'','0',0,0,'','','','','','',0,0,0.00,'','','','','','',0,0,0,0,'',0,'',0,'pc',''),(9,'','test@126.com','test','a7a4af4002bbd4016cc871d3c7eaefdf',1,'c8c605999f3d8352d7bb792cf3fdb25b','','',0,'1956-01-01',9999790.00,200.00,0,0,17,1443585081,1461900827,'0000-00-00 00:00:00','0.0.0.0',306,0,0,'1030','0',0,0,'','','','','','',0,0,0.00,'','','','','','',0,0,0,0,'',1,'',0,'pc',''),(10,'','','u130NMMF2430','30f897a8f6d81bf4652fcf7e0d6fbd88',0,'','','',0,'0000-00-00',0.00,20.00,100,100,0,1461869518,1461899844,'0000-00-00 00:00:00','0.0.0.0',4,0,0,'5442','0',0,0,'','','','','','13070682430',0,1,0.00,NULL,NULL,'','','','',0,0,0,0,'',0,'',0,'pc',''),(11,'','','u137YLJJ6828','e10adc3949ba59abbe56e057f20f883e',0,'','','',0,'0000-00-00',0.00,0.00,100,100,0,1461986698,1461986698,'0000-00-00 00:00:00','0.0.0.0',1,0,0,NULL,'0',0,0,'','','','','','13792166828',0,1,0.00,NULL,NULL,'','','','',0,0,0,0,'',0,'',0,'pc','');
/*!40000 ALTER TABLE `ecs_users` ENABLE KEYS */;
UNLOCK TABLES;

--
-- Table structure for table `ecs_validate_record`
--

DROP TABLE IF EXISTS `ecs_validate_record`;
/*!40101 SET @saved_cs_client     = @@character_set_client */;
/*!40101 SET character_set_client = utf8 */;
CREATE TABLE `ecs_validate_record` (
  `record_key` varchar(250) NOT NULL COMMENT '标识',
  `record_code` text NOT NULL COMMENT '值',
  `record_type` varchar(60) NOT NULL COMMENT '业务类型,SESSIONID',
  `last_send_time` int(11) DEFAULT NULL COMMENT '上一次发送时间',
  `expired_time` int(11) DEFAULT NULL COMMENT '过期时间',
  `ext_info` text COMMENT '扩展信息',
  `create_time` int(11) DEFAULT NULL COMMENT '记录的创建时间',
  PRIMARY KEY (`record_key`)
) ENGINE=MyISAM DEFAULT CHARSET=utf8;
/*!40101 SET character_set_client = @saved_cs_client */;

--
-- Dumping data for table `ecs_validate_record`
--

LOCK TABLES `ecs_validate_record` WRITE;
/*!40000 ALTER TABLE `ecs_validate_record` DISABLE KEYS */;
/*!40000 ALTER TABLE `ecs_validate_record` ENABLE KEYS */;
UNLOCK TABLES;

--
-- Table structure for table `ecs_valuecard`
--

DROP TABLE IF EXISTS `ecs_valuecard`;
/*!40101 SET @saved_cs_client     = @@character_set_client */;
/*!40101 SET character_set_client = utf8 */;
CREATE TABLE `ecs_valuecard` (
  `vc_id` mediumint(8) unsigned NOT NULL AUTO_INCREMENT,
  `vc_type_id` tinyint(3) unsigned NOT NULL DEFAULT '0',
  `vc_sn` bigint(20) unsigned NOT NULL DEFAULT '0',
  `vc_pwd` varchar(20) NOT NULL,
  `user_id` mediumint(8) unsigned NOT NULL DEFAULT '0',
  `used_time` int(10) unsigned NOT NULL DEFAULT '0',
  `add_time` int(10) unsigned NOT NULL DEFAULT '0',
  PRIMARY KEY (`vc_id`),
  KEY `vc_sn` (`vc_sn`)
) ENGINE=MyISAM DEFAULT CHARSET=utf8;
/*!40101 SET character_set_client = @saved_cs_client */;

--
-- Dumping data for table `ecs_valuecard`
--

LOCK TABLES `ecs_valuecard` WRITE;
/*!40000 ALTER TABLE `ecs_valuecard` DISABLE KEYS */;
/*!40000 ALTER TABLE `ecs_valuecard` ENABLE KEYS */;
UNLOCK TABLES;

--
-- Table structure for table `ecs_valuecard_type`
--

DROP TABLE IF EXISTS `ecs_valuecard_type`;
/*!40101 SET @saved_cs_client     = @@character_set_client */;
/*!40101 SET character_set_client = utf8 */;
CREATE TABLE `ecs_valuecard_type` (
  `type_id` smallint(5) unsigned NOT NULL AUTO_INCREMENT,
  `type_name` varchar(60) NOT NULL DEFAULT '',
  `type_money` int(10) unsigned NOT NULL DEFAULT '0',
  `use_start_date` int(10) NOT NULL DEFAULT '0',
  `use_end_date` int(10) NOT NULL DEFAULT '0',
  `send_count` int(10) unsigned NOT NULL DEFAULT '0',
  PRIMARY KEY (`type_id`)
) ENGINE=MyISAM DEFAULT CHARSET=utf8;
/*!40101 SET character_set_client = @saved_cs_client */;

--
-- Dumping data for table `ecs_valuecard_type`
--

LOCK TABLES `ecs_valuecard_type` WRITE;
/*!40000 ALTER TABLE `ecs_valuecard_type` DISABLE KEYS */;
/*!40000 ALTER TABLE `ecs_valuecard_type` ENABLE KEYS */;
UNLOCK TABLES;

--
-- Table structure for table `ecs_verifycode`
--

DROP TABLE IF EXISTS `ecs_verifycode`;
/*!40101 SET @saved_cs_client     = @@character_set_client */;
/*!40101 SET character_set_client = utf8 */;
CREATE TABLE `ecs_verifycode` (
  `id` mediumint(8) unsigned NOT NULL AUTO_INCREMENT,
  `mobile` char(12) NOT NULL,
  `getip` char(15) NOT NULL,
  `verifycode` char(6) NOT NULL,
  `dateline` int(10) unsigned NOT NULL DEFAULT '0',
  `reguid` mediumint(8) unsigned DEFAULT '0',
  `regdateline` int(10) unsigned DEFAULT '0',
  `status` tinyint(1) NOT NULL DEFAULT '1',
  PRIMARY KEY (`id`)
) ENGINE=MyISAM DEFAULT CHARSET=utf8;
/*!40101 SET character_set_client = @saved_cs_client */;

--
-- Dumping data for table `ecs_verifycode`
--

LOCK TABLES `ecs_verifycode` WRITE;
/*!40000 ALTER TABLE `ecs_verifycode` DISABLE KEYS */;
/*!40000 ALTER TABLE `ecs_verifycode` ENABLE KEYS */;
UNLOCK TABLES;

--
-- Table structure for table `ecs_virtual_card`
--

DROP TABLE IF EXISTS `ecs_virtual_card`;
/*!40101 SET @saved_cs_client     = @@character_set_client */;
/*!40101 SET character_set_client = utf8 */;
CREATE TABLE `ecs_virtual_card` (
  `card_id` mediumint(8) NOT NULL AUTO_INCREMENT,
  `goods_id` mediumint(8) unsigned NOT NULL DEFAULT '0',
  `card_sn` varchar(60) NOT NULL DEFAULT '',
  `card_password` varchar(60) NOT NULL DEFAULT '',
  `add_date` int(11) NOT NULL DEFAULT '0',
  `end_date` int(11) NOT NULL DEFAULT '0',
  `is_saled` tinyint(1) NOT NULL DEFAULT '0',
  `order_sn` varchar(20) NOT NULL DEFAULT '',
  `crc32` varchar(12) NOT NULL DEFAULT '0',
  PRIMARY KEY (`card_id`),
  KEY `goods_id` (`goods_id`),
  KEY `car_sn` (`card_sn`),
  KEY `is_saled` (`is_saled`)
) ENGINE=MyISAM DEFAULT CHARSET=utf8;
/*!40101 SET character_set_client = @saved_cs_client */;

--
-- Dumping data for table `ecs_virtual_card`
--

LOCK TABLES `ecs_virtual_card` WRITE;
/*!40000 ALTER TABLE `ecs_virtual_card` DISABLE KEYS */;
/*!40000 ALTER TABLE `ecs_virtual_card` ENABLE KEYS */;
UNLOCK TABLES;

--
-- Table structure for table `ecs_virtual_district`
--

DROP TABLE IF EXISTS `ecs_virtual_district`;
/*!40101 SET @saved_cs_client     = @@character_set_client */;
/*!40101 SET character_set_client = utf8 */;
CREATE TABLE `ecs_virtual_district` (
  `district_id` int(6) DEFAULT NULL,
  `goods_id` int(11) DEFAULT NULL,
  `supplier_id` int(11) DEFAULT NULL
) ENGINE=MyISAM DEFAULT CHARSET=utf8;
/*!40101 SET character_set_client = @saved_cs_client */;

--
-- Dumping data for table `ecs_virtual_district`
--

LOCK TABLES `ecs_virtual_district` WRITE;
/*!40000 ALTER TABLE `ecs_virtual_district` DISABLE KEYS */;
/*!40000 ALTER TABLE `ecs_virtual_district` ENABLE KEYS */;
UNLOCK TABLES;

--
-- Table structure for table `ecs_virtual_goods_card`
--

DROP TABLE IF EXISTS `ecs_virtual_goods_card`;
/*!40101 SET @saved_cs_client     = @@character_set_client */;
/*!40101 SET character_set_client = utf8 */;
CREATE TABLE `ecs_virtual_goods_card` (
  `card_id` mediumint(8) NOT NULL AUTO_INCREMENT,
  `goods_id` mediumint(8) unsigned NOT NULL DEFAULT '0',
  `card_sn` varchar(60) NOT NULL DEFAULT '',
  `add_date` int(11) NOT NULL DEFAULT '0',
  `end_date` int(11) NOT NULL DEFAULT '0',
  `is_saled` tinyint(1) NOT NULL DEFAULT '0',
  `order_sn` varchar(20) NOT NULL DEFAULT '',
  `is_verification` int(11) DEFAULT '0',
  `supplier_id` int(11) DEFAULT NULL,
  `buy_date` int(11) DEFAULT NULL,
  PRIMARY KEY (`card_id`),
  KEY `goods_id` (`goods_id`),
  KEY `car_sn` (`card_sn`),
  KEY `is_saled` (`is_saled`)
) ENGINE=MyISAM DEFAULT CHARSET=utf8;
/*!40101 SET character_set_client = @saved_cs_client */;

--
-- Dumping data for table `ecs_virtual_goods_card`
--

LOCK TABLES `ecs_virtual_goods_card` WRITE;
/*!40000 ALTER TABLE `ecs_virtual_goods_card` DISABLE KEYS */;
/*!40000 ALTER TABLE `ecs_virtual_goods_card` ENABLE KEYS */;
UNLOCK TABLES;

--
-- Table structure for table `ecs_virtual_goods_district`
--

DROP TABLE IF EXISTS `ecs_virtual_goods_district`;
/*!40101 SET @saved_cs_client     = @@character_set_client */;
/*!40101 SET character_set_client = utf8 */;
CREATE TABLE `ecs_virtual_goods_district` (
  `district_id` smallint(5) unsigned NOT NULL AUTO_INCREMENT,
  `region_id` varchar(255) DEFAULT NULL,
  `district_name` varchar(255) DEFAULT NULL,
  `province` smallint(5) unsigned DEFAULT NULL,
  `city` smallint(5) unsigned DEFAULT NULL,
  `county` smallint(5) unsigned DEFAULT NULL,
  `sort` varchar(255) DEFAULT NULL COMMENT '排序',
  `is_show` smallint(5) unsigned DEFAULT NULL,
  PRIMARY KEY (`district_id`)
) ENGINE=MyISAM DEFAULT CHARSET=utf8;
/*!40101 SET character_set_client = @saved_cs_client */;

--
-- Dumping data for table `ecs_virtual_goods_district`
--

LOCK TABLES `ecs_virtual_goods_district` WRITE;
/*!40000 ALTER TABLE `ecs_virtual_goods_district` DISABLE KEYS */;
/*!40000 ALTER TABLE `ecs_virtual_goods_district` ENABLE KEYS */;
UNLOCK TABLES;

--
-- Table structure for table `ecs_volume_price`
--

DROP TABLE IF EXISTS `ecs_volume_price`;
/*!40101 SET @saved_cs_client     = @@character_set_client */;
/*!40101 SET character_set_client = utf8 */;
CREATE TABLE `ecs_volume_price` (
  `price_type` tinyint(1) unsigned NOT NULL,
  `goods_id` mediumint(8) unsigned NOT NULL,
  `volume_number` smallint(5) unsigned NOT NULL DEFAULT '0',
  `volume_price` decimal(10,2) NOT NULL DEFAULT '0.00',
  PRIMARY KEY (`price_type`,`goods_id`,`volume_number`)
) ENGINE=MyISAM DEFAULT CHARSET=utf8;
/*!40101 SET character_set_client = @saved_cs_client */;

--
-- Dumping data for table `ecs_volume_price`
--

LOCK TABLES `ecs_volume_price` WRITE;
/*!40000 ALTER TABLE `ecs_volume_price` DISABLE KEYS */;
/*!40000 ALTER TABLE `ecs_volume_price` ENABLE KEYS */;
UNLOCK TABLES;

--
-- Table structure for table `ecs_vote`
--

DROP TABLE IF EXISTS `ecs_vote`;
/*!40101 SET @saved_cs_client     = @@character_set_client */;
/*!40101 SET character_set_client = utf8 */;
CREATE TABLE `ecs_vote` (
  `vote_id` smallint(5) unsigned NOT NULL AUTO_INCREMENT,
  `vote_name` varchar(250) NOT NULL DEFAULT '',
  `start_time` int(11) unsigned NOT NULL DEFAULT '0',
  `end_time` int(11) unsigned NOT NULL DEFAULT '0',
  `can_multi` tinyint(1) unsigned NOT NULL DEFAULT '0',
  `vote_count` int(10) unsigned NOT NULL DEFAULT '0',
  PRIMARY KEY (`vote_id`)
) ENGINE=MyISAM DEFAULT CHARSET=utf8;
/*!40101 SET character_set_client = @saved_cs_client */;

--
-- Dumping data for table `ecs_vote`
--

LOCK TABLES `ecs_vote` WRITE;
/*!40000 ALTER TABLE `ecs_vote` DISABLE KEYS */;
/*!40000 ALTER TABLE `ecs_vote` ENABLE KEYS */;
UNLOCK TABLES;

--
-- Table structure for table `ecs_vote_log`
--

DROP TABLE IF EXISTS `ecs_vote_log`;
/*!40101 SET @saved_cs_client     = @@character_set_client */;
/*!40101 SET character_set_client = utf8 */;
CREATE TABLE `ecs_vote_log` (
  `log_id` mediumint(8) unsigned NOT NULL AUTO_INCREMENT,
  `vote_id` smallint(5) unsigned NOT NULL DEFAULT '0',
  `ip_address` varchar(15) NOT NULL DEFAULT '',
  `vote_time` int(10) unsigned NOT NULL DEFAULT '0',
  PRIMARY KEY (`log_id`),
  KEY `vote_id` (`vote_id`)
) ENGINE=MyISAM DEFAULT CHARSET=utf8;
/*!40101 SET character_set_client = @saved_cs_client */;

--
-- Dumping data for table `ecs_vote_log`
--

LOCK TABLES `ecs_vote_log` WRITE;
/*!40000 ALTER TABLE `ecs_vote_log` DISABLE KEYS */;
/*!40000 ALTER TABLE `ecs_vote_log` ENABLE KEYS */;
UNLOCK TABLES;

--
-- Table structure for table `ecs_vote_option`
--

DROP TABLE IF EXISTS `ecs_vote_option`;
/*!40101 SET @saved_cs_client     = @@character_set_client */;
/*!40101 SET character_set_client = utf8 */;
CREATE TABLE `ecs_vote_option` (
  `option_id` smallint(5) unsigned NOT NULL AUTO_INCREMENT,
  `vote_id` smallint(5) unsigned NOT NULL DEFAULT '0',
  `option_name` varchar(250) NOT NULL DEFAULT '',
  `option_count` int(8) unsigned NOT NULL DEFAULT '0',
  `option_order` tinyint(3) unsigned NOT NULL DEFAULT '100',
  PRIMARY KEY (`option_id`),
  KEY `vote_id` (`vote_id`)
) ENGINE=MyISAM DEFAULT CHARSET=utf8;
/*!40101 SET character_set_client = @saved_cs_client */;

--
-- Dumping data for table `ecs_vote_option`
--

LOCK TABLES `ecs_vote_option` WRITE;
/*!40000 ALTER TABLE `ecs_vote_option` DISABLE KEYS */;
/*!40000 ALTER TABLE `ecs_vote_option` ENABLE KEYS */;
UNLOCK TABLES;

--
-- Table structure for table `ecs_weixin_act`
--

DROP TABLE IF EXISTS `ecs_weixin_act`;
/*!40101 SET @saved_cs_client     = @@character_set_client */;
/*!40101 SET character_set_client = utf8 */;
CREATE TABLE `ecs_weixin_act` (
  `aid` int(11) NOT NULL AUTO_INCREMENT,
  `title` varchar(200) NOT NULL,
  `content` text NOT NULL,
  `isopen` tinyint(1) NOT NULL,
  `type` int(11) NOT NULL,
  `num` int(11) NOT NULL,
  `tpl` tinyint(4) NOT NULL,
  `overymd` date NOT NULL,
  PRIMARY KEY (`aid`)
) ENGINE=MyISAM AUTO_INCREMENT=4 DEFAULT CHARSET=utf8;
/*!40101 SET character_set_client = @saved_cs_client */;

--
-- Dumping data for table `ecs_weixin_act`
--

LOCK TABLES `ecs_weixin_act` WRITE;
/*!40000 ALTER TABLE `ecs_weixin_act` DISABLE KEYS */;
INSERT INTO `ecs_weixin_act` VALUES (1,'砸金蛋','砸金蛋了哦亲！',1,2,100,1,'2016-12-30'),(2,'刮刮卡','刮刮卡！',1,2,100,2,'2016-12-30'),(3,'大转盘','大转盘大转盘',1,2,100,3,'2016-12-30');
/*!40000 ALTER TABLE `ecs_weixin_act` ENABLE KEYS */;
UNLOCK TABLES;

--
-- Table structure for table `ecs_weixin_actlist`
--

DROP TABLE IF EXISTS `ecs_weixin_actlist`;
/*!40101 SET @saved_cs_client     = @@character_set_client */;
/*!40101 SET character_set_client = utf8 */;
CREATE TABLE `ecs_weixin_actlist` (
  `lid` int(11) NOT NULL AUTO_INCREMENT,
  `aid` int(11) NOT NULL,
  `title` varchar(200) NOT NULL,
  `awardname` varchar(200) NOT NULL,
  `randnum` decimal(6,2) NOT NULL,
  `num` int(11) NOT NULL,
  `num2` int(11) NOT NULL,
  `isopen` tinyint(1) NOT NULL,
  PRIMARY KEY (`lid`),
  KEY `aid` (`aid`)
) ENGINE=MyISAM AUTO_INCREMENT=10 DEFAULT CHARSET=utf8;
/*!40101 SET character_set_client = @saved_cs_client */;

--
-- Dumping data for table `ecs_weixin_actlist`
--

LOCK TABLES `ecs_weixin_actlist` WRITE;
/*!40000 ALTER TABLE `ecs_weixin_actlist` DISABLE KEYS */;
INSERT INTO `ecs_weixin_actlist` VALUES (1,1,'一等奖','ipad air',0.50,1,0,1),(2,1,'二等奖','ipad mini',10.00,5,2,1),(3,1,'三等奖','itouch',20.00,10,5,1),(4,2,'一等奖','500元优惠券',1.00,1,0,1),(5,2,'二等奖','20元优惠券',20.00,300,0,1),(6,2,'三等奖','5元优惠券',79.00,10,4,1),(7,3,'一等奖','500元红包',1.00,10,0,1),(8,3,'二等奖','20元抵用券',20.00,2000,1,1),(9,3,'三等奖','5元优惠券',79.00,30000,23,1);
/*!40000 ALTER TABLE `ecs_weixin_actlist` ENABLE KEYS */;
UNLOCK TABLES;

--
-- Table structure for table `ecs_weixin_actlog`
--

DROP TABLE IF EXISTS `ecs_weixin_actlog`;
/*!40101 SET @saved_cs_client     = @@character_set_client */;
/*!40101 SET character_set_client = utf8 */;
CREATE TABLE `ecs_weixin_actlog` (
  `lid` int(11) NOT NULL AUTO_INCREMENT,
  `uid` int(11) NOT NULL,
  `aid` int(11) NOT NULL,
  `class_name` varchar(200) NOT NULL,
  `createymd` date NOT NULL,
  `createtime` int(11) NOT NULL,
  `code` varchar(50) NOT NULL,
  `issend` tinyint(4) NOT NULL,
  PRIMARY KEY (`lid`),
  KEY `uid` (`uid`,`createymd`)
) ENGINE=MyISAM DEFAULT CHARSET=utf8;
/*!40101 SET character_set_client = @saved_cs_client */;

--
-- Dumping data for table `ecs_weixin_actlog`
--

LOCK TABLES `ecs_weixin_actlog` WRITE;
/*!40000 ALTER TABLE `ecs_weixin_actlog` DISABLE KEYS */;
/*!40000 ALTER TABLE `ecs_weixin_actlog` ENABLE KEYS */;
UNLOCK TABLES;

--
-- Table structure for table `ecs_weixin_config`
--

DROP TABLE IF EXISTS `ecs_weixin_config`;
/*!40101 SET @saved_cs_client     = @@character_set_client */;
/*!40101 SET character_set_client = utf8 */;
CREATE TABLE `ecs_weixin_config` (
  `id` int(11) NOT NULL AUTO_INCREMENT,
  `title` varchar(100) NOT NULL,
  `token` varchar(60) NOT NULL,
  `appid` varchar(60) NOT NULL,
  `appsecret` varchar(60) NOT NULL,
  `followmsg` varchar(255) NOT NULL,
  `helpmsg` varchar(255) NOT NULL,
  `bindmsg` varchar(255) NOT NULL,
  `bonustype` int(11) NOT NULL COMMENT '绑定赠送红包类型',
  `bonustype2` tinyint(4) NOT NULL COMMENT '关注红包',
  `buynotice` tinyint(4) NOT NULL COMMENT '开启下单提醒',
  `sendnotice` tinyint(4) NOT NULL COMMENT '开启发货提醒',
  `access_token` varchar(50) NOT NULL,
  `expire_in` int(11) NOT NULL,
  `buymsg` varchar(200) NOT NULL COMMENT '下单提醒内容',
  `sendmsg` varchar(200) NOT NULL COMMENT '发货提醒内容',
  `reg_type` int(11) NOT NULL COMMENT '1关注注册2邮箱注册3邮箱+密码4用户名注册5用户名+密码注册6手机注册7手机+密码注册',
  `reg_notice` varchar(200) NOT NULL COMMENT '注册引导提示',
  `wap_url` varchar(30) NOT NULL,
  `auto_reply` varchar(255) NOT NULL,
  PRIMARY KEY (`id`)
) ENGINE=MyISAM AUTO_INCREMENT=3 DEFAULT CHARSET=utf8;
/*!40101 SET character_set_client = @saved_cs_client */;

--
-- Dumping data for table `ecs_weixin_config`
--

LOCK TABLES `ecs_weixin_config` WRITE;
/*!40000 ALTER TABLE `ecs_weixin_config` DISABLE KEYS */;
INSERT INTO `ecs_weixin_config` VALUES (1,'微信绑定','w65glve8ktCNcgxmNQgh','wx32d35085311299c9','cf924092c2cff6b1cf3b1d47a8509b4b','感谢你的关注','helpmsg','恭喜您绑定成功！',2,0,1,1,'',0,'恭喜你订单提交成功！','您购买的商品（订单号：$order_sn）已经发货请注意查收！快递号：$shoping_code',1,'请填写你的邮箱和密码，使用+分割。','','测试自动回复'),(2,'微信','w65glve8ktCNcgxmNQgh','wx32d35085311299c9','cf924092c2cff6b1cf3b1d47a8509b4b','','','',0,0,0,0,'',0,'','',0,'','','');
/*!40000 ALTER TABLE `ecs_weixin_config` ENABLE KEYS */;
UNLOCK TABLES;

--
-- Table structure for table `ecs_weixin_corn`
--

DROP TABLE IF EXISTS `ecs_weixin_corn`;
/*!40101 SET @saved_cs_client     = @@character_set_client */;
/*!40101 SET character_set_client = utf8 */;
CREATE TABLE `ecs_weixin_corn` (
  `id` int(11) NOT NULL AUTO_INCREMENT,
  `content` text NOT NULL,
  `createtime` int(11) NOT NULL,
  `sendtime` int(11) NOT NULL,
  `issend` tinyint(4) NOT NULL COMMENT '0未发送1成功2失败',
  `ecuid` int(11) NOT NULL COMMENT '系统用户ID',
  `sendtype` tinyint(1) NOT NULL COMMENT '0单人1所有',
  PRIMARY KEY (`id`)
) ENGINE=MyISAM DEFAULT CHARSET=utf8;
/*!40101 SET character_set_client = @saved_cs_client */;

--
-- Dumping data for table `ecs_weixin_corn`
--

LOCK TABLES `ecs_weixin_corn` WRITE;
/*!40000 ALTER TABLE `ecs_weixin_corn` DISABLE KEYS */;
/*!40000 ALTER TABLE `ecs_weixin_corn` ENABLE KEYS */;
UNLOCK TABLES;

--
-- Table structure for table `ecs_weixin_jflog`
--

DROP TABLE IF EXISTS `ecs_weixin_jflog`;
/*!40101 SET @saved_cs_client     = @@character_set_client */;
/*!40101 SET character_set_client = utf8 */;
CREATE TABLE `ecs_weixin_jflog` (
  `id` int(11) NOT NULL AUTO_INCREMENT,
  `fake_id` varchar(32) NOT NULL,
  `jf_type` int(11) NOT NULL COMMENT '1 一次性赠送 2按日计算',
  `key_id` int(11) NOT NULL COMMENT '命令ID',
  `createtime` int(11) NOT NULL,
  `createymd` date NOT NULL,
  `num` tinyint(4) NOT NULL,
  PRIMARY KEY (`id`),
  KEY `fake_id` (`fake_id`),
  KEY `createymd` (`createymd`),
  KEY `key_id` (`key_id`)
) ENGINE=MyISAM DEFAULT CHARSET=utf8;
/*!40101 SET character_set_client = @saved_cs_client */;

--
-- Dumping data for table `ecs_weixin_jflog`
--

LOCK TABLES `ecs_weixin_jflog` WRITE;
/*!40000 ALTER TABLE `ecs_weixin_jflog` DISABLE KEYS */;
/*!40000 ALTER TABLE `ecs_weixin_jflog` ENABLE KEYS */;
UNLOCK TABLES;

--
-- Table structure for table `ecs_weixin_keywords`
--

DROP TABLE IF EXISTS `ecs_weixin_keywords`;
/*!40101 SET @saved_cs_client     = @@character_set_client */;
/*!40101 SET character_set_client = utf8 */;
CREATE TABLE `ecs_weixin_keywords` (
  `id` int(11) NOT NULL AUTO_INCREMENT,
  `key` varchar(30) NOT NULL,
  `keys` varchar(100) NOT NULL,
  `jf_type` int(11) NOT NULL,
  `jf_num` int(11) NOT NULL,
  `jf_maxnum` int(11) NOT NULL,
  `keyname` varchar(100) NOT NULL,
  `clicks` int(11) NOT NULL,
  `diy_type` int(11) NOT NULL,
  `diy_value` varchar(200) NOT NULL,
  PRIMARY KEY (`id`)
) ENGINE=MyISAM DEFAULT CHARSET=utf8;
/*!40101 SET character_set_client = @saved_cs_client */;

--
-- Dumping data for table `ecs_weixin_keywords`
--

LOCK TABLES `ecs_weixin_keywords` WRITE;
/*!40000 ALTER TABLE `ecs_weixin_keywords` DISABLE KEYS */;
/*!40000 ALTER TABLE `ecs_weixin_keywords` ENABLE KEYS */;
UNLOCK TABLES;

--
-- Table structure for table `ecs_weixin_login`
--

DROP TABLE IF EXISTS `ecs_weixin_login`;
/*!40101 SET @saved_cs_client     = @@character_set_client */;
/*!40101 SET character_set_client = utf8 */;
CREATE TABLE `ecs_weixin_login` (
  `id` int(11) NOT NULL AUTO_INCREMENT,
  `createtime` int(11) NOT NULL,
  `uid` int(11) NOT NULL,
  `token` varchar(200) NOT NULL,
  `ip` varchar(15) NOT NULL,
  `value` int(10) unsigned NOT NULL,
  PRIMARY KEY (`id`),
  UNIQUE KEY `value` (`value`),
  KEY `uid` (`uid`)
) ENGINE=MyISAM DEFAULT CHARSET=utf8;
/*!40101 SET character_set_client = @saved_cs_client */;

--
-- Dumping data for table `ecs_weixin_login`
--

LOCK TABLES `ecs_weixin_login` WRITE;
/*!40000 ALTER TABLE `ecs_weixin_login` DISABLE KEYS */;
/*!40000 ALTER TABLE `ecs_weixin_login` ENABLE KEYS */;
UNLOCK TABLES;

--
-- Table structure for table `ecs_weixin_menu`
--

DROP TABLE IF EXISTS `ecs_weixin_menu`;
/*!40101 SET @saved_cs_client     = @@character_set_client */;
/*!40101 SET character_set_client = utf8 */;
CREATE TABLE `ecs_weixin_menu` (
  `id` int(11) NOT NULL AUTO_INCREMENT,
  `pid` int(11) NOT NULL,
  `name` varchar(32) NOT NULL,
  `type` tinyint(1) NOT NULL,
  `value` varchar(200) NOT NULL,
  `order` int(11) NOT NULL COMMENT '排序',
  PRIMARY KEY (`id`),
  KEY `pid` (`pid`)
) ENGINE=MyISAM AUTO_INCREMENT=20 DEFAULT CHARSET=utf8;
/*!40101 SET character_set_client = @saved_cs_client */;

--
-- Dumping data for table `ecs_weixin_menu`
--

LOCK TABLES `ecs_weixin_menu` WRITE;
/*!40000 ALTER TABLE `ecs_weixin_menu` DISABLE KEYS */;
INSERT INTO `ecs_weixin_menu` VALUES (1,0,'微商城',1,'',100),(3,0,'会员',1,'',99),(4,0,'更多',1,'',0),(5,1,'精品推荐',1,'best',0),(7,1,'最新商品',1,'new',1),(8,1,'热门商品',1,'hot',3),(9,1,'商城首页',2,'http://danshanghu.68ecshop.com/mobile/weixin/oauth.php?id={id}&oid=1',12),(10,1,'品牌',2,'http://danshanghu.68ecshop.com/mobile/weixin/oauth.php?id={id}&oid=2',10),(11,3,'绑定会员',1,'bdhy',2),(12,3,'订单查询',1,'ddcx',3),(13,3,'解除绑定',1,'jcbd',1),(14,3,'个人信息',1,'info',4),(15,4,'今日签到',1,'qd',1),(16,4,'微客服',1,'kf',2),(17,4,'砸金蛋',3,'article_36',3),(18,4,'大转盘',3,'article_37',5),(19,4,'刮一刮',3,'article_40',4);
/*!40000 ALTER TABLE `ecs_weixin_menu` ENABLE KEYS */;
UNLOCK TABLES;

--
-- Table structure for table `ecs_weixin_msg`
--

DROP TABLE IF EXISTS `ecs_weixin_msg`;
/*!40101 SET @saved_cs_client     = @@character_set_client */;
/*!40101 SET character_set_client = utf8 */;
CREATE TABLE `ecs_weixin_msg` (
  `msgid` int(11) NOT NULL AUTO_INCREMENT,
  `uid` int(11) NOT NULL,
  `fake_id` varchar(32) NOT NULL,
  `content` text NOT NULL,
  `type` varchar(20) NOT NULL,
  `createtime` int(11) NOT NULL,
  `createymd` date NOT NULL,
  PRIMARY KEY (`msgid`),
  KEY `uid` (`uid`),
  KEY `createymd` (`createymd`),
  KEY `fake_id` (`fake_id`)
) ENGINE=MyISAM DEFAULT CHARSET=utf8;
/*!40101 SET character_set_client = @saved_cs_client */;

--
-- Dumping data for table `ecs_weixin_msg`
--

LOCK TABLES `ecs_weixin_msg` WRITE;
/*!40000 ALTER TABLE `ecs_weixin_msg` DISABLE KEYS */;
/*!40000 ALTER TABLE `ecs_weixin_msg` ENABLE KEYS */;
UNLOCK TABLES;

--
-- Table structure for table `ecs_weixin_oauth`
--

DROP TABLE IF EXISTS `ecs_weixin_oauth`;
/*!40101 SET @saved_cs_client     = @@character_set_client */;
/*!40101 SET character_set_client = utf8 */;
CREATE TABLE `ecs_weixin_oauth` (
  `oid` int(11) NOT NULL AUTO_INCREMENT,
  `weburl` varchar(200) NOT NULL,
  `click` int(11) NOT NULL,
  `id` int(11) NOT NULL COMMENT '分站ID',
  PRIMARY KEY (`oid`)
) ENGINE=MyISAM AUTO_INCREMENT=3 DEFAULT CHARSET=utf8;
/*!40101 SET character_set_client = @saved_cs_client */;

--
-- Dumping data for table `ecs_weixin_oauth`
--

LOCK TABLES `ecs_weixin_oauth` WRITE;
/*!40000 ALTER TABLE `ecs_weixin_oauth` DISABLE KEYS */;
INSERT INTO `ecs_weixin_oauth` VALUES (1,'http://danshanghu.68ecshop.com/mobile/index.php',144,0),(2,'http://danshanghu.68ecshop.com/mobile/brand.php',20,0);
/*!40000 ALTER TABLE `ecs_weixin_oauth` ENABLE KEYS */;
UNLOCK TABLES;

--
-- Table structure for table `ecs_weixin_paylog`
--

DROP TABLE IF EXISTS `ecs_weixin_paylog`;
/*!40101 SET @saved_cs_client     = @@character_set_client */;
/*!40101 SET character_set_client = utf8 */;
CREATE TABLE `ecs_weixin_paylog` (
  `lid` int(11) NOT NULL AUTO_INCREMENT,
  `log` text NOT NULL,
  `type` int(11) NOT NULL,
  PRIMARY KEY (`lid`)
) ENGINE=MyISAM DEFAULT CHARSET=utf8;
/*!40101 SET character_set_client = @saved_cs_client */;

--
-- Dumping data for table `ecs_weixin_paylog`
--

LOCK TABLES `ecs_weixin_paylog` WRITE;
/*!40000 ALTER TABLE `ecs_weixin_paylog` DISABLE KEYS */;
/*!40000 ALTER TABLE `ecs_weixin_paylog` ENABLE KEYS */;
UNLOCK TABLES;

--
-- Table structure for table `ecs_weixin_qcode`
--

DROP TABLE IF EXISTS `ecs_weixin_qcode`;
/*!40101 SET @saved_cs_client     = @@character_set_client */;
/*!40101 SET character_set_client = utf8 */;
CREATE TABLE `ecs_weixin_qcode` (
  `id` int(11) NOT NULL AUTO_INCREMENT,
  `type` tinyint(4) NOT NULL,
  `content` varchar(100) NOT NULL,
  `qcode` varchar(200) NOT NULL,
  PRIMARY KEY (`id`)
) ENGINE=MyISAM AUTO_INCREMENT=4 DEFAULT CHARSET=utf8;
/*!40101 SET character_set_client = @saved_cs_client */;

--
-- Dumping data for table `ecs_weixin_qcode`
--

LOCK TABLES `ecs_weixin_qcode` WRITE;
/*!40000 ALTER TABLE `ecs_weixin_qcode` DISABLE KEYS */;
INSERT INTO `ecs_weixin_qcode` VALUES (1,1,'567','gQHd8DoAAAAAAAAAASxodHRwOi8vd2VpeGluLnFxLmNvbS9xLzZFejM0cERsRmkxdmV4VEk3R0NsAAIE+88aUwMEAAAAAA=='),(2,2,'1','gQFX8DoAAAAAAAAAASxodHRwOi8vd2VpeGluLnFxLmNvbS9xL0YwenV1WDdsSEMxbE1ldUE5V0NsAAIEVdAaUwMEAAAAAA=='),(3,1,'567','gQFz8DoAAAAAAAAAASxodHRwOi8vd2VpeGluLnFxLmNvbS9xL1RrejJCczNsR2kxalpMSWg3V0NsAAIELOMaUwMEAAAAAA==');
/*!40000 ALTER TABLE `ecs_weixin_qcode` ENABLE KEYS */;
UNLOCK TABLES;

--
-- Table structure for table `ecs_weixin_sign`
--

DROP TABLE IF EXISTS `ecs_weixin_sign`;
/*!40101 SET @saved_cs_client     = @@character_set_client */;
/*!40101 SET character_set_client = utf8 */;
CREATE TABLE `ecs_weixin_sign` (
  `sid` int(11) NOT NULL AUTO_INCREMENT,
  `wxid` int(11) NOT NULL,
  `signtime` int(11) NOT NULL,
  `signymd` date NOT NULL,
  PRIMARY KEY (`sid`),
  UNIQUE KEY `wxid` (`wxid`,`signymd`)
) ENGINE=MyISAM DEFAULT CHARSET=utf8;
/*!40101 SET character_set_client = @saved_cs_client */;

--
-- Dumping data for table `ecs_weixin_sign`
--

LOCK TABLES `ecs_weixin_sign` WRITE;
/*!40000 ALTER TABLE `ecs_weixin_sign` DISABLE KEYS */;
/*!40000 ALTER TABLE `ecs_weixin_sign` ENABLE KEYS */;
UNLOCK TABLES;

--
-- Table structure for table `ecs_weixin_signconf`
--

DROP TABLE IF EXISTS `ecs_weixin_signconf`;
/*!40101 SET @saved_cs_client     = @@character_set_client */;
/*!40101 SET character_set_client = utf8 */;
CREATE TABLE `ecs_weixin_signconf` (
  `cid` int(11) NOT NULL AUTO_INCREMENT,
  `startymd` date NOT NULL,
  `endymd` date NOT NULL,
  `num` int(11) NOT NULL,
  `bignum` int(11) NOT NULL,
  `addnum` int(11) NOT NULL,
  PRIMARY KEY (`cid`)
) ENGINE=MyISAM DEFAULT CHARSET=utf8;
/*!40101 SET character_set_client = @saved_cs_client */;

--
-- Dumping data for table `ecs_weixin_signconf`
--

LOCK TABLES `ecs_weixin_signconf` WRITE;
/*!40000 ALTER TABLE `ecs_weixin_signconf` DISABLE KEYS */;
/*!40000 ALTER TABLE `ecs_weixin_signconf` ENABLE KEYS */;
UNLOCK TABLES;

--
-- Table structure for table `ecs_weixin_user`
--

DROP TABLE IF EXISTS `ecs_weixin_user`;
/*!40101 SET @saved_cs_client     = @@character_set_client */;
/*!40101 SET character_set_client = utf8 */;
CREATE TABLE `ecs_weixin_user` (
  `uid` int(11) NOT NULL AUTO_INCREMENT,
  `ecuid` int(11) NOT NULL COMMENT '绑定用户ID',
  `fake_id` varchar(32) NOT NULL,
  `createtime` int(11) NOT NULL,
  `createymd` date NOT NULL,
  `isfollow` tinyint(1) NOT NULL,
  `nickname` varchar(32) NOT NULL,
  `sex` tinyint(1) NOT NULL,
  `headimgurl` varchar(200) NOT NULL,
  `country` varchar(20) NOT NULL,
  `province` varchar(20) NOT NULL,
  `city` varchar(20) NOT NULL,
  `sign_num` int(11) NOT NULL COMMENT '连续签到次数',
  `access_token` varchar(40) NOT NULL COMMENT 'token',
  `expire_in` int(11) NOT NULL COMMENT 'token到期时间',
  `from_id` int(11) NOT NULL,
  `Latitude` varchar(32) NOT NULL,
  `Longitude` varchar(32) NOT NULL,
  `Precision` varchar(32) NOT NULL,
  PRIMARY KEY (`uid`),
  UNIQUE KEY `fake_id` (`fake_id`),
  KEY `ecuid` (`ecuid`),
  KEY `from_id` (`from_id`)
) ENGINE=MyISAM DEFAULT CHARSET=utf8;
/*!40101 SET character_set_client = @saved_cs_client */;

--
-- Dumping data for table `ecs_weixin_user`
--

LOCK TABLES `ecs_weixin_user` WRITE;
/*!40000 ALTER TABLE `ecs_weixin_user` DISABLE KEYS */;
/*!40000 ALTER TABLE `ecs_weixin_user` ENABLE KEYS */;
UNLOCK TABLES;

--
-- Table structure for table `ecs_wholesale`
--

DROP TABLE IF EXISTS `ecs_wholesale`;
/*!40101 SET @saved_cs_client     = @@character_set_client */;
/*!40101 SET character_set_client = utf8 */;
CREATE TABLE `ecs_wholesale` (
  `act_id` mediumint(8) unsigned NOT NULL AUTO_INCREMENT,
  `goods_id` mediumint(8) unsigned NOT NULL,
  `goods_name` varchar(255) NOT NULL,
  `rank_ids` varchar(255) NOT NULL,
  `prices` text NOT NULL,
  `enabled` tinyint(3) unsigned NOT NULL,
  PRIMARY KEY (`act_id`),
  KEY `goods_id` (`goods_id`)
) ENGINE=MyISAM DEFAULT CHARSET=utf8;
/*!40101 SET character_set_client = @saved_cs_client */;

--
-- Dumping data for table `ecs_wholesale`
--

LOCK TABLES `ecs_wholesale` WRITE;
/*!40000 ALTER TABLE `ecs_wholesale` DISABLE KEYS */;
/*!40000 ALTER TABLE `ecs_wholesale` ENABLE KEYS */;
UNLOCK TABLES;

--
-- Table structure for table `ofextcomponentconf`
--

DROP TABLE IF EXISTS `ofextcomponentconf`;
/*!40101 SET @saved_cs_client     = @@character_set_client */;
/*!40101 SET character_set_client = utf8 */;
CREATE TABLE `ofextcomponentconf` (
  `subdomain` varchar(255) NOT NULL,
  `wildcard` tinyint(4) NOT NULL,
  `secret` varchar(255) DEFAULT NULL,
  `permission` varchar(10) NOT NULL,
  PRIMARY KEY (`subdomain`)
) ENGINE=MyISAM DEFAULT CHARSET=gbk;
/*!40101 SET character_set_client = @saved_cs_client */;

--
-- Dumping data for table `ofextcomponentconf`
--

LOCK TABLES `ofextcomponentconf` WRITE;
/*!40000 ALTER TABLE `ofextcomponentconf` DISABLE KEYS */;
/*!40000 ALTER TABLE `ofextcomponentconf` ENABLE KEYS */;
UNLOCK TABLES;

--
-- Table structure for table `ofgroup`
--

DROP TABLE IF EXISTS `ofgroup`;
/*!40101 SET @saved_cs_client     = @@character_set_client */;
/*!40101 SET character_set_client = utf8 */;
CREATE TABLE `ofgroup` (
  `groupName` varchar(50) NOT NULL,
  `description` varchar(255) DEFAULT NULL,
  PRIMARY KEY (`groupName`)
) ENGINE=MyISAM DEFAULT CHARSET=gbk;
/*!40101 SET character_set_client = @saved_cs_client */;

--
-- Dumping data for table `ofgroup`
--

LOCK TABLES `ofgroup` WRITE;
/*!40000 ALTER TABLE `ofgroup` DISABLE KEYS */;
/*!40000 ALTER TABLE `ofgroup` ENABLE KEYS */;
UNLOCK TABLES;

--
-- Table structure for table `ofgroupprop`
--

DROP TABLE IF EXISTS `ofgroupprop`;
/*!40101 SET @saved_cs_client     = @@character_set_client */;
/*!40101 SET character_set_client = utf8 */;
CREATE TABLE `ofgroupprop` (
  `groupName` varchar(50) NOT NULL,
  `name` varchar(100) NOT NULL,
  `propValue` text NOT NULL,
  PRIMARY KEY (`groupName`,`name`)
) ENGINE=MyISAM DEFAULT CHARSET=gbk;
/*!40101 SET character_set_client = @saved_cs_client */;

--
-- Dumping data for table `ofgroupprop`
--

LOCK TABLES `ofgroupprop` WRITE;
/*!40000 ALTER TABLE `ofgroupprop` DISABLE KEYS */;
/*!40000 ALTER TABLE `ofgroupprop` ENABLE KEYS */;
UNLOCK TABLES;

--
-- Table structure for table `ofgroupuser`
--

DROP TABLE IF EXISTS `ofgroupuser`;
/*!40101 SET @saved_cs_client     = @@character_set_client */;
/*!40101 SET character_set_client = utf8 */;
CREATE TABLE `ofgroupuser` (
  `groupName` varchar(50) NOT NULL,
  `username` varchar(100) NOT NULL,
  `administrator` tinyint(4) NOT NULL,
  PRIMARY KEY (`groupName`,`username`,`administrator`)
) ENGINE=MyISAM DEFAULT CHARSET=gbk;
/*!40101 SET character_set_client = @saved_cs_client */;

--
-- Dumping data for table `ofgroupuser`
--

LOCK TABLES `ofgroupuser` WRITE;
/*!40000 ALTER TABLE `ofgroupuser` DISABLE KEYS */;
/*!40000 ALTER TABLE `ofgroupuser` ENABLE KEYS */;
UNLOCK TABLES;

--
-- Table structure for table `ofid`
--

DROP TABLE IF EXISTS `ofid`;
/*!40101 SET @saved_cs_client     = @@character_set_client */;
/*!40101 SET character_set_client = utf8 */;
CREATE TABLE `ofid` (
  `idType` int(11) NOT NULL,
  `id` bigint(20) NOT NULL,
  PRIMARY KEY (`idType`)
) ENGINE=MyISAM DEFAULT CHARSET=gbk;
/*!40101 SET character_set_client = @saved_cs_client */;

--
-- Dumping data for table `ofid`
--

LOCK TABLES `ofid` WRITE;
/*!40000 ALTER TABLE `ofid` DISABLE KEYS */;
INSERT INTO `ofid` VALUES (18,1),(19,1),(23,1),(26,2),(25,2);
/*!40000 ALTER TABLE `ofid` ENABLE KEYS */;
UNLOCK TABLES;

--
-- Table structure for table `ofmucaffiliation`
--

DROP TABLE IF EXISTS `ofmucaffiliation`;
/*!40101 SET @saved_cs_client     = @@character_set_client */;
/*!40101 SET character_set_client = utf8 */;
CREATE TABLE `ofmucaffiliation` (
  `roomID` bigint(20) NOT NULL,
  `jid` text NOT NULL,
  `affiliation` tinyint(4) NOT NULL,
  PRIMARY KEY (`roomID`,`jid`(70))
) ENGINE=MyISAM DEFAULT CHARSET=gbk;
/*!40101 SET character_set_client = @saved_cs_client */;

--
-- Dumping data for table `ofmucaffiliation`
--

LOCK TABLES `ofmucaffiliation` WRITE;
/*!40000 ALTER TABLE `ofmucaffiliation` DISABLE KEYS */;
/*!40000 ALTER TABLE `ofmucaffiliation` ENABLE KEYS */;
UNLOCK TABLES;

--
-- Table structure for table `ofmucconversationlog`
--

DROP TABLE IF EXISTS `ofmucconversationlog`;
/*!40101 SET @saved_cs_client     = @@character_set_client */;
/*!40101 SET character_set_client = utf8 */;
CREATE TABLE `ofmucconversationlog` (
  `roomID` bigint(20) NOT NULL,
  `sender` text NOT NULL,
  `nickname` varchar(255) DEFAULT NULL,
  `logTime` char(15) NOT NULL,
  `subject` varchar(255) DEFAULT NULL,
  `body` text,
  KEY `ofMucConversationLog_time_idx` (`logTime`)
) ENGINE=MyISAM DEFAULT CHARSET=gbk;
/*!40101 SET character_set_client = @saved_cs_client */;

--
-- Dumping data for table `ofmucconversationlog`
--

LOCK TABLES `ofmucconversationlog` WRITE;
/*!40000 ALTER TABLE `ofmucconversationlog` DISABLE KEYS */;
/*!40000 ALTER TABLE `ofmucconversationlog` ENABLE KEYS */;
UNLOCK TABLES;

--
-- Table structure for table `ofmucmember`
--

DROP TABLE IF EXISTS `ofmucmember`;
/*!40101 SET @saved_cs_client     = @@character_set_client */;
/*!40101 SET character_set_client = utf8 */;
CREATE TABLE `ofmucmember` (
  `roomID` bigint(20) NOT NULL,
  `jid` text NOT NULL,
  `nickname` varchar(255) DEFAULT NULL,
  `firstName` varchar(100) DEFAULT NULL,
  `lastName` varchar(100) DEFAULT NULL,
  `url` varchar(100) DEFAULT NULL,
  `email` varchar(100) DEFAULT NULL,
  `faqentry` varchar(100) DEFAULT NULL,
  PRIMARY KEY (`roomID`,`jid`(70))
) ENGINE=MyISAM DEFAULT CHARSET=gbk;
/*!40101 SET character_set_client = @saved_cs_client */;

--
-- Dumping data for table `ofmucmember`
--

LOCK TABLES `ofmucmember` WRITE;
/*!40000 ALTER TABLE `ofmucmember` DISABLE KEYS */;
/*!40000 ALTER TABLE `ofmucmember` ENABLE KEYS */;
UNLOCK TABLES;

--
-- Table structure for table `ofmucroom`
--

DROP TABLE IF EXISTS `ofmucroom`;
/*!40101 SET @saved_cs_client     = @@character_set_client */;
/*!40101 SET character_set_client = utf8 */;
CREATE TABLE `ofmucroom` (
  `serviceID` bigint(20) NOT NULL,
  `roomID` bigint(20) NOT NULL,
  `creationDate` char(15) NOT NULL,
  `modificationDate` char(15) NOT NULL,
  `name` varchar(50) NOT NULL,
  `naturalName` varchar(255) NOT NULL,
  `description` varchar(255) DEFAULT NULL,
  `lockedDate` char(15) NOT NULL,
  `emptyDate` char(15) DEFAULT NULL,
  `canChangeSubject` tinyint(4) NOT NULL,
  `maxUsers` int(11) NOT NULL,
  `publicRoom` tinyint(4) NOT NULL,
  `moderated` tinyint(4) NOT NULL,
  `membersOnly` tinyint(4) NOT NULL,
  `canInvite` tinyint(4) NOT NULL,
  `roomPassword` varchar(50) DEFAULT NULL,
  `canDiscoverJID` tinyint(4) NOT NULL,
  `logEnabled` tinyint(4) NOT NULL,
  `subject` varchar(100) DEFAULT NULL,
  `rolesToBroadcast` tinyint(4) NOT NULL,
  `useReservedNick` tinyint(4) NOT NULL,
  `canChangeNick` tinyint(4) NOT NULL,
  `canRegister` tinyint(4) NOT NULL,
  PRIMARY KEY (`serviceID`,`name`),
  KEY `ofMucRoom_roomid_idx` (`roomID`),
  KEY `ofMucRoom_serviceid_idx` (`serviceID`)
) ENGINE=MyISAM DEFAULT CHARSET=gbk;
/*!40101 SET character_set_client = @saved_cs_client */;

--
-- Dumping data for table `ofmucroom`
--

LOCK TABLES `ofmucroom` WRITE;
/*!40000 ALTER TABLE `ofmucroom` DISABLE KEYS */;
/*!40000 ALTER TABLE `ofmucroom` ENABLE KEYS */;
UNLOCK TABLES;

--
-- Table structure for table `ofmucroomprop`
--

DROP TABLE IF EXISTS `ofmucroomprop`;
/*!40101 SET @saved_cs_client     = @@character_set_client */;
/*!40101 SET character_set_client = utf8 */;
CREATE TABLE `ofmucroomprop` (
  `roomID` bigint(20) NOT NULL,
  `name` varchar(100) NOT NULL,
  `propValue` text NOT NULL,
  PRIMARY KEY (`roomID`,`name`)
) ENGINE=MyISAM DEFAULT CHARSET=gbk;
/*!40101 SET character_set_client = @saved_cs_client */;

--
-- Dumping data for table `ofmucroomprop`
--

LOCK TABLES `ofmucroomprop` WRITE;
/*!40000 ALTER TABLE `ofmucroomprop` DISABLE KEYS */;
/*!40000 ALTER TABLE `ofmucroomprop` ENABLE KEYS */;
UNLOCK TABLES;

--
-- Table structure for table `ofmucservice`
--

DROP TABLE IF EXISTS `ofmucservice`;
/*!40101 SET @saved_cs_client     = @@character_set_client */;
/*!40101 SET character_set_client = utf8 */;
CREATE TABLE `ofmucservice` (
  `serviceID` bigint(20) NOT NULL,
  `subdomain` varchar(255) NOT NULL,
  `description` varchar(255) DEFAULT NULL,
  `isHidden` tinyint(4) NOT NULL,
  PRIMARY KEY (`subdomain`),
  KEY `ofMucService_serviceid_idx` (`serviceID`)
) ENGINE=MyISAM DEFAULT CHARSET=gbk;
/*!40101 SET character_set_client = @saved_cs_client */;

--
-- Dumping data for table `ofmucservice`
--

LOCK TABLES `ofmucservice` WRITE;
/*!40000 ALTER TABLE `ofmucservice` DISABLE KEYS */;
INSERT INTO `ofmucservice` VALUES (1,'conference',NULL,0);
/*!40000 ALTER TABLE `ofmucservice` ENABLE KEYS */;
UNLOCK TABLES;

--
-- Table structure for table `ofmucserviceprop`
--

DROP TABLE IF EXISTS `ofmucserviceprop`;
/*!40101 SET @saved_cs_client     = @@character_set_client */;
/*!40101 SET character_set_client = utf8 */;
CREATE TABLE `ofmucserviceprop` (
  `serviceID` bigint(20) NOT NULL,
  `name` varchar(100) NOT NULL,
  `propValue` text NOT NULL,
  PRIMARY KEY (`serviceID`,`name`)
) ENGINE=MyISAM DEFAULT CHARSET=gbk;
/*!40101 SET character_set_client = @saved_cs_client */;

--
-- Dumping data for table `ofmucserviceprop`
--

LOCK TABLES `ofmucserviceprop` WRITE;
/*!40000 ALTER TABLE `ofmucserviceprop` DISABLE KEYS */;
/*!40000 ALTER TABLE `ofmucserviceprop` ENABLE KEYS */;
UNLOCK TABLES;

--
-- Table structure for table `ofoffline`
--

DROP TABLE IF EXISTS `ofoffline`;
/*!40101 SET @saved_cs_client     = @@character_set_client */;
/*!40101 SET character_set_client = utf8 */;
CREATE TABLE `ofoffline` (
  `username` varchar(64) NOT NULL,
  `messageID` bigint(20) NOT NULL,
  `creationDate` char(15) NOT NULL,
  `messageSize` int(11) NOT NULL,
  `stanza` text NOT NULL,
  PRIMARY KEY (`username`,`messageID`)
) ENGINE=MyISAM DEFAULT CHARSET=gbk;
/*!40101 SET character_set_client = @saved_cs_client */;

--
-- Dumping data for table `ofoffline`
--

LOCK TABLES `ofoffline` WRITE;
/*!40000 ALTER TABLE `ofoffline` DISABLE KEYS */;
/*!40000 ALTER TABLE `ofoffline` ENABLE KEYS */;
UNLOCK TABLES;

--
-- Table structure for table `ofpresence`
--

DROP TABLE IF EXISTS `ofpresence`;
/*!40101 SET @saved_cs_client     = @@character_set_client */;
/*!40101 SET character_set_client = utf8 */;
CREATE TABLE `ofpresence` (
  `username` varchar(64) NOT NULL,
  `offlinePresence` text,
  `offlineDate` char(15) NOT NULL,
  PRIMARY KEY (`username`)
) ENGINE=MyISAM DEFAULT CHARSET=gbk;
/*!40101 SET character_set_client = @saved_cs_client */;

--
-- Dumping data for table `ofpresence`
--

LOCK TABLES `ofpresence` WRITE;
/*!40000 ALTER TABLE `ofpresence` DISABLE KEYS */;
INSERT INTO `ofpresence` VALUES ('test',NULL,'001443977996309');
/*!40000 ALTER TABLE `ofpresence` ENABLE KEYS */;
UNLOCK TABLES;

--
-- Table structure for table `ofprivacylist`
--

DROP TABLE IF EXISTS `ofprivacylist`;
/*!40101 SET @saved_cs_client     = @@character_set_client */;
/*!40101 SET character_set_client = utf8 */;
CREATE TABLE `ofprivacylist` (
  `username` varchar(64) NOT NULL,
  `name` varchar(100) NOT NULL,
  `isDefault` tinyint(4) NOT NULL,
  `list` text NOT NULL,
  PRIMARY KEY (`username`,`name`),
  KEY `ofPrivacyList_default_idx` (`username`,`isDefault`)
) ENGINE=MyISAM DEFAULT CHARSET=gbk;
/*!40101 SET character_set_client = @saved_cs_client */;

--
-- Dumping data for table `ofprivacylist`
--

LOCK TABLES `ofprivacylist` WRITE;
/*!40000 ALTER TABLE `ofprivacylist` DISABLE KEYS */;
/*!40000 ALTER TABLE `ofprivacylist` ENABLE KEYS */;
UNLOCK TABLES;

--
-- Table structure for table `ofprivate`
--

DROP TABLE IF EXISTS `ofprivate`;
/*!40101 SET @saved_cs_client     = @@character_set_client */;
/*!40101 SET character_set_client = utf8 */;
CREATE TABLE `ofprivate` (
  `username` varchar(64) NOT NULL,
  `name` varchar(100) NOT NULL,
  `namespace` varchar(200) NOT NULL,
  `privateData` text NOT NULL,
  PRIMARY KEY (`username`,`name`,`namespace`(100))
) ENGINE=MyISAM DEFAULT CHARSET=gbk;
/*!40101 SET character_set_client = @saved_cs_client */;

--
-- Dumping data for table `ofprivate`
--

LOCK TABLES `ofprivate` WRITE;
/*!40000 ALTER TABLE `ofprivate` DISABLE KEYS */;
/*!40000 ALTER TABLE `ofprivate` ENABLE KEYS */;
UNLOCK TABLES;

--
-- Table structure for table `ofproperty`
--

DROP TABLE IF EXISTS `ofproperty`;
/*!40101 SET @saved_cs_client     = @@character_set_client */;
/*!40101 SET character_set_client = utf8 */;
CREATE TABLE `ofproperty` (
  `name` varchar(100) NOT NULL,
  `propValue` text NOT NULL,
  PRIMARY KEY (`name`)
) ENGINE=MyISAM DEFAULT CHARSET=gbk;
/*!40101 SET character_set_client = @saved_cs_client */;

--
-- Dumping data for table `ofproperty`
--

LOCK TABLES `ofproperty` WRITE;
/*!40000 ALTER TABLE `ofproperty` DISABLE KEYS */;
INSERT INTO `ofproperty` VALUES ('passwordKey','OlWlsLSc9P2r43d'),('xmpp.socket.ssl.active','true'),('xmpp.domain','www.taotao5.cn'),('provider.admin.className','org.jivesoftware.openfire.admin.DefaultAdminProvider'),('provider.lockout.className','org.jivesoftware.openfire.lockout.DefaultLockOutProvider'),('provider.user.className','org.jivesoftware.openfire.user.DefaultUserProvider'),('provider.auth.className','org.jivesoftware.openfire.auth.DefaultAuthProvider'),('xmpp.auth.anonymous','true'),('provider.group.className','org.jivesoftware.openfire.group.DefaultGroupProvider'),('provider.vcard.className','org.jivesoftware.openfire.vcard.DefaultVCardProvider'),('provider.securityAudit.className','org.jivesoftware.openfire.security.DefaultSecurityAuditProvider'),('adminConsole.port','9090'),('adminConsole.securePort','9091'),('locale','zh_CN'),('connectionProvider.className','org.jivesoftware.database.DefaultConnectionProvider'),('database.defaultProvider.driver','com.mysql.jdbc.Driver'),('database.defaultProvider.serverURL','jdbc:mysql://127.0.0.1:3306/xjdv4cs?rewriteBatchedStatements=true'),('database.defaultProvider.username','89499780b21036cf94499c6f6534bd693e13c81657dad498'),('database.defaultProvider.password','af49f727e870ce79bbb395dcdf7307ebb40632950c290b88fde7ed6819301112'),('database.defaultProvider.testSQL','select 1'),('database.defaultProvider.testBeforeUse','false'),('database.defaultProvider.testAfterUse','false'),('database.defaultProvider.minConnections','5'),('database.defaultProvider.maxConnections','25'),('database.defaultProvider.connectionTimeout','1.0'),('setup','true'),('xmpp.session.conflict-limit','0'),('update.lastCheck','1443975579309');
/*!40000 ALTER TABLE `ofproperty` ENABLE KEYS */;
UNLOCK TABLES;

--
-- Table structure for table `ofpubsubaffiliation`
--

DROP TABLE IF EXISTS `ofpubsubaffiliation`;
/*!40101 SET @saved_cs_client     = @@character_set_client */;
/*!40101 SET character_set_client = utf8 */;
CREATE TABLE `ofpubsubaffiliation` (
  `serviceID` varchar(100) NOT NULL,
  `nodeID` varchar(100) NOT NULL,
  `jid` varchar(255) NOT NULL,
  `affiliation` varchar(10) NOT NULL,
  PRIMARY KEY (`serviceID`,`nodeID`,`jid`(70))
) ENGINE=MyISAM DEFAULT CHARSET=gbk;
/*!40101 SET character_set_client = @saved_cs_client */;

--
-- Dumping data for table `ofpubsubaffiliation`
--

LOCK TABLES `ofpubsubaffiliation` WRITE;
/*!40000 ALTER TABLE `ofpubsubaffiliation` DISABLE KEYS */;
INSERT INTO `ofpubsubaffiliation` VALUES ('pubsub','','www.taotao5.cn','owner');
/*!40000 ALTER TABLE `ofpubsubaffiliation` ENABLE KEYS */;
UNLOCK TABLES;

--
-- Table structure for table `ofpubsubdefaultconf`
--

DROP TABLE IF EXISTS `ofpubsubdefaultconf`;
/*!40101 SET @saved_cs_client     = @@character_set_client */;
/*!40101 SET character_set_client = utf8 */;
CREATE TABLE `ofpubsubdefaultconf` (
  `serviceID` varchar(100) NOT NULL,
  `leaf` tinyint(4) NOT NULL,
  `deliverPayloads` tinyint(4) NOT NULL,
  `maxPayloadSize` int(11) NOT NULL,
  `persistItems` tinyint(4) NOT NULL,
  `maxItems` int(11) NOT NULL,
  `notifyConfigChanges` tinyint(4) NOT NULL,
  `notifyDelete` tinyint(4) NOT NULL,
  `notifyRetract` tinyint(4) NOT NULL,
  `presenceBased` tinyint(4) NOT NULL,
  `sendItemSubscribe` tinyint(4) NOT NULL,
  `publisherModel` varchar(15) NOT NULL,
  `subscriptionEnabled` tinyint(4) NOT NULL,
  `accessModel` varchar(10) NOT NULL,
  `language` varchar(255) DEFAULT NULL,
  `replyPolicy` varchar(15) DEFAULT NULL,
  `associationPolicy` varchar(15) NOT NULL,
  `maxLeafNodes` int(11) NOT NULL,
  PRIMARY KEY (`serviceID`,`leaf`)
) ENGINE=MyISAM DEFAULT CHARSET=gbk;
/*!40101 SET character_set_client = @saved_cs_client */;

--
-- Dumping data for table `ofpubsubdefaultconf`
--

LOCK TABLES `ofpubsubdefaultconf` WRITE;
/*!40000 ALTER TABLE `ofpubsubdefaultconf` DISABLE KEYS */;
INSERT INTO `ofpubsubdefaultconf` VALUES ('pubsub',1,1,5120,0,-1,1,1,1,0,1,'publishers',1,'open','English',NULL,'all',-1),('pubsub',0,0,0,0,0,1,1,1,0,0,'publishers',1,'open','English',NULL,'all',-1);
/*!40000 ALTER TABLE `ofpubsubdefaultconf` ENABLE KEYS */;
UNLOCK TABLES;

--
-- Table structure for table `ofpubsubitem`
--

DROP TABLE IF EXISTS `ofpubsubitem`;
/*!40101 SET @saved_cs_client     = @@character_set_client */;
/*!40101 SET character_set_client = utf8 */;
CREATE TABLE `ofpubsubitem` (
  `serviceID` varchar(100) NOT NULL,
  `nodeID` varchar(100) NOT NULL,
  `id` varchar(100) NOT NULL,
  `jid` varchar(255) NOT NULL,
  `creationDate` char(15) NOT NULL,
  `payload` mediumtext,
  PRIMARY KEY (`serviceID`,`nodeID`,`id`)
) ENGINE=MyISAM DEFAULT CHARSET=gbk;
/*!40101 SET character_set_client = @saved_cs_client */;

--
-- Dumping data for table `ofpubsubitem`
--

LOCK TABLES `ofpubsubitem` WRITE;
/*!40000 ALTER TABLE `ofpubsubitem` DISABLE KEYS */;
/*!40000 ALTER TABLE `ofpubsubitem` ENABLE KEYS */;
UNLOCK TABLES;

--
-- Table structure for table `ofpubsubnode`
--

DROP TABLE IF EXISTS `ofpubsubnode`;
/*!40101 SET @saved_cs_client     = @@character_set_client */;
/*!40101 SET character_set_client = utf8 */;
CREATE TABLE `ofpubsubnode` (
  `serviceID` varchar(100) NOT NULL,
  `nodeID` varchar(100) NOT NULL,
  `leaf` tinyint(4) NOT NULL,
  `creationDate` char(15) NOT NULL,
  `modificationDate` char(15) NOT NULL,
  `parent` varchar(100) DEFAULT NULL,
  `deliverPayloads` tinyint(4) NOT NULL,
  `maxPayloadSize` int(11) DEFAULT NULL,
  `persistItems` tinyint(4) DEFAULT NULL,
  `maxItems` int(11) DEFAULT NULL,
  `notifyConfigChanges` tinyint(4) NOT NULL,
  `notifyDelete` tinyint(4) NOT NULL,
  `notifyRetract` tinyint(4) NOT NULL,
  `presenceBased` tinyint(4) NOT NULL,
  `sendItemSubscribe` tinyint(4) NOT NULL,
  `publisherModel` varchar(15) NOT NULL,
  `subscriptionEnabled` tinyint(4) NOT NULL,
  `configSubscription` tinyint(4) NOT NULL,
  `accessModel` varchar(10) NOT NULL,
  `payloadType` varchar(100) DEFAULT NULL,
  `bodyXSLT` varchar(100) DEFAULT NULL,
  `dataformXSLT` varchar(100) DEFAULT NULL,
  `creator` varchar(255) NOT NULL,
  `description` varchar(255) DEFAULT NULL,
  `language` varchar(255) DEFAULT NULL,
  `name` varchar(50) DEFAULT NULL,
  `replyPolicy` varchar(15) DEFAULT NULL,
  `associationPolicy` varchar(15) DEFAULT NULL,
  `maxLeafNodes` int(11) DEFAULT NULL,
  PRIMARY KEY (`serviceID`,`nodeID`)
) ENGINE=MyISAM DEFAULT CHARSET=gbk;
/*!40101 SET character_set_client = @saved_cs_client */;

--
-- Dumping data for table `ofpubsubnode`
--

LOCK TABLES `ofpubsubnode` WRITE;
/*!40000 ALTER TABLE `ofpubsubnode` DISABLE KEYS */;
INSERT INTO `ofpubsubnode` VALUES ('pubsub','',0,'001443975541762','001443975541762',NULL,0,0,0,0,1,1,1,0,0,'publishers',1,0,'open','','','','www.taotao5.cn','','English','',NULL,'all',-1);
/*!40000 ALTER TABLE `ofpubsubnode` ENABLE KEYS */;
UNLOCK TABLES;

--
-- Table structure for table `ofpubsubnodegroups`
--

DROP TABLE IF EXISTS `ofpubsubnodegroups`;
/*!40101 SET @saved_cs_client     = @@character_set_client */;
/*!40101 SET character_set_client = utf8 */;
CREATE TABLE `ofpubsubnodegroups` (
  `serviceID` varchar(100) NOT NULL,
  `nodeID` varchar(100) NOT NULL,
  `rosterGroup` varchar(100) NOT NULL,
  KEY `ofPubsubNodeGroups_idx` (`serviceID`,`nodeID`)
) ENGINE=MyISAM DEFAULT CHARSET=gbk;
/*!40101 SET character_set_client = @saved_cs_client */;

--
-- Dumping data for table `ofpubsubnodegroups`
--

LOCK TABLES `ofpubsubnodegroups` WRITE;
/*!40000 ALTER TABLE `ofpubsubnodegroups` DISABLE KEYS */;
/*!40000 ALTER TABLE `ofpubsubnodegroups` ENABLE KEYS */;
UNLOCK TABLES;

--
-- Table structure for table `ofpubsubnodejids`
--

DROP TABLE IF EXISTS `ofpubsubnodejids`;
/*!40101 SET @saved_cs_client     = @@character_set_client */;
/*!40101 SET character_set_client = utf8 */;
CREATE TABLE `ofpubsubnodejids` (
  `serviceID` varchar(100) NOT NULL,
  `nodeID` varchar(100) NOT NULL,
  `jid` varchar(255) NOT NULL,
  `associationType` varchar(20) NOT NULL,
  PRIMARY KEY (`serviceID`,`nodeID`,`jid`(70))
) ENGINE=MyISAM DEFAULT CHARSET=gbk;
/*!40101 SET character_set_client = @saved_cs_client */;

--
-- Dumping data for table `ofpubsubnodejids`
--

LOCK TABLES `ofpubsubnodejids` WRITE;
/*!40000 ALTER TABLE `ofpubsubnodejids` DISABLE KEYS */;
/*!40000 ALTER TABLE `ofpubsubnodejids` ENABLE KEYS */;
UNLOCK TABLES;

--
-- Table structure for table `ofpubsubsubscription`
--

DROP TABLE IF EXISTS `ofpubsubsubscription`;
/*!40101 SET @saved_cs_client     = @@character_set_client */;
/*!40101 SET character_set_client = utf8 */;
CREATE TABLE `ofpubsubsubscription` (
  `serviceID` varchar(100) NOT NULL,
  `nodeID` varchar(100) NOT NULL,
  `id` varchar(100) NOT NULL,
  `jid` varchar(255) NOT NULL,
  `owner` varchar(255) NOT NULL,
  `state` varchar(15) NOT NULL,
  `deliver` tinyint(4) NOT NULL,
  `digest` tinyint(4) NOT NULL,
  `digest_frequency` int(11) NOT NULL,
  `expire` char(15) DEFAULT NULL,
  `includeBody` tinyint(4) NOT NULL,
  `showValues` varchar(30) DEFAULT NULL,
  `subscriptionType` varchar(10) NOT NULL,
  `subscriptionDepth` tinyint(4) NOT NULL,
  `keyword` varchar(200) DEFAULT NULL,
  PRIMARY KEY (`serviceID`,`nodeID`,`id`)
) ENGINE=MyISAM DEFAULT CHARSET=gbk;
/*!40101 SET character_set_client = @saved_cs_client */;

--
-- Dumping data for table `ofpubsubsubscription`
--

LOCK TABLES `ofpubsubsubscription` WRITE;
/*!40000 ALTER TABLE `ofpubsubsubscription` DISABLE KEYS */;
/*!40000 ALTER TABLE `ofpubsubsubscription` ENABLE KEYS */;
UNLOCK TABLES;

--
-- Table structure for table `ofremoteserverconf`
--

DROP TABLE IF EXISTS `ofremoteserverconf`;
/*!40101 SET @saved_cs_client     = @@character_set_client */;
/*!40101 SET character_set_client = utf8 */;
CREATE TABLE `ofremoteserverconf` (
  `xmppDomain` varchar(255) NOT NULL,
  `remotePort` int(11) DEFAULT NULL,
  `permission` varchar(10) NOT NULL,
  PRIMARY KEY (`xmppDomain`)
) ENGINE=MyISAM DEFAULT CHARSET=gbk;
/*!40101 SET character_set_client = @saved_cs_client */;

--
-- Dumping data for table `ofremoteserverconf`
--

LOCK TABLES `ofremoteserverconf` WRITE;
/*!40000 ALTER TABLE `ofremoteserverconf` DISABLE KEYS */;
/*!40000 ALTER TABLE `ofremoteserverconf` ENABLE KEYS */;
UNLOCK TABLES;

--
-- Table structure for table `ofroster`
--

DROP TABLE IF EXISTS `ofroster`;
/*!40101 SET @saved_cs_client     = @@character_set_client */;
/*!40101 SET character_set_client = utf8 */;
CREATE TABLE `ofroster` (
  `rosterID` bigint(20) NOT NULL,
  `username` varchar(64) NOT NULL,
  `jid` varchar(1024) NOT NULL,
  `sub` tinyint(4) NOT NULL,
  `ask` tinyint(4) NOT NULL,
  `recv` tinyint(4) NOT NULL,
  `nick` varchar(255) DEFAULT NULL,
  PRIMARY KEY (`rosterID`),
  KEY `ofRoster_unameid_idx` (`username`),
  KEY `ofRoster_jid_idx` (`jid`(255))
) ENGINE=MyISAM DEFAULT CHARSET=gbk;
/*!40101 SET character_set_client = @saved_cs_client */;

--
-- Dumping data for table `ofroster`
--

LOCK TABLES `ofroster` WRITE;
/*!40000 ALTER TABLE `ofroster` DISABLE KEYS */;
/*!40000 ALTER TABLE `ofroster` ENABLE KEYS */;
UNLOCK TABLES;

--
-- Table structure for table `ofrostergroups`
--

DROP TABLE IF EXISTS `ofrostergroups`;
/*!40101 SET @saved_cs_client     = @@character_set_client */;
/*!40101 SET character_set_client = utf8 */;
CREATE TABLE `ofrostergroups` (
  `rosterID` bigint(20) NOT NULL,
  `rank` tinyint(4) NOT NULL,
  `groupName` varchar(255) NOT NULL,
  PRIMARY KEY (`rosterID`,`rank`),
  KEY `ofRosterGroup_rosterid_idx` (`rosterID`)
) ENGINE=MyISAM DEFAULT CHARSET=gbk;
/*!40101 SET character_set_client = @saved_cs_client */;

--
-- Dumping data for table `ofrostergroups`
--

LOCK TABLES `ofrostergroups` WRITE;
/*!40000 ALTER TABLE `ofrostergroups` DISABLE KEYS */;
/*!40000 ALTER TABLE `ofrostergroups` ENABLE KEYS */;
UNLOCK TABLES;

--
-- Table structure for table `ofsaslauthorized`
--

DROP TABLE IF EXISTS `ofsaslauthorized`;
/*!40101 SET @saved_cs_client     = @@character_set_client */;
/*!40101 SET character_set_client = utf8 */;
CREATE TABLE `ofsaslauthorized` (
  `username` varchar(64) NOT NULL,
  `principal` text NOT NULL,
  PRIMARY KEY (`username`,`principal`(200))
) ENGINE=MyISAM DEFAULT CHARSET=gbk;
/*!40101 SET character_set_client = @saved_cs_client */;

--
-- Dumping data for table `ofsaslauthorized`
--

LOCK TABLES `ofsaslauthorized` WRITE;
/*!40000 ALTER TABLE `ofsaslauthorized` DISABLE KEYS */;
/*!40000 ALTER TABLE `ofsaslauthorized` ENABLE KEYS */;
UNLOCK TABLES;

--
-- Table structure for table `ofsecurityauditlog`
--

DROP TABLE IF EXISTS `ofsecurityauditlog`;
/*!40101 SET @saved_cs_client     = @@character_set_client */;
/*!40101 SET character_set_client = utf8 */;
CREATE TABLE `ofsecurityauditlog` (
  `msgID` bigint(20) NOT NULL,
  `username` varchar(64) NOT NULL,
  `entryStamp` bigint(20) NOT NULL,
  `summary` varchar(255) NOT NULL,
  `node` varchar(255) NOT NULL,
  `details` text,
  PRIMARY KEY (`msgID`),
  KEY `ofSecurityAuditLog_tstamp_idx` (`entryStamp`),
  KEY `ofSecurityAuditLog_uname_idx` (`username`)
) ENGINE=MyISAM DEFAULT CHARSET=gbk;
/*!40101 SET character_set_client = @saved_cs_client */;

--
-- Dumping data for table `ofsecurityauditlog`
--

LOCK TABLES `ofsecurityauditlog` WRITE;
/*!40000 ALTER TABLE `ofsecurityauditlog` DISABLE KEYS */;
INSERT INTO `ofsecurityauditlog` VALUES (1,'admin',1443975955278,'set password for user admin','chost',NULL);
/*!40000 ALTER TABLE `ofsecurityauditlog` ENABLE KEYS */;
UNLOCK TABLES;

--
-- Table structure for table `ofuser`
--

DROP TABLE IF EXISTS `ofuser`;
/*!40101 SET @saved_cs_client     = @@character_set_client */;
/*!40101 SET character_set_client = utf8 */;
CREATE TABLE `ofuser` (
  `username` varchar(64) NOT NULL,
  `plainPassword` varchar(32) DEFAULT NULL,
  `encryptedPassword` varchar(255) DEFAULT NULL,
  `name` varchar(100) DEFAULT NULL,
  `email` varchar(100) DEFAULT NULL,
  `creationDate` char(15) NOT NULL,
  `modificationDate` char(15) NOT NULL,
  PRIMARY KEY (`username`),
  KEY `ofUser_cDate_idx` (`creationDate`)
) ENGINE=MyISAM DEFAULT CHARSET=gbk;
/*!40101 SET character_set_client = @saved_cs_client */;

--
-- Dumping data for table `ofuser`
--

LOCK TABLES `ofuser` WRITE;
/*!40000 ALTER TABLE `ofuser` DISABLE KEYS */;
INSERT INTO `ofuser` VALUES ('admin',NULL,'ff01ee16f66de98455a730ef79676ae20b3968db511a32c914a9b8a924a592da','Administrator','admin@example.com','001443975536747','0'),('test',NULL,'a753ed4a8d86d97b20bd301679377b9700f02e1f6b66908b',NULL,NULL,'001443976424903','001443976424903');
/*!40000 ALTER TABLE `ofuser` ENABLE KEYS */;
UNLOCK TABLES;

--
-- Table structure for table `ofuserflag`
--

DROP TABLE IF EXISTS `ofuserflag`;
/*!40101 SET @saved_cs_client     = @@character_set_client */;
/*!40101 SET character_set_client = utf8 */;
CREATE TABLE `ofuserflag` (
  `username` varchar(64) NOT NULL,
  `name` varchar(100) NOT NULL,
  `startTime` char(15) DEFAULT NULL,
  `endTime` char(15) DEFAULT NULL,
  PRIMARY KEY (`username`,`name`),
  KEY `ofUserFlag_sTime_idx` (`startTime`),
  KEY `ofUserFlag_eTime_idx` (`endTime`)
) ENGINE=MyISAM DEFAULT CHARSET=gbk;
/*!40101 SET character_set_client = @saved_cs_client */;

--
-- Dumping data for table `ofuserflag`
--

LOCK TABLES `ofuserflag` WRITE;
/*!40000 ALTER TABLE `ofuserflag` DISABLE KEYS */;
/*!40000 ALTER TABLE `ofuserflag` ENABLE KEYS */;
UNLOCK TABLES;

--
-- Table structure for table `ofuserprop`
--

DROP TABLE IF EXISTS `ofuserprop`;
/*!40101 SET @saved_cs_client     = @@character_set_client */;
/*!40101 SET character_set_client = utf8 */;
CREATE TABLE `ofuserprop` (
  `username` varchar(64) NOT NULL,
  `name` varchar(100) NOT NULL,
  `propValue` text NOT NULL,
  PRIMARY KEY (`username`,`name`)
) ENGINE=MyISAM DEFAULT CHARSET=gbk;
/*!40101 SET character_set_client = @saved_cs_client */;

--
-- Dumping data for table `ofuserprop`
--

LOCK TABLES `ofuserprop` WRITE;
/*!40000 ALTER TABLE `ofuserprop` DISABLE KEYS */;
/*!40000 ALTER TABLE `ofuserprop` ENABLE KEYS */;
UNLOCK TABLES;

--
-- Table structure for table `ofvcard`
--

DROP TABLE IF EXISTS `ofvcard`;
/*!40101 SET @saved_cs_client     = @@character_set_client */;
/*!40101 SET character_set_client = utf8 */;
CREATE TABLE `ofvcard` (
  `username` varchar(64) NOT NULL,
  `vcard` mediumtext NOT NULL,
  PRIMARY KEY (`username`)
) ENGINE=MyISAM DEFAULT CHARSET=gbk;
/*!40101 SET character_set_client = @saved_cs_client */;

--
-- Dumping data for table `ofvcard`
--

LOCK TABLES `ofvcard` WRITE;
/*!40000 ALTER TABLE `ofvcard` DISABLE KEYS */;
/*!40000 ALTER TABLE `ofvcard` ENABLE KEYS */;
UNLOCK TABLES;

--
-- Table structure for table `ofversion`
--

DROP TABLE IF EXISTS `ofversion`;
/*!40101 SET @saved_cs_client     = @@character_set_client */;
/*!40101 SET character_set_client = utf8 */;
CREATE TABLE `ofversion` (
  `name` varchar(50) NOT NULL,
  `version` int(11) NOT NULL,
  PRIMARY KEY (`name`)
) ENGINE=MyISAM DEFAULT CHARSET=gbk;
/*!40101 SET character_set_client = @saved_cs_client */;

--
-- Dumping data for table `ofversion`
--

LOCK TABLES `ofversion` WRITE;
/*!40000 ALTER TABLE `ofversion` DISABLE KEYS */;
INSERT INTO `ofversion` VALUES ('openfire',21);
/*!40000 ALTER TABLE `ofversion` ENABLE KEYS */;
UNLOCK TABLES;

--
-- Dumping routines for database 'xiaojingdong'
--
/*!40103 SET TIME_ZONE=@OLD_TIME_ZONE */;

/*!40101 SET SQL_MODE=@OLD_SQL_MODE */;
/*!40014 SET FOREIGN_KEY_CHECKS=@OLD_FOREIGN_KEY_CHECKS */;
/*!40014 SET UNIQUE_CHECKS=@OLD_UNIQUE_CHECKS */;
/*!40101 SET CHARACTER_SET_CLIENT=@OLD_CHARACTER_SET_CLIENT */;
/*!40101 SET CHARACTER_SET_RESULTS=@OLD_CHARACTER_SET_RESULTS */;
/*!40101 SET COLLATION_CONNECTION=@OLD_COLLATION_CONNECTION */;
/*!40111 SET SQL_NOTES=@OLD_SQL_NOTES */;

-- Dump completed on 2016-05-08 22:12:58
